proteinID,gram
A0A023J3R2,1
A0A023MHA8,0
A0A023MHL5,0
A0A023NGE0,0
A0A023VTC7,0
A0A023W6J3,0
A0A023W6J8,0
A0A023W6P1,1
A0A023W6V3,1
A0A023W7C5,1
A0A023ZSL0,1
A0A023ZSL4,1
A0A023ZSM0,1
A0A023ZSM6,1
A0A023ZSN1,1
A0A023ZSN7,1
A0A023ZSP3,1
A0A023ZSP9,1
A0A023ZSQ3,1
A0A023ZSQ9,1
A0A023ZSY8,1
A0A023ZSZ4,1
A0A023ZSZ9,1
A0A023ZT04,1
A0A023ZT08,1
A0A023ZT14,1
A0A023ZT19,1
A0A023ZT24,1
A0A023ZT29,1
A0A023ZT33,1
A0A023ZT39,1
A0A023ZT58,1
A0A023ZT64,1
A0A023ZT70,1
A0A023ZT75,1
A0A023ZT81,1
A0A023ZT86,1
A0A023ZT90,1
A0A023ZT95,1
A0A023ZT99,1
A0A023ZTA5,1
A0A023ZTN0,1
A0A023ZTN4,1
A0A023ZTP0,1
A0A023ZTP6,1
A0A023ZTQ1,1
A0A023ZTQ6,1
A0A023ZTR2,1
A0A023ZTR9,1
A0A023ZTS5,1
A0A023ZTT1,1
A0A023ZU62,1
A0A023ZU68,1
A0A023ZU74,1
A0A023ZU79,1
A0A023ZU83,1
A0A023ZU85,0
A0A023ZU89,1
A0A023ZU91,0
A0A023ZU94,1
A0A023ZUA1,1
A0A023ZUA6,1
A0A023ZUB1,1
A0A023ZUK2,0
A0A023ZWD2,1
A0A023ZWN3,1
A0A023ZX36,0
A0A023ZXF1,1
A0A024AZX0,1
A0A024B030,1
A0A024B0U5,1
A0A024B1N9,1
A0A024B2H2,1
A0A024B3A4,1
A0A024B467,1
A0A059NT93,1
A0A059PAE0,1
A0A059PAE2,1
A0A059PAI9,1
A0A059PAL4,1
A0A059PAR2,1
A0A059PAX1,1
A0A059Q4E2,0
A0A059T5H8,1
A0A059T5J4,1
A0A059T6U5,1
A0A059T7M7,1
A0A059T7Q7,1
A0A059T7X1,1
A0A059T7Y8,1
A0A059T8F6,1
A0A059T8J1,1
A0A059T8T6,1
A0A059TAR3,1
A0A059VA40,0
A0A059VB09,1
A0A059VGR5,1
A0A059VJW5,0
A0A059VJX4,1
A0A059VKL5,1
A0A059WLJ5,0
A0A060AB53,1
A0A060AC40,1
A0A060AFE7,1
A0A060AHF9,1
A0A060AMM4,0
A0A060AMV8,0
A0A060AMY0,0
A0A060BDQ1,0
A0A060BHQ7,0
A0A060D1F2,0
A0A060DAL8,0
A0A060QRT9,1
A0A060RFI8,0
A0A067XGV1,1
A0A067XQI3,0
A0A067Y196,0
A0A067YW88,0
A0A067YXX6,0
A0A067YYB7,0
A0A067YYM0,0
A0A067ZJB6,0
A0A067ZJC4,0
A0A067ZJM5,0
A0A067ZKD5,0
A0A068A229,1
A0A068C6Y9,1
A0A068CAR6,1
A0A068CC96,0
A0A068CCC4,1
A0A068CCD7,1
A0A068CDE9,0
A0A068CH34,1
A0A068EP83,1
A0A068ETW6,1
A0A068F1N1,1
A0A068F265,1
A0A068F335,1
A0A068Q6B6,0
A0A068Q6I2,0
A0A068YG91,1
A0A075B8L0,0
A0A075BDQ5,1
A0A075BEM5,1
A0A075BF30,1
A0A075BS11,0
A0A075BS18,0
A0A075DXC4,0
A0A075DXC6,0
A0A075E0T5,0
A0A075KJD2,1
A0A075KJI2,1
A0A075KQK4,1
A0A075LZV3,1
A0A075M087,1
A0A075M344,0
A0A075TDW7,0
A0A076G3W6,1
A0A076G4M3,1
A0A076G560,1
A0A076G5I3,0
A0A076G6B5,0
A0A076G6J8,0
A0A076G6R1,1
A0A076G810,1
A0A076G858,1
A0A076GCX5,0
A0A076GE73,1
A0A076YI64,0
A0A076YI70,0
A0A076YJF9,1
A0A076YJT5,1
A0A076YK02,1
A0A076YKD5,1
A0A076YLE5,0
A0A076YLJ5,1
A0A076YLP0,1
A0A076YNF7,1
A0A076YNQ2,1
A0A076YNV9,0
A0A076YNW8,1
A0A076YPB7,1
A0A076YQC8,1
A0A077K808,0
A0A077KCE6,0
A0A077KYL8,0
A0A077SLF3,0
A0A088C3L3,0
A0A088C412,0
A0A088C463,0
A0A088C4F3,0
A0A088C4I6,0
A0A088C4T8,0
A0A088C516,0
A0A088CC28,0
A0A088CPU7,1
A0A088F675,1
A0A088F6M8,0
A0A088F6V6,0
A0A088F7M0,1
A0A088F8C4,0
A0A088F9V0,0
A0A088FAJ9,0
A0A088FB05,0
A0A088FB20,0
A0A088FB91,1
A0A088FBW1,0
A0A088FC03,0
A0A088FLK9,0
A0A088FNU9,1
A0A088FPL1,1
A0A088FRM7,1
A0A088FRS5,0
A0A088FRX7,1
A0A088FS33,0
A0A088FS36,1
A0A088FTD9,1
A0A088FTN0,1
A0A088FUQ2,1
A0A088FVH2,0
A0A088FVW8,1
A0A088FWP5,0
A0A090C9L7,1
A0A090D803,1
A0A090D823,1
A0A096P730,0
A0A096VKH0,0
A0A096VKT4,0
A0A096VL24,0
A0A096VL47,0
A0A096XEM2,0
A0A096XT38,1
A0A096XUY6,0
A0A096XV00,1
A0A096XV24,1
A0A096XV59,1
A0A096XVA7,1
A0A097BWY0,0
A0A097BWZ0,0
A0A097BXB5,1
A0A097BXK3,1
A0A097BXU1,1
A0A097BY70,1
A0A097BY89,1
A0A097BYL6,1
A0A097EVH7,1
A0A097EVK7,1
A0A097EW36,0
A0A097EW57,1
A0A097EWL8,1
A0A097EYN8,1
A0A097J0Z7,0
A0A097J142,0
A0A097J1Q8,0
A0A097J1R3,0
A0A097J2L3,0
A0A097J2M3,0
A0A097J388,0
A0A097J3G5,0
A0A097J444,0
A0A097J478,0
A0A097J4W4,0
A0A097J4X0,0
A0A097J5P1,0
A0A097J5Q0,0
A0A097J6F5,0
A0A097J6F6,0
A0A097J783,0
A0A097J792,0
A0A097J7Z5,0
A0A097J809,0
A0A097J8S9,0
A0A097J8T6,0
A0A097PAP8,0
A0A097PAT3,1
A0A097QQ33,1
A0A0A0P1Q4,0
A0A0A0PKS1,1
A0A0A0PLI4,1
A0A0A0PQA1,1
A0A0A0PUM0,1
A0A0A0PXE7,0
A0A0A0PXF4,0
A0A0A0Q2F3,0
A0A0A0Q3G3,0
A0A0A0Q4E0,1
A0A0A0RKF2,0
A0A0A0RKX1,1
A0A0A0RLD4,1
A0A0A0RLZ4,1
A0A0A0RMY8,1
A0A0A0RN22,1
A0A0A0RNJ7,1
A0A0A0RNQ7,1
A0A0A0RNZ5,1
A0A0A0RPG5,0
A0A0A0RPZ6,1
A0A0A0RQG1,1
A0A0A0RR05,0
A0A0A0RRL8,1
A0A0A0RSR8,1
A0A0A0RV08,1
A0A0A0RVT4,0
A0A0A0YP73,0
A0A0A0YS76,0
A0A0A0YSC3,1
A0A0A0YSJ1,0
A0A0A0YSS3,0
A0A0A0YUW7,0
A0A0A0YV41,1
A0A0A0YVH4,0
A0A0A0YWA6,0
A0A0A1EL78,1
A0A0A1ENI4,1
A0A0A1ERA5,1
A0A0A1I5L5,0
A0A0A1IU37,0
A0A0A1IUI8,0
A0A0A1IUP1,0
A0A0A1IUR9,0
A0A0A1IVD1,0
A0A0A1IVZ0,0
A0A0A1IW45,0
A0A0A1IWP6,0
A0A0A6Z5A7,0
A0A0A6ZK76,0
A0A0A7AQV3,1
A0A0A7CI10,1
A0A0A7DMK9,1
A0A0A7DN24,1
A0A0A7DVL4,0
A0A0A7H9Y7,0
A0A0A7HA56,0
A0A0A7HAM9,0
A0A0A7HAX7,0
A0A0A7HBN1,0
A0A0A7HC85,0
A0A0A7HC93,0
A0A0A7HCS4,0
A0A0A7HCY0,0
A0A0A7HDK6,1
A0A0A7HDR1,0
A0A0A7HDT9,0
A0A0A7HE01,0
A0A0A7HEH1,0
A0A0A7HEI1,0
A0A0A7HER1,1
A0A0A7HFX4,0
A0A0A7NRS1,0
A0A0A7NU10,1
A0A0A7RSH3,0
A0A0A7RSR5,0
A0A0A7RTE2,1
A0A0A7RTQ5,1
A0A0A7RU71,1
A0A0A7RUD5,1
A0A0A7RUJ1,1
A0A0A7RUN1,1
A0A0A7RUS8,1
A0A0A7RUU1,1
A0A0A7RV55,1
A0A0A7RV81,1
A0A0A7RVQ3,1
A0A0A7RW27,1
A0A0A7RWC1,1
A0A0A7RWZ0,1
A0A0A7S0M4,1
A0A0A7S1Y8,1
A0A0A7S2Q4,1
A0A0A7S349,1
A0A0A7TY81,0
A0A0A8IK88,0
A0A0A8J856,0
A0A0A8J8S6,0
A0A0A8KXD2,0
A0A0A8KXL2,0
A0A0A8KXN5,0
A0A0A8WE15,1
A0A0A8WEA8,1
A0A0A8WEZ4,1
A0A0A8WFX1,1
A0A0A8WHU0,1
A0A0A8WI59,1
A0A0A8WIC2,1
A0A0A8WIP6,1
A0A0A8WJ04,1
A0A0A8WJ99,1
A0A0B4L916,0
A0A0B4L9A9,0
A0A0B4MYW5,1
A0A0B4N1I9,0
A0A0B4N5U5,0
A0A0B4UHR3,0
A0A0B4ZXC2,0
A0A0B4ZZC7,0
A0A0B4ZZH2,0
A0A0B5A075,1
A0A0B5A0K7,1
A0A0B5A0U2,1
A0A0B5A2B2,1
A0A0B5A3P4,1
A0A0B5A4W2,1
A0A0B5A5A2,0
A0A0B5A693,1
A0A0B5A6N7,0
A0A0B5A6U7,0
A0A0B5A729,0
A0A0B5CTW5,1
A0A0B5D123,1
A0A0B5GYD7,0
A0A0B5H8S9,0
A0A0B5HA99,0
A0A0B5KND4,0
A0A0B5KNE7,0
A0A0B5KTF7,0
A0A0B5KTG2,0
A0A0B5KTG8,0
A0A0B5KZF8,0
A0A0B5KZG2,0
A0A0B5KZG5,0
A0A0B5L1J1,0
A0A0B5L5F7,0
A0A0B5L5G0,0
A0A0B5L5G7,0
A0A0B6VNQ0,0
A0A0B6VR25,0
A0A0B6VT10,0
A0A0B6VTU9,0
A0A0B7MRT1,0
A0A0B7MSQ4,0
A0A0C4K550,0
A0A0C4K626,0
A0A0C4UQU4,0
A0A0C4Y1Z9,0
A0A0C5AC42,1
A0A0C5AEW3,1
A0A0C5AFD4,1
A0A0C5AFG6,1
A0A0C5AFS6,0
A0A0C5AIN0,0
A0A0C5AJ66,1
A0A0C5AMR8,1
A0A0C5AMZ6,1
A0A0C5AN35,1
A0A0C5K6P4,1
A0A0C5KKZ6,1
A0A0C5PHX8,0
A0A0C5PS51,0
A0A0C5PVL1,0
A0A0C5Q3S9,0
A0A0D3MK08,1
A0A0D3MKG1,1
A0A0D3MSN1,1
A0A0D3MSS4,1
A0A0D3MUT0,1
A0A0D3MVN5,1
A0A0D3MVQ2,1
A0A0D3QHK9,0
A0A0D3QHM9,0
A0A0D4DAU1,0
A0A0D4DBF6,0
A0A0D4DBV7,1
A0A0D4DC08,0
A0A0D4DCJ5,0
A0A0D4DD04,1
A0A0D5BI97,0
A0A0E3D9B5,1
A0A0E3DEU5,1
A0A0E3DJI0,1
A0A0E3DJL6,1
A0A0E3DK66,1
A0A0E3DKC5,1
A0A0E3DKR2,1
A0A0E3DKY8,1
A0A0E3DL29,1
A0A0E3DLA2,1
A0A0E3DLA4,1
A0A0E3DLE7,1
A0A0E3DLE9,1
A0A0E3DLI9,1
A0A0E3DLJ0,1
A0A0E3DLJ1,1
A0A0E3DLJ8,1
A0A0E3DLK4,1
A0A0E3DLN5,1
A0A0E3DLN6,1
A0A0E3DLP8,1
A0A0E3DM53,1
A0A0E3DMA4,1
A0A0E3DMB4,1
A0A0E3DMD9,1
A0A0E3DMG9,1
A0A0E3DMJ0,1
A0A0E3DMK9,1
A0A0E3DMM6,1
A0A0E3DN21,1
A0A0E3DNS8,1
A0A0E3DP81,1
A0A0E3DPA1,1
A0A0E3DPB8,1
A0A0E3DPD7,1
A0A0E3DPF3,1
A0A0E3DPG9,1
A0A0E3EPI3,0
A0A0E3EQW1,0
A0A0E3F2G4,0
A0A0E3F3M8,0
A0A0E3F4W2,0
A0A0E3F6A4,0
A0A0E3F7G3,0
A0A0E3FAS1,0
A0A0E3FBF9,0
A0A0E3FDR5,0
A0A0E3FF86,0
A0A0E3FHR4,0
A0A0E3FK30,0
A0A0E3FK51,0
A0A0E3FMK6,0
A0A0E3FN03,0
A0A0E3FPJ6,0
A0A0E3FPV5,0
A0A0E3FR35,0
A0A0E3FSD0,0
A0A0E3G233,0
A0A0E3G3E5,0
A0A0E3G7M0,0
A0A0E3GMR0,0
A0A0E3HBI1,0
A0A0E3HBK9,0
A0A0E3HBP3,0
A0A0E3HCR0,0
A0A0E3HCU7,0
A0A0E3HD20,0
A0A0E3HD40,0
A0A0E3HES0,0
A0A0E3HGZ5,0
A0A0E3HIT9,0
A0A0E3HL41,0
A0A0E3HQI7,0
A0A0E3HS43,0
A0A0E3HT97,0
A0A0E3HVT9,0
A0A0E3HZ22,0
A0A0E3HZE4,0
A0A0E3I447,0
A0A0E3I5T3,0
A0A0E3I747,0
A0A0E3I800,0
A0A0E3I906,0
A0A0E3I9G4,0
A0A0E3I9S5,0
A0A0E3IAT3,0
A0A0E3JI96,0
A0A0E3JQE4,1
A0A0E3JQJ4,1
A0A0E3JT47,1
A0A0E3JTE2,0
A0A0E3M152,0
A0A0E3M4H9,0
A0A0E3T4W3,1
A0A0E3T611,1
A0A0E3T679,1
A0A0E3T6C0,1
A0A0E3T6F9,1
A0A0E3T6Y3,1
A0A0E3T7A8,1
A0A0E3T7X5,1
A0A0E3T822,1
A0A0E3TAN9,1
A0A0E3TBA5,1
A0A0E3X980,1
A0A0E3X9B3,1
A0A0E3X9U3,1
A0A0E3XA78,1
A0A0E3XAB7,1
A0A0E3XCC0,0
A0A0E3XCX3,1
A0A0E3Y6A6,0
A0A0E3Y6B0,0
A0A0E4BZI4,1
A0A0F6N3N1,1
A0A0F6N4K6,1
A0A0F6NY97,0
A0A0F6R5J7,0
A0A0F6R5Z1,0
A0A0F6R666,0
A0A0F6R6B1,0
A0A0F6R742,0
A0A0F6R748,0
A0A0F6R7P4,0
A0A0F6R7Z1,0
A0A0F6R884,0
A0A0F6R8C5,0
A0A0F6R8D1,0
A0A0F6R8M1,0
A0A0F6R9G3,0
A0A0F6SJF7,0
A0A0F6THI7,0
A0A0F6TIR9,0
A0A0F6TJD9,0
A0A0F6TJV1,0
A0A0F6TK04,0
A0A0F6TKN2,0
A0A0F6WBX9,0
A0A0F6WCZ4,0
A0A0F6WDH7,0
A0A0F6WE00,1
A0A0F6WE39,1
A0A0F6WE88,1
A0A0F6WEB0,1
A0A0F6WEB5,1
A0A0F6YPI2,0
A0A0F6YQE4,1
A0A0F6YQN9,1
A0A0F6YQU5,1
A0A0F6YQV5,0
A0A0F6YQY4,1
A0A0F6YRF6,0
A0A0F6YRS1,1
A0A0F7DD09,0
A0A0F7DDA4,1
A0A0F7IJV6,0
A0A0F7IJZ9,0
A0A0F7IL77,1
A0A0F7LBS0,0
A0A0F7LBY8,0
A0A0F7LDR8,0
A0A0G2SS69,0
A0A0G2SSI0,0
A0A0G2SSJ3,0
A0A0G2T5U2,0
A0A0G3EVH8,0
A0A0H3U310,1
A0A0H3U325,1
A0A0H3UCP7,0
A0A0H3V0Q8,1
A0A0H3YIB7,0
A0A0H4A794,0
A0A0H4IJ63,0
A0A0H4IJ80,0
A0A0H4IJL9,0
A0A0H4IK66,0
A0A0H4IKM9,0
A0A0H4IL65,0
A0A0H4ILA8,0
A0A0H4ILU0,0
A0A0H4IM32,1
A0A0H4IM74,1
A0A0H4IMK3,0
A0A0H4IN14,0
A0A0H4IN15,0
A0A0H4INF7,1
A0A0H4INS6,0
A0A0H4INX0,0
A0A0H4IP39,0
A0A0H4IP71,0
A0A0H4IPR9,0
A0A0H4IQ40,0
A0A0H4IQH6,1
A0A0H4IQY6,0
A0A0H4IRK2,1
A0A0H4IRN8,1
A0A0H4IS22,1
A0A0H4IS52,1
A0A0H4IS90,1
A0A0H4ISD2,1
A0A0H4ISM7,1
A0A0H4ISW9,0
A0A0H4IT24,0
A0A0H4ITG0,1
A0A0H4ITZ3,1
A0A0H4IU50,1
A0A0H4IYM7,0
A0A0H4IYY9,0
A0A0H4IZQ8,0
A0A0H4J0L5,1
A0A0H4J0X6,1
A0A0H4J3E2,0
A0A0H4MLB3,0
A0A0H4TFI6,1
A0A0H4TFT7,1
A0A0H4TFZ2,1
A0A0H4TGB9,1
A0A0H4TGP8,1
A0A0H4TH14,0
A0A0H4THJ6,1
A0A0H4TI64,1
A0A0H4TIV6,1
A0A0H4TJG1,0
A0A0H4TJR0,1
A0A0H4U066,0
A0A0H4U163,1
A0A0K0L8Z4,0
A0A0K0L9F9,0
A0A0K0MWD7,1
A0A0K0MWL2,1
A0A0K0MWR8,1
A0A0K0MX08,1
A0A0K0N570,1
A0A0K0N5D8,1
A0A0K0N5F1,1
A0A0K0N5N5,1
A0A0K0N5Q5,1
A0A0K0N611,1
A0A0K0N692,1
A0A0K0N6C3,1
A0A0K0N6L3,1
A0A0K0N6L5,1
A0A0K0N6L7,1
A0A0K0N739,1
A0A0K0N745,1
A0A0K0NKI0,1
A0A0K0NKU4,1
A0A0K0PVI5,0
A0A0K0QS04,0
A0A0K0QS09,0
A0A0K0VLG5,0
A0A0K1LIU2,1
A0A0K1LK07,0
A0A0K1LK41,0
A0A0K1LKD3,1
A0A0K1LKF3,0
A0A0K1LKR7,0
A0A0K1LL70,0
A0A0K1LLB0,0
A0A0K1LLQ9,1
A0A0K1LLX7,0
A0A0K1LLY2,0
A0A0K1LMD7,1
A0A0K1LML3,0
A0A0K1LMN3,0
A0A0K1LN56,0
A0A0K1LPG6,0
A0A0K1LPK8,0
A0A0K1LPP5,0
A0A0K1LQC3,0
A0A0K1LQK3,0
A0A0K1LRC2,0
A0A0K1LRP3,1
A0A0K1LRS8,1
A0A0K1LS76,1
A0A0K1LS89,1
A0A0K1LSH0,1
A0A0K1LSK8,1
A0A0K1LT30,1
A0A0K1LTD6,1
A0A0K1Y4S3,0
A0A0K1Y4T1,0
A0A0K1Y5X7,1
A0A0K1Y6B3,1
A0A0K1Y6F2,0
A0A0K1Y6K0,1
A0A0K1Y6W1,1
A0A0K1Y763,1
A0A0K1Y764,1
A0A0K1Y7J0,0
A0A0K1Y8B3,1
A0A0K1Y913,1
A0A0K1Y9C5,1
A0A0K1Y9L3,1
A0A0K1Y9L9,1
A0A0K1Y9T8,1
A0A0K1Y9U1,1
A0A0K1YA75,1
A0A0K1YAG1,1
A0A0K1YAL3,0
A0A0K2CLB2,1
A0A0K2CLX2,1
A0A0K2CLX4,1
A0A0K2CM05,1
A0A0K2CMS0,1
A0A0K2CN38,1
A0A0K2CN55,1
A0A0K2CN83,0
A0A0K2CNS6,1
A0A0K2CP65,1
A0A0K2CPP8,1
A0A0K2CPS6,1
A0A0K2CX18,1
A0A0K2CX93,1
A0A0K2CXN7,1
A0A0K2CXQ8,1
A0A0K2CXY9,1
A0A0K2CYE7,1
A0A0K2CYI9,1
A0A0K2CYU5,1
A0A0K2CZ98,1
A0A0K2CZI0,1
A0A0K2CZQ6,1
A0A0K2CZS4,1
A0A0K2D0M9,1
A0A0K2D118,1
A0A0K2FGT0,0
A0A0K2FHF0,0
A0A0K2FHY9,0
A0A0K2FI39,0
A0A0K2FI41,0
A0A0K2FIH5,0
A0A0K2FIJ5,1
A0A0K2FIM4,1
A0A0K2FIP7,1
A0A0K2FIS2,0
A0A0K2FIT7,1
A0A0K2FJ43,1
A0A0K2FJ86,1
A0A0K2FJF9,1
A0A0K2FJH5,1
A0A0K2FJL1,1
A0A0K2FJL3,1
A0A0K2FJU2,1
A0A0K2FJW0,1
A0A0K2FK24,1
A0A0K2FKD4,1
A0A0K2FL37,1
A0A0K2FL53,1
A0A0K2FLH5,1
A0A0K2FLY9,1
A0A0K2FMG8,1
A0A0K2FMY5,1
A0A0K2FN79,1
A0A0K2FNU8,1
A0A0K2FNX7,1
A0A0K2FPQ1,1
A0A0K2QQJ4,0
A0A0K2QQQ8,0
A0A0K2SUC5,1
A0A0K2YZ09,0
A0A0K8IXP8,0
A0A0M3LPP0,0
A0A0M3LPP5,0
A0A0M3LPQ1,0
A0A0M3LPW1,0
A0A0M3LQ49,0
A0A0M3LQ89,0
A0A0M3LQR1,0
A0A0M3LQY4,0
A0A0M3LSH2,0
A0A0M3MXA6,0
A0A0M3MYZ4,0
A0A0M3UKI9,1
A0A0M3UL23,0
A0A0M3ULD1,0
A0A0M3ULG1,1
A0A0M3ULP7,1
A0A0M4F9K9,0
A0A0M4R0I4,1
A0A0M4R0N4,1
A0A0M4R365,0
A0A0M4RB81,1
A0A0M4RBB1,1
A0A0M4RCI1,1
A0A0M4RCN8,1
A0A0M4RR43,1
A0A0M4RS64,1
A0A0M4RSF9,1
A0A0M4S3F1,1
A0A0M4S3I8,1
A0A0M4S3J8,1
A0A0M4S582,0
A0A0M4S5P3,0
A0A0M4S5S0,0
A0A0M4S5S1,0
A0A0M4S679,1
A0A0M4S688,1
A0A0M5M0S0,1
A0A0M5M0S9,1
A0A0M5M0Y7,1
A0A0M5M2Y5,1
A0A0M5M5G3,1
A0A0M5M782,0
A0A0M5M794,1
A0A0M5M7B1,1
A0A0M7Q8U4,0
A0A0M7Q9L2,0
A0A0M7Q9P4,0
A0A0M7Q9Q7,0
A0A0M7QAD1,0
A0A0M7QAR8,0
A0A0M7QBV3,0
A0A0M7QCB4,0
A0A0M7QD20,0
A0A0M7QD78,0
A0A0M7QDX4,0
A0A0M7QE19,0
A0A0M7QE90,0
A0A0M7QEL8,0
A0A0M7QEM0,0
A0A0M7QFA7,0
A0A0M7QFB9,0
A0A0M7QGN9,0
A0A0M7RDM5,1
A0A0M7RER9,0
A0A0M9JDQ1,0
A0A0M9JEJ6,0
A0A0N6W8I1,1
A0A0N6WEK2,0
A0A0N6WEQ7,0
A0A0N6WEW3,0
A0A0N6WMR3,1
A0A0N6YQY9,0
A0A0N7BT41,0
A0A0N7BTK6,0
A0A0N7BU23,0
A0A0N7BVG0,0
A0A0N7BZ78,0
A0A0N7C019,0
A0A0N7C082,0
A0A0N7C095,0
A0A0N7C0I8,0
A0A0N7C0V0,0
A0A0N7C107,0
A0A0N7C177,0
A0A0N7C1K4,0
A0A0N7C1Y6,0
A0A0N7C295,0
A0A0N7C340,0
A0A0N7C3A8,0
A0A0N7C3N7,0
A0A0N7CAH6,0
A0A0N7CCS5,0
A0A0N7CEF9,1
A0A0N7CEK9,0
A0A0N7CER3,0
A0A0N7CEZ7,0
A0A0N7CF67,0
A0A0N7CFP7,0
A0A0N7GFJ7,1
A0A0N7IR99,1
A0A0N7IRE7,0
A0A0N7IRF5,0
A0A0N7IRJ4,0
A0A0N7KZA0,0
A0A0N7KZF9,0
A0A0N9BDL4,1
A0A0N9EQ32,1
A0A0N9EQQ3,1
A0A0N9EQZ1,0
A0A0N9ERA0,0
A0A0N9S7A8,1
A0A0N9SGH1,1
A0A0N9SGQ7,1
A0A0N9SGX6,1
A0A0N9SHB4,1
A0A0N9SHC3,1
A0A0N9SI93,0
A0A0N9SIA1,0
A0A0N9SIT8,1
A0A0N9SKE2,1
A0A0N9SU46,0
A0A0P0HR92,0
A0A0P0HRN9,1
A0A0P0HRZ4,0
A0A0P0HS42,0
A0A0P0HTD2,0
A0A0P0I386,1
A0A0P0I4M9,0
A0A0P0I799,1
A0A0P0IDR4,0
A0A0P0ILA5,0
A0A0P0IQA3,1
A0A0P0IUG2,0
A0A0P0IVF0,0
A0A0P0IW03,0
A0A0P0IX40,1
A0A0P0M638,1
A0A0P0M6F9,0
A0A0P0UWN1,0
A0A0P0ZBK3,0
A0A0P0ZBS9,0
A0A0P0ZC35,0
A0A0P0ZC69,0
A0A0P0ZC75,0
A0A0P0ZCG5,0
A0A0P0ZCL0,0
A0A0P0ZDF1,0
A0A0P0ZDF3,0
A0A0P0ZDS6,0
A0A0P0ZG01,0
A0A0P0ZGA2,0
A0A0P0ZGC1,0
A0A0P0ZGD7,0
A0A0P1KKJ6,0
A0A0R6CKQ4,0
A0A0R8VCQ3,1
A0A0S0N5R0,0
A0A0S0N859,0
A0A0S1RZS1,1
A0A0S1S002,0
A0A0S1S1I4,0
A0A0S1S1R8,1
A0A0S1S342,1
A0A0S1S4L7,1
A0A0S1WEN4,0
A0A0S1WFD8,0
A0A0S1WFM1,0
A0A0S1WFU7,0
A0A0S1WGA3,0
A0A0S1WGC6,0
A0A0S1WGL5,0
A0A0S1WH53,0
A0A0S1WH68,0
A0A0S1WHA3,0
A0A0S2GL68,1
A0A0S2GLD4,1
A0A0S2GLQ0,0
A0A0S2MU54,1
A0A0S2MUC0,1
A0A0S2MUX2,1
A0A0S2MV84,1
A0A0S2MVL1,0
A0A0S2MVR5,1
A0A0S2MVZ0,0
A0A0S2MWH1,0
A0A0S2MX17,0
A0A0S2MXG7,1
A0A0S2MXR6,0
A0A0S2MXW6,1
A0A0S2MY35,1
A0A0S2MY87,1
A0A0S2MYF3,1
A0A0S2MYH4,1
A0A0S2SYD0,0
A0A0S3UG46,0
A0A0S3UG86,0
A0A0S4KWN4,0
A0A0S4L2W4,0
A0A0U1UNS2,0
A0A0U1VU02,0
A0A0U1WF03,1
A0A0U1WYI8,1
A0A0U1ZH11,0
A0A0U1ZWR4,1
A0A0U1ZY89,1
A0A0U2BX41,0
A0A0U2CHI1,0
A0A0U2CI93,0
A0A0U2D9J0,0
A0A0U2D9K0,0
A0A0U2DEN8,0
A0A0U2DFN4,0
A0A0U2DV48,0
A0A0U2I1S0,0
A0A0U2S643,0
A0A0U2SB45,0
A0A0U3A7A5,0
A0A0U3DEM8,0
A0A0U3E0R1,0
A0A0U3E1L6,0
A0A0U3E5Q4,0
A0A0U3TEY9,1
A0A0U3U037,1
A0A0U4AZT0,0
A0A0U4B0E4,0
A0A0U4B1M4,1
A0A0U4B2Z8,1
A0A0U4B3G8,1
A0A0U4B4T4,1
A0A0U4B6P5,1
A0A0U4B6V5,1
A0A0U4B7G4,1
A0A0U4B7G6,1
A0A0U4B7M6,1
A0A0U4I901,0
A0A0U4IDK0,1
A0A0U4IH88,1
A0A0U4IHI0,1
A0A0U4IPM3,1
A0A0U4IQB5,1
A0A0U4IR86,1
A0A0U4IT54,1
A0A0U4J8N7,1
A0A0U4JBK9,1
A0A0U4JCL8,1
A0A0U4JD12,1
A0A0U4JE28,1
A0A0U4JEI5,1
A0A0U4JFS1,1
A0A0U4JGP4,0
A0A0U4JHM3,1
A0A0U4JMT1,1
A0A0U4JP23,0
A0A0U4JP67,0
A0A0U4JPJ5,1
A0A0U4JSN5,1
A0A0U4JT40,1
A0A0U4JTJ1,1
A0A0U4JWK3,0
A0A0U4JY89,1
A0A0U4JZV3,1
A0A0U4K087,1
A0A0U4K0W8,1
A0A0U4K185,1
A0A0U4K1Z4,1
A0A0U4K335,1
A0A0U4K3I2,1
A0A0U4K7B3,1
A0A0U4K7T4,1
A0A0U4K7Y9,1
A0A0U4K8K2,1
A0A0U4K953,1
A0A0U4KC64,1
A0A0U4KMN9,1
A0A0U4KMZ8,1
A0A0U4KRD4,1
A0A0U4VUI2,0
A0A0U5A9C0,0
A0A0U5ARH0,0
A0A0U5ATD9,0
A0A0X8WP64,0
A0A0X8XCA1,0
A0A0Y0A787,1
A0A0Y0AH42,1
A0A0Y0AL50,1
A0A0Y0C4K2,1
A0A120HUJ8,1
A0A125RNP1,0
A0A125RNW2,1
A0A125RP85,0
A0A125RPJ3,1
A0A125RPX1,0
A0A125T2V9,0
A0A126DI76,0
A0A126GGF1,1
A0A126GGG2,1
A0A126GGG6,1
A0A126GGH3,1
A0A126GGK7,1
A0A126GGK9,1
A0A126GGL2,1
A0A126GGL6,1
A0A126GGW1,1
A0A126H8Z8,1
A0A126H956,1
A0A126H992,1
A0A126H9F2,1
A0A126H9I8,1
A0A126H9Q7,1
A0A126H9T1,1
A0A126H9U3,1
A0A126HA12,1
A0A126HA28,1
A0A126HA49,1
A0A126HA95,1
A0A126HAB5,1
A0A126HAF2,1
A0A126HAG9,1
A0A126HAL8,1
A0A126HAU5,1
A0A126HAW9,1
A0A126HB40,1
A0A126HB85,1
A0A126HBG7,1
A0A126HBJ1,1
A0A126HBR3,1
A0A126HBX1,1
A0A126HC10,1
A0A126HC27,1
A0A126HC71,1
A0A126HC99,1
A0A126HCD4,1
A0A126HCI8,1
A0A126HCR7,1
A0A126HCU4,1
A0A126HD25,1
A0A126HD76,1
A0A126HDA0,1
A0A126HDI7,1
A0A126HDQ0,1
A0A126HDT8,1
A0A126HDZ8,1
A0A126HE41,1
A0A126HE97,1
A0A126HGE4,0
A0A126HHE3,0
A0A127AVJ5,0
A0A127AVL7,0
A0A127AVV2,0
A0A127AWA8,1
A0A127KM43,0
A0A127KMB1,0
A0A127KMY3,0
A0A127KNA7,0
A0A127KNB2,0
A0A127KNK3,1
A0A127KNP3,0
A0A127KNT9,1
A0A127KPE5,1
A0A139ZVY1,1
A0A140G5S0,0
A0A140G6T8,1
A0A140G755,1
A0A140HM31,1
A0A140IEV4,1
A0A140XAU3,0
A0A140XAX3,0
A0A140XB97,0
A0A140XBJ7,0
A0A140XBX1,0
A0A140XFM4,0
A0A140XFU9,0
A0A140XG79,0
A0A141DZA0,1
A0A141DZM6,1
A0A141DZS5,1
A0A141DZX4,1
A0A141E024,1
A0A141E025,1
A0A141E077,1
A0A141E0M1,1
A0A141E0R4,1
A0A141E0W2,1
A0A141E113,1
A0A141GEY9,0
A0A141HR10,0
A0A141HRE4,0
A0A141HRR0,1
A0A141HSE6,1
A0A141VTP3,1
A0A141VTP8,1
A0A142EZW8,0
A0A142F0E7,0
A0A142F0P6,0
A0A142F120,0
A0A142F145,1
A0A142F1B8,1
A0A142F1N7,1
A0A142F1U1,1
A0A142F240,1
A0A142F2G1,1
A0A142FGF6,0
A0A142IDM2,0
A0A142IE31,0
A0A142IEJ3,0
A0A142IF03,0
A0A142IFH2,0
A0A142IFZ1,0
A0A142IG94,1
A0A142IG96,1
A0A142IIL8,0
A0A142IIR0,0
A0A142K4R9,1
A0A142K516,1
A0A142K5B3,1
A0A142K5K1,1
A0A142K5X7,1
A0A142K646,1
A0A142K691,1
A0A142K6J9,1
A0A142K791,1
A0A142K7G0,1
A0A142K7M8,1
A0A142K7U8,1
A0A142K893,1
A0A142K894,1
A0A142K8I6,1
A0A142K8R0,1
A0A142K908,1
A0A142K909,1
A0A142K9I3,1
A0A142K9U3,1
A0A142KA09,1
A0A142KA99,1
A0A142KAG5,1
A0A142KAP6,1
A0A142KAY0,1
A0A142KB50,1
A0A142KBE3,1
A0A142KBE4,1
A0A142KBM8,1
A0A142KBV5,1
A0A142KC32,1
A0A142KCB0,1
A0A142KCB1,1
A0A142KCJ6,1
A0A142KCT2,1
A0A142ULM3,1
A0A143FHM1,1
A0A143FI36,1
A0A143FIQ9,1
A0A143FJZ6,1
A0A143FL68,1
A0A143FL92,1
A0A143FNU0,1
A0A143FP42,1
A0A143FP66,1
A0A143FPT1,1
A0A143FQ54,1
A0A143FQE0,1
A0A143FQL9,1
A0A143FQU6,1
A0A143FR93,1
A0A159B6C4,1
A0A159B6I5,1
A0A159B702,0
A0A159B703,0
A0A159B7I3,0
A0A159B7R6,0
A0A159BDC5,0
A0A160CAH3,0
A0A160CAJ5,0
A0A160CAN5,0
A0A160CAX9,0
A0A160CB62,0
A0A160CB74,0
A0A160DCJ5,1
A0A160DD15,1
A0A160DD54,1
A0A160DD81,1
A0A160DDJ5,1
A0A160DDR7,1
A0A160DE69,1
A0A160DE94,1
A0A160DEA6,1
A0A160DEE8,1
A0A160DET0,1
A0A160DEU2,1
A0A160DEY2,1
A0A160DF62,1
A0A160DFA2,1
A0A160DFK6,1
A0A160DG57,1
A0A160DGG1,1
A0A160DGI6,1
A0A160DGW5,1
A0A160DH52,1
A0A160DHD6,1
A0A160DHN2,0
A0A160LKP9,1
A0A160LKR7,1
A0A161HB53,0
A0A162CHP9,1
A0A162CJG2,1
A0A162E1U7,1
A0A162E3Y7,0
A0A162EAZ8,0
A0A162EBC2,0
A0A162EBJ1,0
A0A162EKB8,1
A0A162EKX7,1
A0A162ELC8,1
A0A162ELR2,1
A0A166XZ79,1
A0A166Y5E2,1
A0A166Y601,1
A0A166Y6M9,1
A0A166YA13,1
A0A166YB48,1
A0A166YC79,1
A0A166YCP7,1
A0A166YER6,1
A0A166YGS6,1
A0A170PBB1,0
A0A172CND9,0
A0A172JFY8,0
A0A172JG45,0
A0A172JGD2,0
A0A172JGF2,0
A0A172JGI4,0
A0A172JHT5,1
A0A172JIA8,1
A0A172JII6,1
A0A172PZR7,0
A0A172PZY4,0
A0A172Q039,0
A0A172Q173,0
A0A172Q184,0
A0A172Q1S7,0
A0A172Q1Z9,0
A0A173G9C4,1
A0A173G9G9,1
A0A173G9X3,1
A0A173GA43,1
A0A173GAH8,0
A0A173GAI8,0
A0A173GBW4,0
A0A173GCB8,0
A0A173GCC1,0
A0A173GCG8,1
A0A173GCV3,0
A0A173GD86,0
A0A173GDW3,0
A0A173GEP8,0
A0A173H0V8,0
A0A173H2G3,1
A0A182BQ78,1
A0A185AMW9,1
A0A191KBD1,1
A0A191KBF9,1
A0A191KBX4,1
A0A191KC27,1
A0A191VYE0,0
A0A191VYM4,0
A0A191VYU0,0
A0A191ZBS5,0
A0A191ZCU8,0
A0A191ZD42,0
A0A191ZDB6,0
A0A191ZDF3,0
A0A191ZDK6,0
A0A192EZE4,0
A0A192Y5C9,0
A0A192Y6G4,0
A0A192Y6U3,0
A0A192Y6Z1,0
A0A192Y7A7,0
A0A192Y7T2,0
A0A192Y7W2,0
A0A192Y8F4,0
A0A192Y8F8,0
A0A192Y8I1,0
A0A192Y8S8,1
A0A192Y9R9,0
A0A192Y9Y8,0
A0A192Y9Z6,0
A0A192YB64,1
A0A192YBC4,1
A0A192YBK6,1
A0A192YBS4,1
A0A192YBV3,1
A0A192YC02,1
A0A192YC36,1
A0A192YD15,1
A0A192YD90,1
A0A193GXV7,0
A0A193GY71,0
A0A193GYJ3,0
A0A193GYQ9,0
A0A193GYS6,0
A0A193GZ34,0
A0A193GZ38,0
A0A193GZ39,0
A0A193GZJ5,0
A0A193GZV7,0
A0A193H0S3,0
A0A193H0T2,0
A0A193H1Q8,0
A0A193H247,0
A0A193H2M5,0
A0A193H379,0
A0A1A8YFJ2,0
A0A1B0RXF2,1
A0A1B0RXL4,1
A0A1B0T6C8,1
A0A1B0T6G1,0
A0A1B0T6L3,0
A0A1B0TJM4,0
A0A1B0TR30,0
A0A1B0UZW5,0
A0A1B0V7G8,0
A0A1B0VV94,0
A0A1B0VVE1,0
A0A1B0WKU4,0
A0A1B0WL05,0
A0A1B0WL19,0
A0A1B0WMS9,0
A0A1B0WMX5,0
A0A1B0WN79,0
A0A1B0WNC7,0
A0A1B0XVK1,0
A0A1B0XW43,0
A0A1B0Y4N7,1
A0A1B0Y4R9,1
A0A1B0Z008,0
A0A1B0Z086,0
A0A1B0Z0F0,0
A0A1B0Z110,0
A0A1B0Z137,0
A0A1B0Z1E0,0
A0A1B1IM47,1
A0A1B1IM89,1
A0A1B1IMF2,1
A0A1B1IMJ5,1
A0A1B1IMR2,1
A0A1B1IMU2,1
A0A1B1IMZ6,1
A0A1B1IN46,1
A0A1B1IXF5,0
A0A1B1IXL3,0
A0A1B1IY38,0
A0A1B1IY64,1
A0A1B1P706,0
A0A1B1P726,0
A0A1B1P783,1
A0A1B1P7G0,1
A0A1B1P7K2,1
A0A1B1P7Q1,1
A0A1B1P7T9,1
A0A1B1P811,1
A0A1B1P878,1
A0A1B1P8F4,1
A0A1B1P8W7,0
A0A1B1P8X0,0
A0A1B1P9G1,0
A0A1B1PA07,1
A0A1B1PAB5,1
A0A1B1PAF8,1
A0A1B1PAK0,1
A0A1B1PAK9,1
A0A1B1PAN2,1
A0A1B1PAP0,1
A0A1B1PB44,1
A0A1B1PC61,1
A0A1B1PC98,1
A0A1B1PCN5,1
A0A1B1PCT5,1
A0A1B1PD64,0
A0A1B1PDG9,1
A0A1B1PDS2,0
A0A1B1PDY4,0
A0A1B1PEE8,0
A0A1B1PEK8,0
A0A1B1SDV2,1
A0A1B1SDW3,1
A0A1B1SE77,1
A0A1B1SEJ4,0
A0A1B1SEM6,1
A0A1B1SFB0,1
A0A1B1SFI0,1
A0A1B1SFI6,1
A0A1B1SFR4,1
A0A1B1SFX7,1
A0A1B1SGD7,1
A0A1B1SHB7,1
A0A1B1UZH2,0
A0A1B2AMV6,0
A0A1B2AN61,0
A0A1B2AN95,0
A0A1B2ANL3,0
A0A1B2AP23,0
A0A1B2AP83,0
A0A1B2APN3,0
A0A1B2APX0,0
A0A1B2AQ80,0
A0A1B2IAD2,0
A0A1B2IAG1,0
A0A1B2IB04,0
A0A1B2IB44,0
A0A1B2IBY0,0
A0A1B2IC00,0
A0A1B2ICU1,0
A0A1B2IDB9,0
A0A1B2IDD7,0
A0A1B2IE39,0
A0A1B2IED8,0
A0A1B2IEU1,0
A0A1B2IEY6,0
A0A1B2IFQ6,0
A0A1B2IFT1,0
A0A1B2IGM4,0
A0A1B2IH54,0
A0A1B2IHE7,0
A0A1B2IHI6,1
A0A1B2IHJ6,1
A0A1B2IHS6,1
A0A1B3AYA2,1
A0A1B3AYA4,1
A0A1B3AYQ7,1
A0A1B3AYZ8,1
A0A1B3AZC4,1
A0A1B3AZG3,1
A0A1B3AZW8,1
A0A1B3AZZ3,1
A0A1B3B095,1
A0A1B3B0A6,1
A0A1B3B0M0,1
A0A1B3B0M4,1
A0A1B3B0T6,1
A0A1B3B125,1
A0A1B3B1F8,1
A0A1B3B1V0,1
A0A1B3B1X5,1
A0A1B4U3Y9,0
A0A1B4XWW6,0
A0A1B5FP97,0
A0A1C8E990,1
A0A1C8HQ03,0
A0A1C8HSS9,0
A0A1C8HU77,0
A0A1C8HUE2,0
A0A1C8HUI7,0
A0A1C9EHM2,1
A0A1C9EHQ1,1
A0A1C9EHR3,1
A0A1C9EHY4,1
A0A1C9EI81,1
A0A1C9LVX8,0
A0A1C9LX78,1
A0A1C9LX81,1
A0A1C9LXF2,1
A0A1C9LXR8,1
A0A1C9LXX9,1
A0A1C9LY69,1
A0A1C9LYG9,1
A0A1C9LYQ7,1
A0A1C9LZ15,1
A0A1C9LZB1,1
A0A1C9LZI4,1
A0A1C9LZM7,1
A0A1C9LZN8,1
A0A1C9LZT6,1
A0A1C9M032,1
A0A1C9M0Q3,1
A0A1C9M100,1
A0A1C9M182,1
A0A1C9M1F8,1
A0A1C9M1S0,1
A0A1C9M298,1
A0A1C9M331,1
A0A1D3RKJ3,0
A0A1D3RKX2,0
A0A1D3SNQ1,1
A0A1D6X870,1
A0A1D6Z273,1
A0A1D7RNC0,0
A0A1D7SAA7,0
A0A1D7SDE4,0
A0A1D7SES1,0
A0A1D7SFJ7,0
A0A1D7SHK1,0
A0A1D7SJM1,0
A0A1D7SKW9,0
A0A1D7SLU7,0
A0A1D7SN43,0
A0A1D7SNI0,0
A0A1D7SPT1,0
A0A1D7SQI7,0
A0A1D7SS91,0
A0A1D7SWZ7,0
A0A1D7SXT4,0
A0A1D7SY88,0
A0A1D7XFA2,0
A0A1D8EPE3,1
A0A1D8EPP0,1
A0A1D8EQH5,0
A0A1D8ER67,1
A0A1D8ERC4,1
A0A1D8ERN4,1
A0A1D8ES60,0
A0A1D8ESK9,1
A0A1D8ESV1,1
A0A1D8ESW4,1
A0A1D8ET80,1
A0A1D8ETE4,1
A0A1D8ETP4,1
A0A1D8ETQ2,1
A0A1D8ETX7,1
A0A1D8EU28,1
A0A1D8EUA5,1
A0A1D8EUB7,1
A0A1D8EUN9,1
A0A1D8EV63,1
A0A1D8EVH4,1
A0A1D8EVR5,1
A0A1D8EVX2,1
A0A1D8EW81,1
A0A1D8EWA4,1
A0A1D8EWP9,1
A0A1D8EWV0,1
A0A1D8EX27,1
A0A1D8EXK7,0
A0A1D8EXR4,1
A0A1D8EY20,1
A0A1D8EY32,1
A0A1D8EY43,1
A0A1D8EYF9,1
A0A1D8EYS1,1
A0A1D8EYW9,1
A0A1D8EZ70,1
A0A1D8EZL3,1
A0A1D8EZP6,1
A0A1D8EZW7,1
A0A1D8F081,1
A0A1D8F0D2,0
A0A1D8H0F0,1
A0A1D8KHT8,0
A0A1D8KJ75,0
A0A1D8KN94,0
A0A1D8KNU5,0
A0A1D8KS26,0
A0A1D8KS75,0
A0A1D8KTG5,0
A0A1D8KTZ9,0
A0A1D8KU23,0
A0A1D8KU76,0
A0A1D8KUP2,0
A0A1D8KUP8,0
A0A1D9C9S9,0
A0A1D9CAG5,1
A0A1D9CAJ8,1
A0A1G4GQA5,0
A0A1G4GQA8,0
A0A1G5SA77,1
A0A1I9KGA3,0
A0A1I9KK58,1
A0A1I9L2C4,0
A0A1I9L2K1,0
A0A1I9LJ92,0
A0A1I9LK03,0
A0A1I9S3V7,1
A0A1I9S467,1
A0A1I9S4G4,1
A0A1I9S4R1,1
A0A1I9S548,1
A0A1I9S5W9,1
A0A1I9S6P5,1
A0A1I9S6P7,1
A0A1I9S6X5,1
A0A1I9S7K7,1
A0A1I9S7S4,1
A0A1I9S8J3,1
A0A1I9S980,1
A0A1I9S9W3,1
A0A1I9SA30,1
A0A1I9SA50,1
A0A1I9SAS7,1
A0A1I9SB22,1
A0A1I9SBF8,1
A0A1I9SBQ7,1
A0A1I9SBZ0,1
A0A1I9SC79,1
A0A1I9SCK7,1
A0A1I9SCW9,1
A0A1I9SD57,1
A0A1I9SDF9,1
A0A1I9SDP8,1
A0A1I9SDY8,1
A0A1I9SE50,1
A0A1I9SE91,0
A0A1I9SEI7,0
A0A1I9SEQ0,0
A0A1I9SEW5,0
A0A1I9SF63,0
A0A1I9SFB3,0
A0A1J0GNX0,1
A0A1J0GNX2,1
A0A1J0GPP2,1
A0A1J0GPQ4,1
A0A1J0GQ06,1
A0A1J0GQA6,1
A0A1J0GQF0,1
A0A1J0GQZ9,1
A0A1J0GRD2,1
A0A1J0GRQ8,1
A0A1J0GRX5,0
A0A1J0GS71,1
A0A1J0GSF1,0
A0A1J0GSU9,0
A0A1J0GUZ6,0
A0A1J0GV68,0
A0A1J0GVB9,1
A0A1J0GVQ7,0
A0A1J0GVU1,1
A0A1J0GVU2,1
A0A1J0GWE8,0
A0A1J0GWI7,1
A0A1J0MA43,1
A0A1J0MAC4,1
A0A1J0MAF1,1
A0A1J0MAV5,1
A0A1J0MAV6,1
A0A1J0MB42,1
A0A1J0MBC9,1
A0A1J0MBL5,1
A0A1J0MBU5,1
A0A1J0MC10,1
A0A1J0MCN5,1
A0A1J0MCP8,1
A0A1J0MCQ0,1
A0A1J0MD01,1
A0A1J0MDM1,1
A0A1J0MEK5,0
A0A1J0MEU0,0
A0A1J0MEU6,0
A0A1J0MF68,1
A0A1J0MF80,1
A0A1J0MF88,1
A0A1J0MFB0,1
A0A1J0MFI1,1
A0A1J0MFY3,1
A0A1J0MG26,1
A0A1J0MG88,0
A0A1J0MGZ0,0
A0A1J0MH56,0
A0A1J0MH64,0
A0A1J0MHK5,0
A0A1J0MI02,0
A0A1J0MIA3,0
A0A1J0MID5,1
A0A1J0MIF8,1
A0A1J0MIQ5,0
A0A1J0MIT7,1
A0A1J0MIX0,1
A0A1J0MS59,1
A0A1J1JCJ2,0
A0A1K2IXT0,0
A0A1L2BWM4,1
A0A1L2BWX1,0
A0A1L2BYB1,1
A0A1L2C8R8,0
A0A1L2C933,0
A0A1L2C9E5,0
A0A1L2JXL6,1
A0A1L2JXR0,1
A0A1L2JXU9,1
A0A1L2JY70,1
A0A1L4BKS4,0
A0A1L5C033,0
A0A1L5C081,1
A0A1L5C0I6,1
A0A1L5C0Q7,1
A0A1L5C120,1
A0A1L5C173,1
A0A1L5C1J3,1
A0A1L5C1S9,1
A0A1L5C1Z2,1
A0A1L5C2A4,0
A0A1L6BXQ3,1
A0A1L6BY22,1
A0A1L6BY60,1
A0A1L6BYI8,1
A0A1L6BYY2,1
A0A1L6BZ44,1
A0A1L6BZH5,0
A0A1L6Z501,0
A0A1L7DQ41,1
A0A1L7DQJ6,0
A0A1L7DQK7,0
A0A1L7DR43,0
A0A1L7DR54,0
A0A1L7DRY8,0
A0A1L7DRZ7,0
A0A1L7DS69,0
A0A1L7N0Z2,0
A0A1L7N177,0
A0A1L7N1T3,0
A0A1L7N223,0
A0A1L7QNW6,0
A0A1L7QP04,0
A0A1L7QX96,0
A0A1L7R181,0
A0A1M4NDT8,1
A0A1P7WFW9,0
A0A1P8BK51,0
A0A1P8BKD1,1
A0A1P8BKK1,1
A0A1P8BKP8,1
A0A1P8BKR7,1
A0A1P8BKY1,1
A0A1P8BL59,1
A0A1P8BL87,1
A0A1P8BLG2,1
A0A1P8BLK9,1
A0A1P8BLQ4,1
A0A1P8BLX0,1
A0A1P8BM38,1
A0A1P8BM94,1
A0A1P8BMC3,1
A0A1P8BMG9,1
A0A1P8BMN4,1
A0A1P8BMS7,1
A0A1P8CMK4,1
A0A1P8CMK9,1
A0A1P8CWN6,1
A0A1P8D5Q3,1
A0A1P8DTE2,0
A0A1P8DTR0,0
A0A1P8DTY8,0
A0A1P8DU62,1
A0A1P8DUG5,1
A0A1P8DUM2,0
A0A1P8EDQ7,0
A0A1P8L672,0
A0A1P8L6B2,1
A0A1P8VV77,1
A0A1P8VVH0,0
A0A1P8VVM5,1
A0A1P8VVS3,1
A0A1P8VVX9,1
A0A1P8VW89,0
A0A1P8VWC2,0
A0A1Q1PU76,0
A0A1Q1PU83,0
A0A1Q1PUI4,0
A0A1Q1PUL7,0
A0A1Q1PUV5,0
A0A1Q1PUZ7,0
A0A1Q1PV22,0
A0A1Q1PV62,0
A0A1Q1PVC3,0
A0A1Q1PVY4,1
A0A1Q1PW31,1
A0A1Q1PW74,0
A0A1Q1PWA5,0
A0A1Q2U346,0
A0A1R3Y5W5,0
A0A1S5NV50,0
A0A1S5PRV1,1
A0A1S5PRZ0,1
A0A1S5PS05,1
A0A1S5Q8G1,0
A0A1S5QTQ1,1
A0A1S5R1I9,0
A0A1S5RCQ2,1
A0A1S5RCR7,1
A0A1S5S7P9,1
A0A1S5S7W6,1
A0A1S5S860,1
A0A1S5S872,1
A0A1S5S8G7,1
A0A1S5S8I6,1
A0A1S5S8S6,1
A0A1S5S933,1
A0A1S5S937,1
A0A1S5S946,1
A0A1S5S9A7,1
A0A1S5S9D3,1
A0A1S5S9I0,1
A0A1S5S9S2,1
A0A1S5S9U8,1
A0A1S5S9Z7,1
A0A1S5SA46,1
A0A1S5SAF7,1
A0A1S5SAQ4,1
A0A1S5SAR0,1
A0A1S5SAS4,1
A0A1S5SB73,1
A0A1S5SB91,1
A0A1S5SB92,1
A0A1S5SBJ4,1
A0A1S5SBM2,1
A0A1S5SBR4,1
A0A1S5SBZ9,1
A0A1S5SC47,1
A0A1S5SC91,1
A0A1S5SCM9,1
A0A1S5SCT0,1
A0A1S5SCX4,1
A0A1S5SCY4,1
A0A1S5SD25,1
A0A1S5SD48,1
A0A1S5SDA3,1
A0A1S5SDF6,1
A0A1S5SDS4,1
A0A1S5SE15,1
A0A1S5SEA9,1
A0A1S5SEC8,1
A0A1S5SED6,1
A0A1S5SEI3,1
A0A1S5SEL6,1
A0A1S5SEN2,1
A0A1S5SF42,1
A0A1S5SF48,1
A0A1S5SF78,1
A0A1S5SFL5,1
A0A1S5SFM7,1
A0A1S5SFR3,1
A0A1S5SG37,1
A0A1S5SG65,1
A0A1S5SGB0,1
A0A1S5SGI2,1
A0A1S5SIQ3,1
A0A1S5VY25,1
A0A1S5VYA1,1
A0A1S5VYI9,1
A0A1S6KVC6,1
A0A1S6KVG4,0
A0A1S6KVN8,1
A0A1S6KVP4,1
A0A1S6KVR0,1
A0A1S6KWC2,1
A0A1S6KWI1,1
A0A1S6KWT2,1
A0A1S6KZY9,0
A0A1S6L127,1
A0A1S6L191,0
A0A1S6L1H0,1
A0A1S6L1H5,1
A0A1S6L1V0,0
A0A1S6L1V1,0
A0A1S6L2C0,1
A0A1S6L2H3,1
A0A1S6L2H8,1
A0A1S6L2L7,1
A0A1S6L3A8,0
A0A1S6L3L4,0
A0A1U8V571,0
A0A1U9AJ98,0
A0A1U9AJL3,0
A0A1U9AK71,0
A0A1U9GL83,0
A0A1U9GM23,0
A0A1U9GQM4,0
A0A1U9GQS8,0
A0A1U9GR94,0
A0A1U9GRF6,0
A0A1U9GS33,0
A0A1U9GSH3,0
A0A1U9GX18,0
A0A1U9GXM0,0
A0A1U9HJX0,0
A0A1U9HWQ2,0
A0A1U9WQS3,1
A0A1U9WQY2,1
A0A1U9WR38,0
A0A1U9WRD0,1
A0A1U9WRF0,1
A0A1U9WRQ3,1
A0A1U9WRZ3,1
A0A1U9WS76,1
A0A1U9ZAE8,0
A0A1V0DX43,0
A0A1V0DXM3,0
A0A1V0DXN6,0
A0A1V0DY74,0
A0A1V0DYB6,0
A0A1V0DYF6,0
A0A1V0DYV1,0
A0A1V0DZ63,0
A0A1V0DZ66,0
A0A1V0DZQ0,0
A0A1V0DZZ3,1
A0A1V0E5I4,0
A0A1V0E5Q7,0
A0A1V0E5V8,1
A0A1V0E659,1
A0A1V0E671,0
A0A1V0E6C8,0
A0A1V0E6I4,0
A0A1V0E6Y5,0
A0A1V0E844,0
A0A1V0E8J5,0
A0A1V0E8S9,0
A0A1V0E924,0
A0A1V0E989,0
A0A1V0E9P1,0
A0A1V0E9P9,0
A0A1V0EAP8,0
A0A1V0EAQ5,0
A0A1V0EBL5,0
A0A1V0EBQ3,0
A0A1V0ECN7,0
A0A1V0ECU0,0
A0A1V0EDL7,0
A0A1V0EDR0,0
A0A1V0EEK7,0
A0A1V0EEN8,0
A0A1W5LJB0,0
A0A1W5LJB9,0
A0A1W5N0F9,0
A0A1W5N0R4,0
A0A1W5N189,0
A0A1W5N1C3,0
A0A1W5P0K6,0
A0A1W5P0P0,0
A0A1W5P530,0
A0A1W5PTQ1,0
A0A1W5PU18,0
A0A1W5PUT3,0
A0A1W5PUU5,0
A0A1W6DWU5,0
A0A1W6DX33,0
A0A1W6DXC5,0
A0A1W6DXS2,1
A0A1W6DXW1,0
A0A1W6DXX2,1
A0A1W6DXX4,0
A0A1W6DY17,0
A0A1W6DY31,0
A0A1W6DYF4,0
A0A1W6DYG9,0
A0A1W6JH34,1
A0A1W6JH68,1
A0A1W6JHI7,1
A0A1W6JHS3,1
A0A1W6JHZ3,1
A0A1W6JI80,1
A0A1W6JIJ7,1
A0A1W6JIU0,1
A0A1W6JJ14,1
A0A1W6JJH0,1
A0A1W6JJY2,1
A0A1W6JKF0,1
A0A1W6JL10,1
A0A1W6JLI9,1
A0A1W6JM05,1
A0A1W6JMH2,1
A0A1W6JN27,1
A0A1W6JNK9,1
A0A1W6JNM6,1
A0A1W6JNR1,1
A0A1W6JNV3,1
A0A1W6JNW4,0
A0A1W6JP42,0
A0A1W6JPD6,1
A0A1W6JPE2,1
A0A1W6JPQ5,1
A0A1W6JPY4,1
A0A1W6JQ85,1
A0A1W6JQB6,1
A0A1W6JQH9,1
A0A1W6JQL2,1
A0A1W6JQT7,1
A0A1W6JQU5,1
A0A1W6JQV6,1
A0A1W6JR07,1
A0A1W6JR65,1
A0A1W6JRA8,1
A0A1W6JRK9,1
A0A1W6JRP6,1
A0A1W6JRQ3,1
A0A1W6JRX0,0
A0A1W6JS12,0
A0A1W6JSC2,1
A0A1W6JSI0,1
A0A1W6JSI5,1
A0A1W6JSV5,0
A0A1W6JT17,0
A0A1W6JTC9,0
A0A1W6JTJ9,0
A0A1W6JTM5,1
A0A1W6JUJ1,0
A0A1W6JUR1,0
A0A1W6JV24,0
A0A1X7QGP1,0
A0A1X9H021,1
A0A1X9H092,1
A0A1X9HVV2,1
A0A1X9HWA0,0
A0A1X9HX89,0
A0A1X9I5F2,1
A0A1X9I5R3,1
A0A1X9I5W6,1
A0A1X9I678,1
A0A1X9I6R1,1
A0A1X9I848,0
A0A1X9I8Y0,0
A0A1X9I948,0
A0A1X9I9G7,1
A0A1X9I9I9,1
A0A1X9I9Y6,1
A0A1X9IAB0,1
A0A1X9IGI4,1
A0A1X9IGW0,1
A0A1X9SFM4,0
A0A1X9SG19,1
A0A1X9SGL2,1
A0A1X9SGN0,1
A0A1X9SGX6,0
A0A1X9SHL4,1
A0A1X9SHN6,1
A0A1X9SHU3,1
A0A1X9SIB3,1
A0A1X9SIB5,1
A0A1X9SIZ0,1
A0A1Y0SYE2,0
A0A1Y0T0G4,0
A0A1Y0T0I7,0
A0A1Y0T0U4,0
A0A1Z1LW00,0
A0A1Z1LWE7,0
A0A1Z1LWS3,1
A0A1Z1LX47,0
A0A1Z1LXH5,0
A0A1Z1LXH9,0
A0A1Z1LYA9,0
A0A1Z1LYB7,0
A0A1Z1LZ37,0
A0A1Z1LZ72,0
A0A1Z1LZN8,1
A0A1Z1X995,0
A0A217EQM4,1
A0A217ER07,1
A0A217ERA9,1
A0A218KC88,1
A0A218KCF2,1
A0A218KCJ1,1
A0A218KD91,1
A0A218KRH9,0
A0A218KS23,0
A0A218L3Z4,0
A0A218M2W9,0
A0A218M3J1,1
A0A218M462,0
A0A218M4E4,0
A0A218M4K3,0
A0A218M4N9,0
A0A218M4W4,0
A0A218M538,0
A0A218M5B5,0
A0A218M5G8,1
A0A218M5S7,1
A0A218M629,0
A0A218M6B7,0
A0A218M6H3,0
A0A218M6R5,0
A0A218M6Z2,0
A0A218M799,0
A0A218M7B0,0
A0A218M7D1,0
A0A218M7U7,0
A0A218M837,0
A0A218M845,0
A0A218M8I9,0
A0A218M8P3,0
A0A218M8T3,1
A0A218MAF4,0
A0A218MAI7,0
A0A219MH17,0
A0A219UQL8,1
A0A219VG62,1
A0A219VHE4,0
A0A219VHH7,1
A0A219VHM8,1
A0A219XD64,0
A0A219Y929,0
A0A219Y9C6,0
A0A219Y9Z2,0
A0A219YA75,0
A0A219YAI1,0
A0A219YB38,0
A0A219YB96,0
A0A219YBD9,0
A0A219YC19,0
A0A219YD94,0
A0A219YDI6,0
A0A219YFC4,0
A0A219YHA3,0
A0A219YHE7,0
A0A220BXX6,1
A0A220BY00,1
A0A220BYG2,1
A0A220BZ23,1
A0A220BZH9,1
A0A220IH83,0
A0A220NQ84,1
A0A220NQF7,0
A0A220NQR5,1
A0A220NQY1,0
A0A220NRA9,0
A0A220NRC1,0
A0A220NRL5,0
A0A220NRT1,1
A0A220NS30,1
A0A220NSC2,1
A0A220NSI9,1
A0A220NSX6,1
A0A220NT07,1
A0A220NTD4,0
A0A220NTE5,0
A0A220NU24,0
A0A221J6E1,1
A0A221J6Q1,1
A0A221J6Q6,1
A0A221J6T5,1
A0A221J6T7,1
A0A221J6U0,1
A0A221J7D6,1
A0A221J7T8,1
A0A221J8H0,0
A0A221SAM6,0
A0A221SAT8,1
A0A221SAT9,1
A0A221SB46,1
A0A221SBH8,0
A0A221SBM7,0
A0A221SBT0,0
A0A221SBX4,0
A0A221SC42,0
A0A222G2W6,0
A0A222YS26,0
A0A222YTZ0,1
A0A222YUU8,1
A0A222YW92,1
A0A222YWG6,1
A0A222YWW5,1
A0A222YXT5,1
A0A222YY59,1
A0A222YYD3,1
A0A222YYH6,1
A0A222YZ81,1
A0A222YZA4,1
A0A222YZF0,1
A0A222YZJ9,0
A0A222YZS4,1
A0A222YZY8,1
A0A222Z087,1
A0A222Z0D9,1
A0A222Z0E1,1
A0A222Z0F1,1
A0A222Z0G0,1
A0A222Z0G3,1
A0A222Z0I2,1
A0A222Z0N7,1
A0A222Z189,1
A0A222Z270,1
A0A222Z2D5,1
A0A222Z2J4,1
A0A222Z4Q8,1
A0A222Z4X8,1
A0A222Z5F8,1
A0A222Z634,1
A0A222Z644,1
A0A222Z6L7,1
A0A222Z6W7,1
A0A222Z772,1
A0A222Z7U7,1
A0A222Z8D1,1
A0A222Z9B2,1
A0A222Z9E7,1
A0A222Z9J2,1
A0A222ZA70,1
A0A222ZES2,1
A0A222ZFK4,1
A0A222ZFM2,1
A0A222ZFQ2,1
A0A222ZFR0,1
A0A222ZG70,1
A0A222ZG71,1
A0A222ZG88,1
A0A222ZGE5,1
A0A222ZGF7,1
A0A222ZGI4,1
A0A222ZGL8,1
A0A222ZGW3,1
A0A222ZGZ7,1
A0A222ZGZ8,1
A0A222ZH17,1
A0A222ZH63,1
A0A222ZH75,1
A0A222ZHD4,1
A0A222ZHL5,1
A0A222ZHQ8,1
A0A222ZHW0,1
A0A222ZI42,1
A0A222ZI76,1
A0A222ZIX0,1
A0A222ZJ03,1
A0A222ZJ30,1
A0A222ZJ55,1
A0A222ZJ66,1
A0A222ZJJ6,1
A0A222ZMF0,1
A0A222ZML5,1
A0A222ZNF4,1
A0A222ZNP2,1
A0A222ZNX5,1
A0A222ZPG5,1
A0A222ZPI5,1
A0A222ZPL1,1
A0A222ZQ64,1
A0A222ZQE4,1
A0A222ZQH1,1
A0A222ZQI6,1
A0A222ZRN1,1
A0A222ZRQ6,1
A0A222ZS05,1
A0A222ZS16,1
A0A222ZT88,1
A0A222ZTE1,1
A0A223FUQ9,0
A0A223FZJ1,1
A0A223FZT4,1
A0A223FZU2,1
A0A223G050,1
A0A223G0F4,0
A0A223G0Q4,1
A0A223G0Q5,1
A0A223G0T7,1
A0A223LCP5,1
A0A223LD43,1
A0A223LE97,0
A0A223LEN5,0
A0A223LET8,1
A0A223LFC0,0
A0A223LFP9,1
A0A223LFZ0,1
A0A223LGC0,1
A0A223LGG9,0
A0A223LGK1,1
A0A223LGS5,1
A0A223LGT3,1
A0A223LGW0,1
A0A223LH23,1
A0A223LH90,1
A0A223LHA6,0
A0A223LHH7,0
A0A223LHX6,0
A0A223LHY0,1
A0A223LI74,0
A0A223LI87,1
A0A223LI94,1
A0A223LID0,1
A0A223LIG1,0
A0A223LIX2,0
A0A223LJ41,0
A0A223LJE1,1
A0A223LJH8,1
A0A223LJI5,1
A0A223LKM8,1
A0A223VZK2,0
A0A223W052,0
A0A223W0U3,0
A0A240EWQ9,0
A0A240F378,0
A0A240F3V1,0
A0A240FFT1,0
A0A240FHV4,1
A0A247D730,1
A0A247D732,1
A0A248A8C1,0
A0A248H3G3,0
A0A248H493,0
A0A248H5C3,0
A0A248H741,0
A0A248SJJ9,0
A0A248SKU3,0
A0A248SKZ8,0
A0A248SL51,0
A0A248XCW5,0
A0A248XD20,0
A0A249XLC1,0
A0A249XLH4,1
A0A249XLQ9,1
A0A249XLS0,0
A0A249XLU6,1
A0A249XMC6,1
A0A249XMR1,1
A0A249XN07,1
A0A249XN75,1
A0A249XND5,1
A0A249XNL9,1
A0A249XNN9,1
A0A249XP17,1
A0A249XP22,1
A0A249XPJ1,1
A0A249XPR0,1
A0A249XPT9,1
A0A249XPV2,1
A0A249XPY3,1
A0A249XQ90,1
A0A249XQG4,1
A0A249XQU4,1
A0A249XRG7,1
A0A249XRX5,1
A0A249XT04,1
A0A249XT09,1
A0A249XT90,1
A0A249XTN8,1
A0A249XU47,1
A0A249XUE1,1
A0A249XUP0,1
A0A249XUY7,1
A0A249XVK1,1
A0A249XVP2,0
A0A249XVS9,0
A0A249XWK9,0
A0A249XX78,0
A0A249XXD2,1
A0A249XXP6,1
A0A249XY97,0
A0A249XYA5,0
A0A249XZ79,0
A0A249XZ89,0
A0A249XZR2,1
A0A249Y085,0
A0A249Y087,0
A0A249Y111,0
A0A249Y173,1
A0A249Y1Y6,0
A0A249Y244,0
A0A249Y2E6,0
A0A249Y2J0,0
A0A249Y2K3,0
A0A249Y2U6,0
A0A249Y3A0,1
A0A250KAW4,0
A0A286KIF6,0
A0A286KQ79,0
A0A286MMP8,0
A0A286MMX8,0
A0A286MN21,0
A0A286MND2,0
A0A286MQ31,1
A0A286MQD6,1
A0A286MQP6,1
A0A286MRA0,1
A0A286N2Q6,0
A0A286N2U4,1
A0A286N359,1
A0A286N3H0,1
A0A286N3T2,1
A0A286N444,1
A0A286QMJ6,1
A0A286QMV9,1
A0A286QMZ7,1
A0A286QN25,1
A0A286QN60,1
A0A286QN95,1
A0A286QNK3,1
A0A286QNN9,1
A0A286QNP3,1
A0A286QNV7,1
A0A286QNW5,1
A0A286QNZ5,1
A0A286QPA9,1
A0A286QPJ9,1
A0A286QPV9,1
A0A286QPZ7,1
A0A286QQ51,1
A0A286QQ82,1
A0A286QQE2,1
A0A286QQI6,1
A0A286QQJ8,1
A0A286QQQ6,1
A0A286QQS9,1
A0A286QQX3,1
A0A286QR33,1
A0A286QR44,1
A0A286QR96,1
A0A286QRB7,1
A0A286QRD2,1
A0A286QRI1,1
A0A286QRL0,1
A0A286QRM7,1
A0A286QRP3,1
A0A286QRQ3,1
A0A286QRV9,1
A0A286QS50,1
A0A286QS74,1
A0A286QT03,1
A0A286QT49,1
A0A286QTI1,1
A0A286RWF9,1
A0A286S1R3,1
A0A288TXU9,1
A0A288TY66,1
A0A288WFQ3,1
A0A288WFT1,1
A0A288WFW6,1
A0A289YLY8,0
A0A289ZV56,0
A0A289ZW82,0
A0A290GJY1,1
A0A291AUN6,0
A0A291AUV5,0
A0A291AUX3,1
A0A291AV60,1
A0A291AVF5,1
A0A291AW37,1
A0A291AWF8,1
A0A291AWH0,1
A0A291AWP4,1
A0A291AWW2,0
A0A291AX69,0
A0A291AX84,0
A0A291AXG8,0
A0A291AXJ7,0
A0A291AXJ9,0
A0A291AXT8,0
A0A291AYI8,0
A0A291AYS9,0
A0A291AYT7,0
A0A291AZF6,0
A0A291B065,0
A0A291B075,0
A0A291I987,0
A0A291I9H5,1
A0A291I9S1,1
A0A291LA05,0
A0A291LB08,0
A0A291LB53,0
A0A291LBI6,0
A0A291LBJ2,0
A0A291LBS7,0
A0A291LBZ8,0
A0A291LC53,0
A0A291LD62,0
A0A291LDA0,0
A0A291LDQ3,0
A0A291LEA5,0
A0A291LF59,0
A0A291LFP6,0
A0A291LGR9,0
A0A291LGZ3,1
A0A291LH69,0
A0A291LH93,1
A0A291LHE3,1
A0A291LHM6,1
A0A291LHU5,1
A0A291NKX5,0
A0A292GAV4,0
A0A292GC73,0
A0A292GCB3,0
A0A292GJG6,0
A0A2C9CZI0,0
A0A2D0PCZ4,0
A0A2D0PD22,0
A0A2D0PDD7,0
A0A2D0PDR0,0
A0A2D0PDU8,0
A0A2D0PDZ5,0
A0A2D0PE47,0
A0A2D0PEC9,0
A0A2D0PER2,0
A0A2D0VKR9,0
A0A2D0W917,0
A0A2D0W997,0
A0A2D0W9F2,0
A0A2D0W9N2,0
A0A2D0W9X7,0
A0A2D0WXW5,1
A0A2D0XQH4,0
A0A2D0YJY1,0
A0A2D0YKS4,0
A0A2D0YKY3,0
A0A2D0YL19,0
A0A2D0YLK8,0
A0A2D0YM49,0
A0A2D0YX14,0
A0A2D0YXY6,0
A0A2D0YYE9,0
A0A2D0Z118,0
A0A2D0Z1S4,0
A0A2D0Z257,0
A0A2D0Z2G5,0
A0A2D0Z549,0
A0A2D0Z5R8,0
A0A2D0Z6V4,0
A0A2D0ZMX2,1
A0A2D1A3R1,0
A0A2D1A400,1
A0A2D1G5A6,1
A0A2D1G5T1,1
A0A2D1G5X8,1
A0A2D1G6C1,1
A0A2D1G768,1
A0A2D1G805,1
A0A2D1G842,1
A0A2D1G875,1
A0A2D1G888,1
A0A2D1G8Z1,1
A0A2D1G9U4,1
A0A2D1GA44,1
A0A2D1GA73,1
A0A2D1GAC1,1
A0A2D1GAU5,1
A0A2D1GB35,1
A0A2D1GC52,1
A0A2D1GC79,1
A0A2D1GCB5,1
A0A2D1GCQ8,1
A0A2D1GCZ4,1
A0A2D1GCZ8,1
A0A2D1GDJ1,1
A0A2D1GEF2,1
A0A2D1GEJ7,1
A0A2D1GEM7,1
A0A2D1GEV9,1
A0A2D1GF01,1
A0A2D1GFM6,1
A0A2D1GFQ1,1
A0A2D1GFY2,1
A0A2D1GGE7,1
A0A2D1GGK3,1
A0A2D1GGT5,1
A0A2D1GH84,1
A0A2D1GIG5,1
A0A2D1GIG8,1
A0A2D1GJ52,1
A0A2D1GJG5,1
A0A2D1GJQ0,1
A0A2D1GKA2,1
A0A2D1GKP9,1
A0A2D1GLJ2,0
A0A2D1GLY7,0
A0A2D1GM74,0
A0A2D1GMU0,0
A0A2D1GN01,0
A0A2D1GNI0,0
A0A2D1GNJ7,0
A0A2D1GP54,1
A0A2D1GPB4,0
A0A2D1GPD8,1
A0A2D1GPR8,1
A0A2D1GPW4,0
A0A2D1GQ84,1
A0A2D1GR13,0
A0A2D2W2B5,0
A0A2D2W2Q1,0
A0A2D2W2U6,0
A0A2D2W3G7,0
A0A2D2W3L7,1
A0A2D2W3X4,1
A0A2D2W4L6,1
A0A2D2W4W1,1
A0A2D2W4W8,0
A0A2D2W4Z1,0
A0A2D2W5N0,0
A0A2D2W691,0
A0A2D2W6K1,0
A0A2D2W6T8,0
A0A2D3QLT6,0
A0A2H1UJE4,0
A0A2H1UJF8,0
A0A2H1UKM9,0
A0A2H1X8W0,0
A0A2H1X9C5,0
A0A2H4ERM8,1
A0A2H4ERZ4,1
A0A2H4ES47,1
A0A2H4ES53,1
A0A2H4ESA4,1
A0A2H4ESA8,1
A0A2H4ESD4,1
A0A2H4ESL8,1
A0A2H4ESM0,1
A0A2H4ESS9,1
A0A2H4ESX4,1
A0A2H4ET51,1
A0A2H4F2T7,0
A0A2H4FB06,1
A0A2H4FND7,0
A0A2H4FSA1,0
A0A2H4GSX2,1
A0A2H4GY46,0
A0A2H4GYF1,0
A0A2H4IBA1,0
A0A2H4IBA9,0
A0A2H4IBK8,0
A0A2H4N091,0
A0A2H4N7D1,0
A0A2H4P6C3,0
A0A2H4P6G6,0
A0A2H4P6U7,0
A0A2H4P731,0
A0A2H4P7H3,0
A0A2H4P843,0
A0A2H4P869,0
A0A2H4P8D8,1
A0A2H4P8Q9,1
A0A2H4P918,1
A0A2H4P9D2,1
A0A2H4P9I7,1
A0A2H4P9K1,1
A0A2H4P9U8,1
A0A2H4PA12,1
A0A2H4PA14,1
A0A2H4PAG7,1
A0A2H4PB86,1
A0A2H4PB98,1
A0A2H4PBU9,1
A0A2H4PC41,1
A0A2H4PCN3,1
A0A2H4PCY0,1
A0A2H4PDE4,1
A0A2H4PDE9,1
A0A2H4PDL1,1
A0A2H4PDV7,1
A0A2H4PEH7,1
A0A2H4PEK0,1
A0A2H4PEX9,1
A0A2H4PF03,1
A0A2H4PFB8,1
A0A2H4PFF0,1
A0A2H4PFT0,1
A0A2H4PFX0,1
A0A2H4PG13,1
A0A2H4PG52,1
A0A2H4PGE4,1
A0A2H4PGK4,1
A0A2H4PGL6,0
A0A2H4PGV7,0
A0A2H4PHE2,0
A0A2H4PHH0,0
A0A2H4PI22,0
A0A2H4PI36,1
A0A2H4PIC5,0
A0A2H4PIV9,1
A0A2H4PIY8,1
A0A2H4PJ51,0
A0A2H4PP13,0
A0A2H4PP25,0
A0A2H4PQR3,1
A0A2H4PQS4,1
A0A2H4PQW8,1
A0A2H4PR36,1
A0A2H4PRP9,0
A0A2H4PRT6,1
A0A2H4PRX7,1
A0A2H4YD76,0
A0A2H4YDF2,1
A0A2H4YDI4,1
A0A2H4YEB0,0
A0A2H4YEE9,0
A0A2H4YEQ3,0
A0A2H4YF65,0
A0A2H4YFB5,0
A0A2H4YFQ7,0
A0A2H4YGD8,0
A0A2H4YGM8,0
A0A2H4YGY2,0
A0A2H4YHF2,1
A0A2H4YHN9,1
A0A2H5BFJ5,0
A0A2H5BFZ4,0
A0A2H5BG42,0
A0A2H5BGL8,0
A0A2H5BH66,0
A0A2H5BHE1,0
A0A2H5BHL8,0
A0A2H5BIJ1,0
A0A2H5BJF0,0
A0A2H5BKC3,0
A0A2H5BLB7,1
A0A2H5BLQ0,1
A0A2H5BLW9,1
A0A2H5BLZ5,1
A0A2H5BM63,1
A0A2H5BMB2,1
A0A2H5BML6,1
A0A2H5BMS6,1
A0A2H5BNE8,0
A0A2H5BNF0,0
A0A2H5BNX7,0
A0A2H5BPJ7,0
A0A2H5BPK3,0
A0A2H5BPL6,0
A0A2H5BQ54,0
A0A2H5BQB7,0
A0A2I2MPE9,1
A0A2I4HY37,0
A0A2I4Q1Q8,0
A0A2I5ARC6,0
A0A2I6PCW4,1
A0A2I6PD01,0
A0A2I6PDH0,1
A0A2I6PDK1,1
A0A2I6PDT5,1
A0A2I6PE01,1
A0A2I6PE84,1
A0A2I6PED1,1
A0A2I6PEM1,1
A0A2I6PET7,1
A0A2I6PEZ2,1
A0A2I6PF47,1
A0A2I6PFM8,0
A0A2I6PFP9,0
A0A2I6PFW7,0
A0A2I6PG56,0
A0A2I6PGP1,0
A0A2I6PH00,0
A0A2I6PH21,0
A0A2I6PHR1,0
A0A2I6PHU8,0
A0A2I6QQP3,1
A0A2I6QQX8,1
A0A2I6QR37,1
A0A2I6TCA1,0
A0A2I6TCF1,0
A0A2I6UF26,1
A0A2I6UF82,0
A0A2I6UF91,0
A0A2I6UHM2,1
A0A2I6UHW0,1
A0A2I7QHI7,1
A0A2I7QI01,0
A0A2I7QIN4,1
A0A2I7QIU4,0
A0A2I7QJ07,0
A0A2I7QJ80,0
A0A2I7QJC2,0
A0A2I7QJL4,0
A0A2I7QK42,0
A0A2I7QK83,0
A0A2I7QKL6,0
A0A2I7QKU5,0
A0A2I7QL28,0
A0A2I7QL74,0
A0A2I7QLB9,0
A0A2I7QM75,0
A0A2I7QMI2,0
A0A2I7QN34,0
A0A2I7QNI0,0
A0A2I7QQ66,0
A0A2I7QQD0,0
A0A2I7QQI9,0
A0A2I7QQT1,0
A0A2I7QR25,0
A0A2I7QRN6,0
A0A2I7QSV6,0
A0A2I7QT07,0
A0A2I7QT93,0
A0A2I7QU52,0
A0A2I7QUC7,0
A0A2I7QUH9,0
A0A2I7QUR2,0
A0A2I7QV66,0
A0A2I7QVC5,0
A0A2I7QVH5,0
A0A2I7QVR7,0
A0A2I7QVY1,0
A0A2I7QWB2,0
A0A2I7QX94,0
A0A2I7QXH2,0
A0A2I7QXY7,0
A0A2I7QYJ6,0
A0A2I7QYT6,0
A0A2I7QYZ5,0
A0A2I7QZQ9,0
A0A2I7QZW6,0
A0A2I7R074,0
A0A2I7R0C9,0
A0A2I7R0I8,0
A0A2I7R1B9,0
A0A2I7R1F1,0
A0A2I7R243,0
A0A2I7R2E0,0
A0A2I7R2I7,0
A0A2I7R2R3,0
A0A2I7R364,0
A0A2I7R3E7,0
A0A2I7R406,0
A0A2I7R4D5,0
A0A2I7R4K7,0
A0A2I7R4R2,0
A0A2I7R4X9,0
A0A2I7R5U0,0
A0A2I7R6Q4,0
A0A2I7R6W5,0
A0A2I7R771,0
A0A2I7R7C4,0
A0A2I7R7L6,0
A0A2I7R7R6,0
A0A2I7R7X8,0
A0A2I7R851,0
A0A2I7R8A8,0
A0A2I7R8M5,0
A0A2I7R8S3,0
A0A2I7R8X6,0
A0A2I7R9L5,0
A0A2I7R9W0,0
A0A2I7RA11,0
A0A2I7RA72,0
A0A2I7RAD4,0
A0A2I7RAI7,0
A0A2I7RAT1,0
A0A2I7RBC2,0
A0A2I7RBM4,0
A0A2I7RBW6,0
A0A2I7RBX5,0
A0A2I7RCA5,0
A0A2I7RCD2,0
A0A2I7RD74,0
A0A2I7RDH9,0
A0A2I7RE63,0
A0A2I7RED8,0
A0A2I7RFJ8,0
A0A2I7RFU8,0
A0A2I7RG18,0
A0A2I7RGA4,0
A0A2I7RGQ3,0
A0A2I7RGX8,0
A0A2I7RHA2,0
A0A2I7RHD8,0
A0A2I7RHK5,0
A0A2I7RHT0,0
A0A2I7RHT6,0
A0A2I7RHX2,0
A0A2I7RJM8,0
A0A2I7RJV0,0
A0A2I7RK30,0
A0A2I7RKH3,0
A0A2I7RLY1,0
A0A2I7RM84,0
A0A2I7RMF0,0
A0A2I7RML5,0
A0A2I7RMT7,0
A0A2I7RNI5,0
A0A2I7RNV9,0
A0A2I7RP54,0
A0A2I7RPW4,0
A0A2I7RQ26,0
A0A2I7RQ68,0
A0A2I7RQ91,0
A0A2I7RQE7,0
A0A2I7RQK6,0
A0A2I7RRA3,0
A0A2I7RRH4,0
A0A2I7RRM3,0
A0A2I7RRS0,0
A0A2I7RSG4,0
A0A2I7RSU2,0
A0A2I7RT23,0
A0A2I7RT67,0
A0A2I7RTC4,0
A0A2I7RTL4,0
A0A2I7RTX0,0
A0A2I7RUM4,0
A0A2I7RUP1,0
A0A2I7RV52,0
A0A2I7RVA7,0
A0A2I7RVH5,0
A0A2I7RWA0,0
A0A2I7RWZ9,0
A0A2I7RX30,0
A0A2I7RX68,0
A0A2I7RX77,0
A0A2I7RX91,0
A0A2I7RXW8,0
A0A2I7RY31,0
A0A2I7RYZ6,0
A0A2I7RZB9,0
A0A2I7RZD8,0
A0A2I7RZL0,0
A0A2I7RZY6,0
A0A2I7S030,0
A0A2I7S0L3,0
A0A2I7S0Q5,0
A0A2I7S323,0
A0A2I7S3J9,0
A0A2I7S3P8,0
A0A2I7S4F0,0
A0A2I7S631,0
A0A2I7S6C9,0
A0A2I7S6J0,0
A0A2I7S6T9,0
A0A2I7S6Z9,0
A0A2I7S753,0
A0A2I7S7M5,0
A0A2I7S7W9,0
A0A2I7S885,0
A0A2I7S8G4,0
A0A2I7S8S6,0
A0A2I7S954,0
A0A2I7S9B9,0
A0A2I7S9G3,0
A0A2I7SB14,0
A0A2I7SBQ5,0
A0A2I7SBV6,1
A0A2I7SBV9,1
A0A2I7SBW7,1
A0A2I7SBX0,1
A0A2I7SC18,1
A0A2I7SC76,1
A0A2I7SCE7,1
A0A2I7SCL4,1
A0A2I7SCT0,1
A0A2I7SD00,1
A0A2I7SD67,1
A0A2I7SDE9,1
A0A2K5B2A3,1
A0A2K8GPS6,0
A0A2K8H4U9,0
A0A2K8HDL6,0
A0A2K8HPC2,0
A0A2K8HS77,0
A0A2K8HZR8,0
A0A2K8I4D4,0
A0A2K8I638,1
A0A2K8I8J6,1
A0A2K8I8L6,1
A0A2K8I9P5,1
A0A2K8IAU1,1
A0A2K8IBB2,1
A0A2K8IBM0,1
A0A2K8ICB3,1
A0A2K8ICI2,1
A0A2K8IF03,1
A0A2K8IF60,1
A0A2K8IFM2,1
A0A2K8IFR1,1
A0A2K8IG29,1
A0A2K8IGA4,1
A0A2K8IHU6,1
A0A2K8II73,1
A0A2K8III8,1
A0A2K8IJ21,1
A0A2K8IJG1,1
A0A2K8IK40,1
A0A2K8IK61,1
A0A2K8IKG1,1
A0A2K8IL31,1
A0A2K8IL55,1
A0A2K8ILQ4,1
A0A2K8ILY9,1
A0A2K8ILZ3,1
A0A2K8IMW3,1
A0A2K8INP2,1
A0A2K8IP15,1
A0A2K8IPT6,1
A0A2K8IPU4,1
A0A2K8IPY2,1
A0A2K8IQB7,1
A0A2K8IR65,1
A0A2K8IRN1,1
A0A2K8ISE0,1
A0A2K8ITG7,1
A0A2K8IW13,1
A0A2K8IWL3,1
A0A2K9V2F8,0
A0A2K9V2U2,1
A0A2K9V338,1
A0A2K9V347,1
A0A2K9V3B7,1
A0A2K9V3I9,1
A0A2K9V3Q0,1
A0A2K9V3X1,1
A0A2K9V4B1,1
A0A2K9V4C5,1
A0A2K9V500,0
A0A2K9V574,1
A0A2K9V5A4,1
A0A2K9V5M3,0
A0A2K9V5Q0,0
A0A2K9V6C1,1
A0A2K9VA32,0
A0A2K9VA93,0
A0A2K9VAT4,0
A0A2K9VAY0,0
A0A2K9VBB4,0
A0A2K9VBC6,0
A0A2K9VBR6,1
A0A2K9VBX9,1
A0A2K9VCD7,1
A0A2K9VCL2,1
A0A2K9VCM3,1
A0A2K9VDG6,1
A0A2K9VDJ1,1
A0A2K9VDJ5,1
A0A2K9VDX0,1
A0A2K9VE23,1
A0A2K9VED0,1
A0A2K9VED9,1
A0A2K9VEN0,1
A0A2K9VEV8,1
A0A2K9VFC9,0
A0A2K9VFH1,0
A0A2K9VG16,0
A0A2K9VGD8,0
A0A2K9VGP4,0
A0A2K9VGT1,1
A0A2K9VH40,1
A0A2K9VH44,1
A0A2K9VHF1,0
A0A2K9VHI2,0
A0A2K9VI88,0
A0A2K9VI92,1
A0A2K9VIG0,1
A0A2K9VIP5,1
A0A2K9VIT1,1
A0A2K9VIW1,1
A0A2K9VIX0,1
A0A2K9VJA2,1
A0A2K9VJN1,1
A0A2K9VJS3,1
A0A2K9VJT7,1
A0A2K9VJV1,0
A0A2K9VK24,0
A0A2K9VKC5,0
A0A2K9VKK6,0
A0A2K9VLN5,0
A0A2K9VLP4,0
A0A2K9VMD3,0
A0A2K9VME1,0
A0A2K9VMV8,0
A0A2K9VMW9,0
A0A2K9VNW0,0
A0A2K9VNY7,0
A0A2L0E7W4,1
A0A2L0E7X0,1
A0A2L0E800,1
A0A2L0E806,1
A0A2L0HJ93,1
A0A2L0HJL6,1
A0A2L0HJT5,1
A0A2L0HK03,1
A0A2L0HKB5,1
A0A2L0HKM7,1
A0A2L0HKT9,1
A0A2L0HL33,1
A0A2L0HLE9,1
A0A2L0HPG5,0
A0A2L0HPR8,0
A0A2L0UYX0,0
A0A2L0UZ03,0
A0A2L0V0S8,0
A0A2L0V0V2,0
A0A2L0V0Z1,0
A0A2L1IV49,0
A0A2L1IVC0,1
A0A2L1IVD0,1
A0A2L1IVJ9,1
A0A2L1IVL5,1
A0A2L1IW19,1
A0A2L1IWJ8,1
A0A2L1IWL2,1
A0A2L1IWT7,1
A0A2L1IX84,1
A0A2L1IXA4,1
A0A2L1IXH7,1
A0A2L1IXW1,1
A0A2L1IYL0,1
A0A2L1IYS4,1
A0A2L1IZB2,1
A0A2L1IZJ8,1
A0A2L1IZL4,1
A0A2L1IZV9,1
A0A2L1IZY4,1
A0A2L1J041,1
A0A2P0N9X8,0
A0A2P0P9W0,0
A0A2P0PAE7,0
A0A2P0PAW6,0
A0A2P0PB29,0
A0A2P0QDJ2,0
A0A2P0QEA2,0
A0A2P0QGU4,0
A0A2P0VFX9,1
A0A2P0VFZ2,1
A0A2P0VGB0,1
A0A2P0VGB4,1
A0A2P0VGC2,1
A0A2P0VHP1,1
A0A2P0VHS1,1
A0A2P0VHY1,1
A0A2P0VI32,1
A0A2P0VI55,1
A0A2P0VI94,1
A0A2P0VIH0,1
A0A2P0VIH9,1
A0A2P0VII5,1
A0A2P0VIM3,1
A0A2P0VJP4,1
A0A2P0VJV4,1
A0A2P0VK82,1
A0A2P0VPI1,0
A0A2P0W9V1,0
A0A2P0XN13,0
A0A2P0ZKF3,0
A0A2P0ZKW9,1
A0A2P0ZKX1,1
A0A2P0ZL86,1
A0A2P0ZLG2,1
A0A2P0ZLH5,1
A0A2P0ZLK0,0
A0A2P0ZZ81,0
A0A2P1A0D3,1
A0A2P1A0T5,1
A0A2P1A0V6,1
A0A2P1A164,1
A0A2P1A1Z8,1
A0A2P1A2G1,1
A0A2P1A2H9,1
A0A2P1A2Y7,1
A0A2P1CA59,0
A0A2P1CAI9,0
A0A2P1CBC6,1
A0A2P1CC01,1
A0A2P1CC23,1
A0A2P1CCB1,0
A0A2P1CCE6,1
A0A2P1CCN5,0
A0A2P1CCT6,1
A0A2P1CCZ6,1
A0A2P1CDJ4,1
A0A2P1CDX9,1
A0A2P1CE32,1
A0A2P1CEC1,1
A0A2P1CEK6,1
A0A2P1CEX4,1
A0A2P1CF39,1
A0A2P1CFA9,1
A0A2P1CFN0,1
A0A2P1CFS5,1
A0A2P1CG11,1
A0A2P1CGG3,1
A0A2P1CGN0,1
A0A2P1CH67,1
A0A2P1CHJ0,1
A0A2P1CHN6,1
A0A2P1CHX5,1
A0A2P1CIB7,1
A0A2P1CIJ7,1
A0A2P1CIP5,1
A0A2P1CIS8,1
A0A2P1CJB4,1
A0A2P1CJK8,1
A0A2P1CKB2,1
A0A2P1CKH8,1
A0A2P1CKI9,1
A0A2P1CKX6,0
A0A2P1CKX8,0
A0A2P1CL13,0
A0A2P1JQ49,1
A0A2P1JQB5,1
A0A2P1JQM0,1
A0A2P1JQW1,1
A0A2P1JR63,1
A0A2P1JRH1,1
A0A2P1JRY3,1
A0A2P1JS46,1
A0A2P1JSD2,1
A0A2P1JSN2,1
A0A2P1JSZ8,1
A0A2P1JT00,1
A0A2P1JT51,1
A0A2P1JTE2,1
A0A2P1JTQ5,1
A0A2P1JU23,1
A0A2P1JU92,0
A0A2P1JUA1,0
A0A2P1JUJ2,1
A0A2P1JUY7,0
A0A2P1JV09,1
A0A2P1JVZ7,1
A0A2P1JW98,1
A0A2P1JWL6,1
A0A2P1JWS4,1
A0A2P1JX33,1
A0A2P1JY73,1
A0A2P1JYD2,1
A0A2P1JYS3,1
A0A2P1JZ08,1
A0A2P1JZ43,1
A0A2P1JZD7,1
A0A2P1K029,1
A0A2P1K0B0,1
A0A2P1MX12,0
A0A2P1MXF6,0
A0A2P1MXH0,0
A0A2P1MXI3,1
A0A2P1MY02,1
A0A2P1MY28,0
A0A2P1N078,1
A0A2P1N0I7,1
A0A2P1N1A7,1
A0A2P1N1N0,1
A0A2P1N277,1
A0A2P1N2A3,1
A0A2P1N2J6,1
A0A2P1N2V8,1
A0A2P1N356,1
A0A2P1N3B0,1
A0A2P1N3H3,1
A0A2P1N4E4,1
A0A2P1N4T8,1
A0A2P1N4U0,1
A0A2P1N5E0,1
A0A2P1N5K3,1
A0A2P1N5S0,1
A0A2P1N5U3,1
A0A2P9FI97,0
A0A2P9HY81,0
A0A2P9JZ92,1
A0A2P9JZI1,0
A0A2P9JZU6,0
A0A2R2V0V4,0
A0A2R2YAJ6,0
A0A2R2Z343,0
A0A2R2ZGC0,0
A0A2R2ZGL3,1
A0A2R2ZGL8,1
A0A2R2ZH38,1
A0A2R2ZH43,1
A0A2R3U9A3,0
A0A2R3U9S4,0
A0A2R3U9Z6,0
A0A2R3ZX43,0
A0A2R3ZXN5,1
A0A2R3ZXP2,1
A0A2R3ZXP9,1
A0A2R3ZY82,0
A0A2R3ZYQ4,1
A0A2R3ZYX7,1
A0A2R3ZZL7,1
A0A2R4A059,1
A0A2R4A103,1
A0A2R4A1H5,1
A0A2R4A1Y4,1
A0A2R4A258,1
A0A2R4A372,1
A0A2R4ALG9,0
A0A2R4AMJ9,1
A0A2R4AMN5,1
A0A2R4AMZ9,1
A0A2R4ANA2,1
A0A2R4ANE7,1
A0A2R4ANV2,1
A0A2R4AP12,1
A0A2R4AP94,1
A0A2R4APH6,1
A0A2R4AQ01,1
A0A2R4AQK2,1
A0A2R4AQT9,1
A0A2R4ARN9,1
A0A2R4ASA3,1
A0A2R4P8P2,1
A0A2R4P8P5,1
A0A2R4P9D5,0
A0A2R4SAX2,1
A0A2R4SAX3,1
A0A2R4SAX7,1
A0A2S0CSU6,1
A0A2S0M3H7,0
A0A2S1GL80,0
A0A2S1GLD1,0
A0A2S1GLL8,0
A0A2S1GMD1,0
A0A2S1GMF3,0
A0A2S1GML4,0
A0A2S1GMS1,0
A0A2S1GMZ6,0
A0A2S1GN15,0
A0A2S1GN17,0
A0A2S1GN54,0
A0A2S1GND8,0
A0A2S1GNJ0,0
A0A2S1GP57,0
A0A2S1GP75,0
A0A2S1GPK4,0
A0A2S1GQB5,0
A0A2S1GQC1,0
A0A2S1GQY9,0
A0A2S1GR06,0
A0A2S1GRR9,0
A0A2S1GRS7,0
A0A2S1GSE8,0
A0A2S1GSK4,1
A0A2S1GSL2,0
A0A2S1GSQ6,0
A0A2S1GSX4,0
A0A2S1GT50,0
A0A2S1GTB3,0
A0A2S1GTR3,1
A0A2S1GTR8,0
A0A2S1GTV8,0
A0A2S1GU88,1
A0A2S1P912,1
A0A2S1P9B4,1
A0A2S1P9B9,1
A0A2S1PAE6,1
A0A2S1PAR3,1
A0A2S1PB03,1
A0A2S1PBB3,1
A0A2S1PBY7,1
A0A2S1PC60,1
A0A2S1PCM6,1
A0A2S1PCT1,1
A0A2S1PCZ0,1
A0A2S1PDE9,0
A0A2S1PDH0,0
A0A2S1PDT1,0
A0A2S1PDX6,0
A0A2S1PEA0,0
A0A2S1PEK6,0
A0A2S1PF52,1
A0A2S1PFE2,1
A0A2S1PFQ6,0
A0A2S1PFT0,0
A0A2S1PG72,0
A0A2S1PGS0,0
A0A2S1PGU3,0
A0A2S1ZES1,0
A0A2U7N8B0,0
A0A2U7N914,0
A0A2U7NLU2,0
A0A2U7NLZ5,0
A0A2U7NMW4,0
A0A2U7P794,0
A0A2U7VJQ1,1
A0A2U7VK07,1
A0A2U7VK18,1
A0A2U8QP94,0
A0A2U8QPS9,0
A0A2U8QPW5,0
A0A2U8QQK9,0
A0A2U8UG77,1
A0A2U8UGI3,1
A0A2U8UGP9,1
A0A2U8UGX7,1
A0A2U8UH67,1
A0A2U8UIP4,1
A0A2U8UIZ5,1
A0A2U8UJJ8,1
A0A2U8UJS9,1
A0A2U8UKC2,1
A0A2U8UKP6,1
A0A2U8ULA6,1
A0A2U8ULA9,1
A0A2U8UM53,1
A0A2U8UMJ2,1
A0A2U8UMZ7,1
A0A2U8UN57,1
A0A2U8UNJ8,1
A0A2U8UNQ7,1
A0A2U8UNR5,1
A0A2U8UP54,1
A0A2U8UPI8,1
A0A2U8UPW7,1
A0A2U8UQ28,1
A0A2U8UQJ7,1
A0A2U8UQM8,1
A0A2U8UQU9,1
A0A2U8UQZ9,1
A0A2U8UR00,1
A0A2U8USG0,0
A0A2U8USK1,0
A0A2U8USP6,0
A0A2U8UST6,0
A0A2U8UTK5,1
A0A2U8UUL2,1
A0A2U8UV78,1
A0A2U8UV87,1
A0A2U8UW97,1
A0A2U8UWC0,1
A0A2U8UWG9,0
A0A2U8UWR1,0
A0A2U8UX92,0
A0A2U8UXG6,0
A0A2U8UY39,0
A0A2U8UY92,0
A0A2U9PEI5,1
A0A2U9PFL4,1
A0A2Z2E736,1
A0A2Z2E9B5,1
A0A2Z2F8Z0,0
A0A2Z2FAG6,0
A0A2Z2FAL4,0
A0A2Z2FBK1,0
A0A2Z2FDG9,0
A0A2Z2FFX8,0
A0A2Z2GLK6,1
A0A2Z2GUJ4,1
A0A2Z2GXJ7,0
A0A2Z2P287,1
A0A2Z2P3K7,1
A0A2Z2P5Z3,1
A0A2Z2P6K4,1
A0A2Z2QIK0,1
A0A2Z2QIL8,1
A0A2Z2RST3,1
A0A2Z2RUP4,1
A0A2Z2RUU6,1
A0A2Z2RWV8,1
A0A2Z2RWW9,1
A0A2Z2RX37,1
A0A2Z2RXL2,1
A0A2Z2RY37,1
A0A2Z2U6T4,0
A0A2Z2U7P0,0
A0A2Z2U7X2,0
A0A2Z2UC06,1
A0A2Z2XQR8,1
A0A2Z2XRS9,1
A0A2Z2XRY7,1
A0A2Z2XS21,1
A0A2Z2XSR8,1
A0A2Z2XSZ4,1
A0A2Z2XT30,1
A0A2Z2XT83,1
A0A2Z2XTD5,1
A0A2Z2XUJ0,1
A0A2Z2XUQ4,1
A0A2Z2XVV2,1
A0A2Z2XW45,1
A0A2Z2XXU0,1
A0A2Z3DM40,0
A0A2Z3DNK0,0
A0A2Z3DRH2,0
A0A2Z3EAE0,1
A0A2Z4PZH1,1
A0A2Z4PZH7,0
A0A2Z4PZL8,0
A0A2Z4Q002,1
A0A2Z4Q029,0
A0A2Z4Q0K8,0
A0A2Z4Q123,0
A0A2Z4Q128,1
A0A2Z4Q150,1
A0A2Z4Q1A4,1
A0A2Z4Q1Q0,1
A0A2Z4Q1Q2,1
A0A2Z4Q1Y2,1
A0A2Z4Q2C1,0
A0A2Z4Q2H2,1
A0A2Z4Q3E7,1
A0A2Z4Q3T0,1
A0A2Z4Q4C7,1
A0A2Z4Q4D3,0
A0A2Z4Q4F2,1
A0A2Z4Q4M1,1
A0A2Z4Q4S3,1
A0A2Z4Q4Y3,1
A0A2Z4Q5C9,1
A0A2Z4Q5M5,1
A0A2Z4Q613,1
A0A2Z4Q627,1
A0A2Z4Q640,1
A0A2Z4Q6U3,1
A0A2Z4Q731,1
A0A2Z4Q777,1
A0A2Z4Q7B1,1
A0A2Z4Q7D8,1
A0A2Z4Q7L4,1
A0A2Z4Q823,1
A0A2Z4Q8H8,1
A0A2Z4Q8M9,1
A0A2Z4Q8R8,1
A0A2Z4Q8W9,1
A0A2Z4Q942,1
A0A2Z4QAI3,0
A0A2Z4QAM1,1
A0A2Z4QAY5,1
A0A2Z4QB05,0
A0A2Z4QB52,1
A0A2Z4QBA7,1
A0A2Z4QBH3,1
A0A2Z4QBH5,1
A0A2Z4QBI6,1
A0A2Z4QBQ0,1
A0A2Z4QBW0,1
A0A2Z4QC13,1
A0A2Z4QC35,1
A0A2Z4QC88,1
A0A2Z4QC94,1
A0A2Z4QCS4,0
A0A2Z4QCV4,0
A0A2Z4QE46,0
A0A2Z4QEB8,0
A0A2Z4QEK4,0
A0A2Z4QEZ3,0
A0A2Z4QFL1,0
A0A2Z4QFL8,0
A0A2Z4QFN7,0
A0A2Z4QFR3,0
A0A2Z4QFY2,0
A0A2Z4QGE6,0
A0A2Z4QGM7,0
A0A2Z4QHJ1,0
A0A2Z4QHK0,0
A0A2Z4QHU5,0
A0A2Z4QIN2,1
A0A2Z4QIX7,1
A0A2Z4QJC6,0
A0A2Z5H035,0
A0A2Z5H0H6,1
A0A2Z5H0J6,1
A0A2Z5H0T0,1
A0A2Z5H107,1
A0A2Z5H1E3,1
A0A2Z5H1M8,1
A0A2Z5H220,1
A0A2Z5H2J7,1
A0A2Z5H2Q9,0
A0A2Z5H386,1
A0A2Z5H3G7,0
A0A2Z5H406,0
A0A2Z5H449,1
A0A2Z5H4F5,1
A0A2Z5H4I5,0
A0A2Z5H4J3,1
A0A2Z5H537,0
A0A2Z5H579,1
A0A2Z5H5J0,1
A0A2Z5H5Q4,1
A0A2Z5H605,1
A0A2Z5H637,1
A0A2Z5H6C2,1
A0A2Z5H6D8,1
A0A2Z5H6J1,1
A0A2Z5H704,1
A0A2Z5H7J5,1
A0A2Z5H7U2,1
A0A2Z5H8S4,1
A0A2Z5H8V1,1
A0A2Z5HAY2,1
A0A2Z5HB15,1
A0A2Z5HBY9,1
A0A2Z5HC51,0
A0A2Z5HCE3,1
A0A2Z5HD49,1
A0A2Z5HDR3,1
A0A2Z5HEM8,1
A0A2Z5HEN4,1
A0A2Z5HEY5,1
A0A2Z5HF41,0
A0A2Z5HF92,1
A0A2Z5HF94,1
A0A2Z5HF97,1
A0A2Z5HHF3,0
A0A2Z5HHI9,0
A0A2Z5HHK1,0
A0A2Z5HHT8,0
A0A2Z5HI29,0
A0A2Z5HI76,0
A0A2Z5HI99,0
A0A2Z5HIQ0,0
A0A2Z5HJJ1,0
A0A2Z5HK36,0
A0A2Z5HK95,0
A0A2Z5HKI1,0
A0A2Z5HKU3,0
A0A2Z5HLK6,0
A0A2Z5HME0,0
A0A2Z5HMG8,0
A0A2Z5HMT3,0
A0A2Z5HMU1,0
A0A2Z5HND7,0
A0A2Z5HNJ3,0
A0A2Z5HNK7,0
A0A2Z5HP14,0
A0A2Z5HP76,0
A0A2Z5HPE8,0
A0A2Z5HPI7,0
A0A2Z5HPS3,0
A0A2Z5HQ90,0
A0A2Z5HQN5,0
A0A2Z5HQR2,0
A0A2Z5HQY4,0
A0A2Z5HRA9,0
A0A2Z5HRG3,1
A0A2Z5HRM4,0
A0A2Z5HSB9,0
A0A2Z5HSC8,0
A0A2Z5HSD9,0
A0A2Z5HSN1,0
A0A2Z5HTF1,0
A0A2Z5WJX8,0
A0A2Z5WJY6,0
A0A2Z5WKM3,0
A0A2Z5WKN3,0
A0A2Z5WKN9,0
A0A2Z5X8F8,1
A0A2Z5X8L4,1
A0A2Z5XBK4,1
A0A2Z5XBM2,1
A0A2Z5XBV6,1
A0A2Z5XC42,1
A0A2Z5XCX2,1
A0A2Z5XV53,1
A0A2Z5XVD5,1
A0A2Z5XVP6,1
A0A2Z5YQJ1,1
A0A2Z5ZCH0,0
A0A2Z5ZCI7,0
A0A2Z6BEJ9,1
A0A2Z6C8E4,0
A0A2Z6C903,0
A0A2Z6FZA5,1
A0A2Z6FZW5,1
A0A343JN88,1
A0A343JN90,1
A0A343JNE3,1
A0A343JNI9,1
A0A343JNJ0,1
A0A343JNP9,1
A0A343JNU7,1
A0A343JNU8,1
A0A343JP05,1
A0A343JP53,1
A0A343JPA8,1
A0A343JPG9,1
A0A343JPH0,1
A0A343JPM8,1
A0A343JPM9,1
A0A343JPT7,1
A0A343JPY4,1
A0A343JPY5,1
A0A343JQ36,1
A0A343JQ37,1
A0A343JQ90,1
A0A343JQ91,1
A0A343JQE1,1
A0A343JQI7,1
A0A343JQI8,1
A0A343JQP1,1
A0A343JQP2,1
A0A343JQU2,1
A0A343JQU3,1
A0A343JQZ6,1
A0A343KJY5,0
A0A343S183,0
A0A343UT88,0
A0A343X847,1
A0A344UBY9,0
A0A345ANS5,0
A0A345ANX8,1
A0A345AP02,1
A0A345API3,1
A0A345APK8,1
A0A345AQ64,1
A0A345AQC9,1
A0A345AQF2,0
A0A345AQJ1,1
A0A345AQQ9,1
A0A345AR29,1
A0A345AR88,1
A0A345ARF2,0
A0A345ARI4,1
A0A345ARQ6,1
A0A345ARX6,1
A0A345AS42,1
A0A345ASB3,1
A0A345ASH8,1
A0A345ASR5,1
A0A345AT03,1
A0A345AT69,1
A0A345ATD6,1
A0A345ATK2,1
A0A345ATT8,1
A0A345AU12,1
A0A345AU78,1
A0A345AUE3,1
A0A345AUK2,0
A0A345AUX5,0
A0A345AVC1,0
A0A345AVF2,1
A0A345AVP6,1
A0A345AVY6,1
A0A345AXB2,0
A0A345AXF6,0
A0A345AXR0,1
A0A345AYL4,0
A0A345AYT3,1
A0A345AZ96,0
A0A345AZA5,0
A0A345AZS4,1
A0A345BLI3,0
A0A345BLM7,0
A0A345BLY5,0
A0A345BM58,1
A0A345BMQ5,1
A0A345BMZ2,1
A0A345BSH2,0
A0A345BSI1,0
A0A345GT66,1
A0A345GT70,1
A0A345GTN0,1
A0A345GTZ6,0
A0A345KKQ5,1
A0A345KL06,1
A0A345KL14,1
A0A345KL46,1
A0A345KLH4,1
A0A345KLP6,1
A0A345KLV8,1
A0A345KM06,1
A0A345KM90,1
A0A345KMK2,1
A0A345KMT0,1
A0A345KN64,1
A0A345KNE8,1
A0A345KNN6,1
A0A345KNZ1,1
A0A345KP36,1
A0A345KPF3,1
A0A345KPK5,1
A0A345KPV9,1
A0A345KQ17,1
A0A345KQ74,1
A0A345KQI1,1
A0A345KQP7,1
A0A345KQU9,1
A0A345KR68,1
A0A345KRD0,1
A0A345KRQ9,1
A0A345KRY4,1
A0A345KS84,1
A0A345KSH7,1
A0A345KSS6,1
A0A345KSY9,1
A0A345KTA3,1
A0A345KTI6,1
A0A345KTX9,1
A0A345KUB7,1
A0A345KUG3,1
A0A345KUQ1,1
A0A345KV15,1
A0A345KV98,1
A0A345KVK8,1
A0A345KVV7,1
A0A345KW49,1
A0A345KWK5,1
A0A345KWR8,1
A0A345KXJ3,1
A0A345KXQ8,1
A0A345KY04,1
A0A345KYC7,1
A0A345KYL1,1
A0A345KZA0,1
A0A345KZK8,1
A0A345L0I4,1
A0A345L0S2,1
A0A345L129,1
A0A345L130,1
A0A345L1B9,1
A0A345L1L1,1
A0A345L1L5,1
A0A345L231,1
A0A345L2B9,1
A0A345L2C1,1
A0A345L2H6,1
A0A345L2R1,1
A0A345L310,1
A0A345L3C9,1
A0A345L3D0,1
A0A345L3Z7,1
A0A345L491,1
A0A345L4X5,1
A0A345L4X6,1
A0A345L528,1
A0A345L5D5,1
A0A345L5Y8,1
A0A345L6P3,0
A0A345M411,1
A0A345M412,1
A0A345M429,1
A0A345M4C7,1
A0A345M4C8,1
A0A345M4F3,1
A0A345M4F4,1
A0A345M4H9,1
A0A345M4I0,1
A0A345M528,1
A0A345M596,1
A0A345M597,1
A0A345M5R7,1
A0A345M5R8,1
A0A345M5X4,1
A0A345M636,1
A0A345M6H3,1
A0A345M6H4,1
A0A345M6N0,1
A0A345M6N1,1
A0A345M6Y6,1
A0A345M6Y7,1
A0A345M702,1
A0A345M708,1
A0A345M7N2,1
A0A345M7S7,1
A0A345M7T2,1
A0A345M8G7,1
A0A345M8H2,1
A0A345M9H2,1
A0A345M9R4,1
A0A345M9R9,1
A0A345MAJ4,1
A0A345MAP4,1
A0A345MAV1,1
A0A345MB69,1
A0A345MBG2,1
A0A345MBR4,1
A0A345MC09,1
A0A345MCG4,1
A0A345MCG5,1
A0A345MCN5,1
A0A345MCZ0,0
A0A345MDN1,1
A0A345MDV2,1
A0A345MDV6,1
A0A345MEC8,1
A0A345MES3,1
A0A345MF39,1
A0A345MFF3,1
A0A345MFL4,1
A0A345MFX4,1
A0A345MG85,1
A0A345MG90,1
A0A345MGX5,1
A0A345MH77,1
A0A345MH82,1
A0A345MI49,1
A0A345MID4,1
A0A345MIN7,1
A0A345MIN8,1
A0A345MJB2,1
A0A345MJQ8,1
A0A345MK47,1
A0A345MKE4,1
A0A346FBC1,1
A0A346FBK7,1
A0A346FBX0,1
A0A346FC93,1
A0A346FCL4,1
A0A346FD11,1
A0A346FDB4,0
A0A346FDZ5,1
A0A346FE74,0
A0A346FHP8,0
A0A346FHS8,0
A0A346FIJ7,0
A0A346FJ71,0
A0A346FJK1,0
A0A346FJK3,0
A0A346FK38,1
A0A346FKG7,0
A0A346HW46,0
A0A346N934,1
A0A346TNH1,1
A0A348JCV1,0
A0A384SII7,0
A0A384SIJ5,0
A0A384SIU4,0
A0A384SL19,0
A0A384SLF9,0
A0A384SZT5,0
A0A384T8F3,0
A0A384T8M3,0
A0A384T8M6,0
A0A384T9D8,0
A0A384TAV0,0
A0A384TD43,0
A0A384TDB0,0
A0A384TF23,0
A0A384UH61,0
A0A384UIY2,0
A0A384WIG2,0
A0A384WJ38,0
A0A384WJ71,0
A0A384WK54,0
A0A384WX53,0
A0A384WYL7,0
A0A384WZ35,0
A0A384X998,1
A0A384X9J7,1
A0A384ZRV0,0
A0A384ZS01,0
A0A384ZU43,0
A0A384ZVV7,0
A0A384ZWH7,0
A0A384ZWT7,0
A0A384ZXC2,0
A0A384ZXQ7,0
A0A384ZYC7,0
A0A384ZZA0,0
A0A384ZZH7,0
A0A385A117,0
A0A385CZN7,1
A0A385CZZ1,1
A0A385D0Q1,1
A0A385D144,1
A0A385D1K5,1
A0A385D1L3,1
A0A385D1U0,1
A0A385D246,1
A0A385D2I4,1
A0A385D2Z7,1
A0A385D3B0,1
A0A385D3E5,1
A0A385D3Q2,1
A0A385D503,1
A0A385D586,1
A0A385DN04,1
A0A385DN10,1
A0A385DNK0,1
A0A385DNT4,1
A0A385DPB9,1
A0A385DQI6,1
A0A385DR42,1
A0A385DR99,1
A0A385DRD3,1
A0A385DRR9,1
A0A385DS07,1
A0A385DS08,1
A0A385DS23,1
A0A385DSB3,1
A0A385DSJ0,1
A0A385DSL3,1
A0A385DTM7,1
A0A385DTS0,1
A0A385DU67,1
A0A385DV03,1
A0A385DV82,1
A0A385DVK0,1
A0A385DVT4,0
A0A385DWK4,1
A0A385DWQ6,1
A0A385DWR7,1
A0A385DWZ8,1
A0A385DX05,1
A0A385DXD2,1
A0A385DXV8,1
A0A385DY77,1
A0A385DZ80,1
A0A385DZ81,1
A0A385DZA2,1
A0A385DZG3,1
A0A385DZG8,1
A0A385DZN0,1
A0A385DZZ5,1
A0A385E048,1
A0A385E0E1,1
A0A385E0G9,1
A0A385E0L2,1
A0A385E0L9,1
A0A385E1A3,1
A0A385E1C5,1
A0A385E1E5,1
A0A385E1X5,1
A0A385E7J7,1
A0A385E872,0
A0A385E984,1
A0A385E9F7,0
A0A385EA26,1
A0A385EAG5,1
A0A385EAH6,0
A0A385EAS7,0
A0A385EBE1,0
A0A385EBE6,0
A0A385EBE8,0
A0A385EE77,0
A0A385EF89,0
A0A385EFM1,0
A0A385EFZ0,0
A0A385EH01,0
A0A385EH56,0
A0A385EH77,0
A0A385F1X1,0
A0A385IEG2,0
A0A385IEK9,0
A0A385IFJ8,0
A0A385IFR3,0
A0A385IFT5,0
A0A385IFZ3,0
A0A385IG51,0
A0A385IGA6,0
A0A385IGH5,0
A0A385IGT7,0
A0A385IH11,0
A0A385IIA5,0
A0A385IIC0,0
A0A385IIP2,0
A0A385IJD4,1
A0A385IJQ9,1
A0A385IJZ8,1
A0A385IKI2,0
A0A385IKP2,1
A0A385IKQ3,1
A0A385IND9,0
A0A385IPB4,0
A0A385IPD3,0
A0A385IPE2,0
A0A385IPL2,0
A0A385IQ79,0
A0A385IQF3,1
A0A385IR20,1
A0A385IRL8,1
A0A385IRS4,0
A0A385IS16,0
A0A385ISM9,0
A0A385ISV1,1
A0A385IT93,0
A0A385ITA0,0
A0A385ITU1,0
A0A385ITU4,0
A0A385ITX1,0
A0A385UBR6,1
A0A385UBV3,1
A0A385UCH8,1
A0A385UCI0,1
A0A385UDM1,1
A0A385UDQ0,1
A0A385UDV3,1
A0A385UED9,1
A0A385UEY8,1
A0A385UFA7,1
A0A385UFJ7,1
A0A385UFM0,1
A0A385UGL0,1
A0A385UI13,1
A0A385UI25,1
A0A385UK50,1
A0A385UKB3,1
A0A385UKB6,1
A0A385UKD1,1
A0A385UKG1,1
A0A385UL34,1
A0A386K3R8,0
A0A386K4X5,0
A0A386K4Y0,0
A0A386K5F6,0
A0A386K5M0,0
A0A386K5T5,0
A0A386K604,0
A0A386K6X8,0
A0A386K770,0
A0A386K776,1
A0A386K7B0,0
A0A386K7V4,1
A0A386K7V8,1
A0A386K7Y2,1
A0A386K875,1
A0A386K889,0
A0A386K8H2,1
A0A386K8Z8,0
A0A386K918,1
A0A386K9K8,1
A0A386K9S6,1
A0A386KAC4,1
A0A386KAF4,1
A0A386KAJ2,1
A0A386KB78,1
A0A386KBJ2,1
A0A386KC63,1
A0A386KCE5,0
A0A386KD12,1
A0A386KD63,1
A0A386KDH5,0
A0A386KDK6,1
A0A386KDM0,1
A0A386KES0,0
A0A386KF82,1
A0A386KFG9,1
A0A386KFM4,1
A0A386KFT4,1
A0A386KG26,1
A0A386KG47,1
A0A386KG61,1
A0A386KGN5,1
A0A386KGP3,1
A0A386KGU4,1
A0A386KGW9,1
A0A386KGY5,1
A0A386KGY7,1
A0A386KH92,1
A0A386KHB6,1
A0A386KHH0,1
A0A386KHM4,1
A0A386KHZ4,1
A0A386KI47,1
A0A386KJ13,0
A0A386KJF2,0
A0A386KJS9,0
A0A386KK39,1
A0A386KKD6,1
A0A386KL08,0
A0A386KLA0,0
A0A386KLQ0,0
A0A386KLR3,0
A0A386KMI0,1
A0A386KMI9,1
A0A386KMS3,1
A0A386KNA8,1
A0A386KNG9,1
A0A386KNJ3,1
A0A386KNX3,1
A0A386KP38,1
A0A386KP63,1
A0A386KP75,1
A0A386KPD5,1
A0A386KPJ2,1
A0A386KQ61,1
A0A386KQB0,1
A0A386KQY2,1
A0A386KRK6,1
A0A386KRM7,1
A0A386KRX7,1
A0A386KSS7,1
A0A386KT13,1
A0A3B6XHD1,1
A0A3B8DIM4,0
A0A3B8DIS2,0
A0A3B8DJ19,0
A0A3B8DJU3,1
A0A3B8DK34,0
A0A3B8DKH0,1
A0A3B8DKK9,0
A0A3B8DKS2,0
A0A3B8DLH0,0
A0A3B8DLL9,0
A0A3B8DM02,1
A0A3B8DM50,1
A0A3B8DXE6,0
A0A3B8DXR3,1
A0A3B8DYV1,1
A0A3B8DZ61,0
A0A3B8DZQ5,0
A0A3B8E250,1
A0A3B8E5B8,0
A0A3G1E396,1
A0A3G1E3H7,1
A0A3G1FF08,1
A0A3G1FF61,1
A0A3G1FFG4,1
A0A3G1FFS3,1
A0A3G1FFX1,1
A0A3G1FFZ1,1
A0A3G1FG65,1
A0A3G1FG96,1
A0A3G1FGB1,1
A0A3G1FGK5,1
A0A3G1FGQ7,1
A0A3G1FGS0,1
A0A3G1FH49,1
A0A3G1FHJ2,1
A0A3G1FHM3,1
A0A3G1GLF3,0
A0A3G1GLJ4,0
A0A3G1I5S8,1
A0A3G1I5V6,1
A0A3G1IX81,1
A0A3G1IX87,1
A0A3G1IX95,1
A0A3G1L2Y1,0
A0A3G1L3E6,0
A0A3G1LE45,1
A0A3G1LE67,1
A0A3G1LEC2,1
A0A3G1LEF9,1
A0A3G1LVI7,1
A0A3G1LVJ4,1
A0A3G1LVL2,1
A0A3G1NE63,1
A0A3G1QTH9,0
A0A3G1RPM5,0
A0A3G1SV15,1
A0A3G1TJB1,0
A0A3G2K910,0
A0A3G2K911,0
A0A3G2K9J1,0
A0A3G2K9K0,0
A0A3G2KA11,1
A0A3G2KAD5,1
A0A3G2KAW3,0
A0A3G2KBE0,0
A0A3G2KBN6,0
A0A3G2KBV1,0
A0A3G2KBW7,0
A0A3G2KCK8,1
A0A3G2KCP6,1
A0A3G2KCW1,1
A0A3G2KCX9,1
A0A3G2KD16,1
A0A3G2KD90,1
A0A3G2KDJ2,1
A0A3G2KDX8,1
A0A3G2KE64,1
A0A3G2KER3,1
A0A3G2KET2,1
A0A3G2KEZ6,1
A0A3G2KF58,1
A0A3G2KFA3,1
A0A3G2KFM1,1
A0A3G2KFZ3,1
A0A3G2KG67,1
A0A3G2KGI5,1
A0A3G2KGU1,1
A0A3G2KH20,1
A0A3G2KH82,1
A0A3G2KHG7,1
A0A3G2KHR7,1
A0A3G2KHX0,1
A0A3G2KI32,1
A0A3G2KIN3,1
A0A3G2KIR8,1
A0A3G2KJ81,1
A0A3G2KJ82,1
A0A3G2KJH4,1
A0A3G2YRE2,0
A0A3G2YRQ1,0
A0A3G2YS90,0
A0A3G2YSA4,0
A0A3G2YSI2,1
A0A3G2YSJ7,1
A0A3G2YSK6,1
A0A3G2YSM1,1
A0A3G2YSM9,1
A0A3G2YSP1,1
A0A3G2YSP8,1
A0A3G2YTL2,0
A0A3G3BVF1,1
A0A3G3BVI7,1
A0A3G3BW17,1
A0A3G3BW47,1
A0A3G3BWD6,1
A0A3G3BWP3,1
A0A3G3BWR1,1
A0A3G3BXC9,0
A0A3G3BXI5,0
A0A3G3BXK0,0
A0A3G3BXM1,0
A0A3G3BXZ4,0
A0A3G3BY37,1
A0A3G3BYS1,0
A0A3G3BZ23,0
A0A3G3BZE0,0
A0A3G3BZH6,1
A0A3G3BZI3,0
A0A3G3BZY9,0
A0A3G3C019,0
A0A3G3LKJ1,1
A0A3G3LW64,1
A0A3G3LWD9,1
A0A3G3LWH1,1
A0A3G3LWM5,1
A0A3G3LX55,1
A0A3G3LXC7,1
A0A3G3LY06,1
A0A3G3LY09,1
A0A3G3LYE7,1
A0A3G3LYI7,1
A0A3G3LYQ8,1
A0A3G3LZ22,1
A0A3G3LZM9,1
A0A3G3M0R1,1
A0A3G3M0S2,1
A0A3G3M107,1
A0A3G3M1Q8,1
A0A3G3M1W9,1
A0A3G3M3C4,1
A0A3G3M3K7,1
A0A3G3M468,0
A0A3G3M4U5,1
A0A3G3M601,0
A0A3G3M6D6,1
A0A3G3M6P8,0
A0A3G3M745,0
A0A3G3M753,0
A0A3G3M7B4,1
A0A3G3M7Z6,1
A0A3G3M8B4,1
A0A3G3M8C8,0
A0A3G3M8V6,1
A0A3G3M912,1
A0A3G3M9A6,1
A0A3G3M9B3,1
A0A3G3M9H3,1
A0A3G3M9P4,1
A0A3G3MA99,1
A0A3G3MAC6,1
A0A3G3MAD2,1
A0A3G3MAW0,1
A0A3G3MB06,1
A0A3G3MB35,1
A0A3G3MBD4,0
A0A3G3MBE4,0
A0A3G3MC21,0
A0A3G3MC26,0
A0A3G3MCN9,0
A0A3G6JGS6,1
A0A3G6JGZ1,1
A0A3G6JGZ9,1
A0A3G6JME2,1
A0A3G6K3W4,1
A0A3G6V8P1,1
A0A3G6V8U4,1
A0A3G8F0Y3,0
A0A3G8F1H7,0
A0A3G8F2G6,0
A0A3G8F2K6,0
A0A3G8F2L7,1
A0A3G8F2M1,0
A0A3G8F2Y5,0
A0A3G8F372,0
A0A3G8F3A2,0
A0A3G8F446,0
A0A3G8F4V2,1
A0A3G8F510,1
A0A3G8F516,0
A0A3G8F517,1
A0A3G8F584,1
A0A3G8F5D9,0
A0A3G8F5L1,0
A0A3G8F5V3,0
A0A3G8F6B0,1
A0A3G8F6E0,1
A0A3G8F6I4,1
A0A3G8F6N9,1
A0A3G8F6V1,1
A0A3G8F796,1
A0A3G8F7A0,1
A0A3G8F7A2,1
A0A3G8F7G9,1
A0A3G8F7L2,1
A0A3G8F7Q7,1
A0A3G8F7Z5,1
A0A3G8F815,1
A0A3G8F898,1
A0A3G8F8E0,1
A0A3G8F8P1,1
A0A3G8F8P4,1
A0A3G8F8T5,1
A0A3G8F921,1
A0A3G8F974,1
A0A3G8F9A0,1
A0A3G8F9B1,1
A0A3G8F9H7,1
A0A3G8F9U6,1
A0A3G8FA49,1
A0A3G8FAE2,1
A0A3G8FAG5,1
A0A3G8FAH1,1
A0A3G8FAT6,1
A0A3G8FAV5,1
A0A3G8FAW1,1
A0A3G8FBA9,1
A0A3G8FBB3,1
A0A3G8FBN0,1
A0A3G8FBN5,1
A0A3G8FBS4,1
A0A3G8FBX3,1
A0A3G8FBZ7,1
A0A3G8FC65,1
A0A3G8FCB0,1
A0A3G8FCI8,1
A0A3G8FCL0,1
A0A3G8FCP4,1
A0A3G8FCV4,1
A0A3G8FD45,1
A0A3G8FD48,1
A0A3G8FD49,1
A0A3G8FDB6,1
A0A3G8FDG2,1
A0A3G8FDJ6,1
A0A3G8FDN2,1
A0A3G8FDP2,1
A0A3G8FE41,1
A0A3G8FE73,1
A0A3G8FEN5,1
A0A3G8FF14,1
A0A3G8FF75,1
A0A3G8FFK2,1
A0A3G8FFL9,1
A0A3G8FFV5,1
A0A3G8FG49,1
A0A3G8FGB5,1
A0A3G8FGT0,0
A0A3G8FH23,0
A0A3G8FHD2,0
A0A3G8FHF6,1
A0A3G8FHM7,0
A0A3G8FHZ3,0
A0A3G8FI06,0
A0A3G8FI38,1
A0A3G8FI95,0
A0A3G8FIK0,0
A0A3G8FIT4,0
A0A3G8FIZ0,0
A0A3G8FJ02,0
A0A3G8FJ32,0
A0A3G8FJ64,0
A0A3G8FJG9,1
A0A3G8FJX8,1
A0A3G8FK32,0
A0A3G8FK79,0
A0A3G8FKJ0,0
A0A3G8FL16,1
A0A3G8FL24,0
A0A3G8FLE1,1
A0A3G8FLQ8,1
A0A3G8FLV8,1
A0A3G8FLV9,0
A0A3G8FLZ5,0
A0A3G8FMH8,1
A0A3G8FMS9,1
A0A3G8FNF9,1
A0A3G8FP84,1
A0A3G8FPG7,1
A0A3G8FPQ6,1
A0A3G8FQ98,1
A0A3G8FQT3,1
A0A3G8FR37,1
A0A3G8FRG1,1
A0A3G8FRV9,1
A0A3G8FS48,1
A0A3G8FS50,1
A0A3G8FSC8,1
A0A3G8FT51,1
A0A3G8FT87,1
A0A3G8FTQ8,1
A0A3G8FTU8,1
A0A3G8FTV5,1
A0A3G8FU56,1
A0A3G8FU95,1
A0A3G8FUI7,1
A0A3G8FUS1,1
A0A3G8FV04,1
A0A3G8FV53,1
A0A3G8FVK0,1
A0A3G9DSU8,0
A0A3G9GQ99,0
A0A3G9GR90,0
A0A3P4A619,0
A0A3P4A7D3,0
A0A3P4A7X9,0
A0A3P4A915,0
A0A3P4ABJ8,0
A0A3Q8BY86,0
A0A3Q8CA00,1
A0A3Q8CHX2,1
A0A3Q8D154,0
A0A3Q8HD45,1
A0A3Q8HDD3,1
A0A3Q8HNQ9,1
A0A3Q8HXZ0,1
A0A3Q8HZL4,1
A0A3Q8I0X2,0
A0A3Q8I2F5,0
A0A3Q8I6A1,0
A0A3Q8KTS7,0
A0A3Q8L7S6,0
A0A3Q9GFM1,0
A0A3Q9I5D4,0
A0A3Q9R4P2,1
A0A3Q9R4P8,1
A0A3Q9R5S4,0
A0A3Q9R5V9,0
A0A3Q9R6C9,0
A0A3Q9R716,0
A0A3Q9R756,0
A0A3Q9R7E9,1
A0A3Q9R7T7,1
A0A3Q9R8E6,0
A0A3Q9R8M1,1
A0A3Q9R8T6,1
A0A3Q9R8T9,0
A0A3Q9R984,1
A0A3Q9RA55,0
A0A3Q9RAN6,1
A0A3Q9WSD5,0
A0A3S5H0B8,1
A0A3S5H0J4,1
A0A3S5H0Q9,1
A0A3S5H0W5,1
A0A3S5H107,1
A0A3S5H183,1
A0A3S5H1D4,1
A0A3S5H1R4,1
A0A3S5H1T9,1
A0A3S5H1W7,1
A0A3S5H1Z2,1
A0A3S5H217,1
A0A3S5H244,1
A0A3S5H272,1
A0A3S5H2A0,1
A0A3S5H2E6,1
A0A3S5X4F6,1
A0A3S5X4H4,1
A0A3S5X5X3,1
A0A3S5X678,1
A0A3S6HCM1,0
A0A3S6JT48,0
A0A3S6RNH2,0
A0A3S6ZQM9,0
A0A3S7GRX6,0
A0A3S7GUQ8,0
A0A3S7HE29,0
A0A3S7HFC5,0
A0A3S7HI62,0
A0A3S7HIF8,0
A0A3S7HIQ6,0
A0A3S7HPK5,0
A0A3S7I5Y2,0
A0A3S7I6E5,0
A0A3S7I6I3,0
A0A3S7I6N4,0
A0A3S7JLT5,1
A0A3S7JLW7,1
A0A3S7L8K0,0
A0A3S7N8P7,0
A0A3S7R1Z4,0
A0A3S7UNK7,1
A0A3S7UP64,1
A0A3S7UPH0,1
A0A3S7UPH5,1
A0A3S7UPN4,1
A0A3S7W7G1,0
A0A3S7W842,1
A0A3S7W889,1
A0A3S7W8F5,1
A0A3S7W8K6,1
A0A3S7W8T4,1
A0A3S7W913,1
A0A3S7W9A4,1
A0A3S7W9F9,1
A0A3S7W9N4,1
A0A3S7W9X7,1
A0A3S7WA38,1
A0A3S7WA54,1
A0A3S7WBF7,1
A0A3S7WBZ9,1
A0A3S7WC41,1
A0A3S9U7K1,0
A0A3S9U7W0,0
A0A3S9U820,1
A0A3S9U868,0
A0A3S9U8E5,1
A0A3S9U966,1
A0A3S9U9D0,1
A0A3S9U9K3,1
A0A3S9U9Z5,1
A0A3S9UA29,1
A0A3S9UAA8,1
A0A3S9UAG8,1
A0A3S9UAR7,1
A0A3S9UBG3,1
A0A3S9UBM8,1
A0A3S9UBW8,1
A0A3S9UCI8,1
A0A3S9UCQ1,1
A0A3S9UCX9,1
A0A3S9UD29,1
A0A3S9UDJ3,1
A0A3S9UDS2,1
A0A3S9UDY4,1
A0A3S9UE70,1
A0A3S9UEJ0,1
A0A3S9UES1,1
A0A3S9UET5,1
A0A3S9UF36,1
A0A3S9UFI5,1
A0A3S9UFR6,1
A0A3S9UFS0,1
A0A3S9UFX6,1
A0A3S9UG72,1
A0A3S9UGG5,1
A0A3S9UGQ4,1
A0A3S9UGX3,1
A0A3S9UH45,1
A0A3S9UHB4,1
A0A3S9UHP8,1
A0A3S9UHQ2,1
A0A3S9UHZ6,1
A0A3S9UII1,1
A0A3S9UIL7,1
A0A3S9UIR6,1
A0A3S9UJ11,1
A0A3S9UJ71,1
A0A3S9UJF2,1
A0A3S9UJM9,1
A0A3S9UK91,1
A0A3S9UKH0,1
A0A3S9UKJ1,1
A0A3S9UKS6,1
A0A3S9UL21,1
A0A3S9ULQ3,1
A0A3S9ULS9,1
A0A3S9ULV0,1
A0A3S9UM30,1
A0A3S9UMA7,1
A0A3S9UMM9,1
A0A3S9UMP6,1
A0A3S9UN41,1
A0A3S9UN84,1
A0A3S9UNH1,1
A0A3S9UNP9,1
A0A3S9UNQ2,1
A0A3S9UPA1,1
A0A3S9UPF9,1
A0A3S9UPS4,1
A0A3S9UQ30,1
A0A3S9UQC5,1
A0A3S9UQK1,1
A0A3S9UQX8,1
A0A3S9UR36,1
A0A3S9URD9,1
A0A3S9URK4,1
A0A3S9W0S7,1
A0A3S9W0V5,0
A0A3S9X9Y9,1
A0A3T0ID09,1
A0A3T0IDD9,1
A0A3T0IDH5,1
A0A3T0IEM0,0
A0A3T0IEM8,0
A0A3T0IGR7,0
A0A3T0IHE8,0
A0A3T0IHR9,1
A0A3T0IIX9,1
A0A3T0IJ07,1
A0A3T0IJ27,1
A0A3T0IJG4,0
A0A3T0IJU7,0
A0A3T0IK12,0
A0A3T0IKE6,1
A0A3T0IL62,1
A0A3T0ILR9,0
A0A3T0ILV6,0
A0A3T0IME2,0
A0A3T0IMJ3,0
A0A3T0IND2,0
A0A3T0INE8,0
A0A3T0INY9,1
A0A410T4B3,1
A0A410T4G0,0
A0A410T4H2,0
A0A410T4J4,1
A0A410T5I8,0
A0A410T5W4,0
A0A410T615,0
A0A410T6B0,0
A0A410T6H2,0
A0A410T6U4,0
A0A410T868,0
A0A410T8B0,0
A0A410T8U2,0
A0A410T9A1,1
A0A410T9B9,1
A0A410T9F6,1
A0A410T9X3,1
A0A410T9X7,1
A0A410TA37,1
A0A410TAL7,1
A0A410TAM6,1
A0A410TAR2,1
A0A410TBB4,1
A0A410TBH8,1
A0A410TBS9,1
A0A410TBX0,1
A0A410TBZ5,1
A0A410TCC5,1
A0A410TCT3,1
A0A410TD07,1
A0A410TD16,1
A0A410TDJ0,1
A0A410TDJ6,1
A0A410TDS8,1
A0A410TE38,1
A0A410TE41,1
A0A411AV83,0
A0A411AVE7,0
A0A411AVN1,0
A0A411AW72,0
A0A411AWG5,0
A0A411AWH4,1
A0A411AWR9,1
A0A411AX02,1
A0A411AX57,1
A0A411AXF9,1
A0A411AXN0,1
A0A411AXW6,1
A0A411AXW9,1
A0A411AY00,1
A0A411AYD0,1
A0A411AYK0,1
A0A411AYU7,1
A0A411AZJ8,1
A0A411B076,1
A0A411B0V4,1
A0A411B102,1
A0A411B1P3,1
A0A411B1T4,1
A0A411B1U8,1
A0A411B2N2,1
A0A411B2Q8,1
A0A411B2T5,1
A0A411B2Y7,1
A0A411B3N7,1
A0A411B3S5,1
A0A411B4J3,1
A0A411B4N1,1
A0A411B4N4,1
A0A411B4W5,1
A0A411B4X5,1
A0A411B580,1
A0A411B5Q7,1
A0A411B5Z9,1
A0A411B613,1
A0A411B6A7,1
A0A411B6J4,0
A0A411B6N5,1
A0A411B6T3,1
A0A411B7H0,1
A0A411B7H2,1
A0A411B871,0
A0A411B8L7,0
A0A411B981,0
A0A411B9P2,0
A0A411BA90,0
A0A411BAB0,0
A0A411BAJ0,0
A0A411BAK3,0
A0A411BAT0,0
A0A411BBK2,0
A0A411BC77,0
A0A411BCB1,0
A0A411BCJ6,0
A0A411BCU2,0
A0A411BD81,0
A0A411BD97,0
A0A411BDX0,0
A0A411BF42,0
A0A411BF57,0
A0A411BF67,0
A0A411BF89,0
A0A411BGV2,0
A0A411BH90,0
A0A411BHE8,0
A0A411BI03,0
A0A411BIC4,0
A0A411BIU2,1
A0A411BJA9,0
A0A411BJH6,0
A0A411BK48,0
A0A411BKB7,0
A0A411BLC7,1
A0A411BLF4,1
A0A411BLH1,1
A0A411BLM0,1
A0A411BLN7,1
A0A411BM53,1
A0A411BMA4,1
A0A411BMM1,1
A0A411BN34,1
A0A411BN39,1
A0A411BND8,1
A0A411BP71,1
A0A411BPJ3,1
A0A411BPM3,1
A0A411BPV6,1
A0A411BQ05,1
A0A411BQB1,1
A0A411BQR2,1
A0A411BQU5,1
A0A411BQV0,1
A0A411BRP0,1
A0A411BRR3,1
A0A411BSJ2,1
A0A411BT93,1
A0A411BTF1,1
A0A411BU73,1
A0A411BUR2,1
A0A411BVJ9,1
A0A411BVM5,1
A0A411BVZ6,1
A0A411BWQ0,1
A0A411BWT1,1
A0A411BX14,1
A0A411BXV9,1
A0A411BXZ8,1
A0A411BZ60,1
A0A411BZ85,1
A0A411BZI1,1
A0A411C0A4,1
A0A411C0F2,1
A0A411C174,1
A0A411C1Y0,1
A0A411C2C8,1
A0A411C322,1
A0A411C3R6,1
A0A411C415,1
A0A411C4A9,1
A0A411C4D4,1
A0A411C5K4,1
A0A411C646,1
A0A411C6N5,1
A0A411C7G3,1
A0A411C898,1
A0A411C8P4,1
A0A411C965,1
A0A411C9P6,1
A0A411C9W2,1
A0A411CAH9,1
A0A411CAU8,1
A0A411CBB5,1
A0A411CC32,1
A0A411CCV4,1
A0A411CDQ4,1
A0A411CE68,1
A0A411CEX3,1
A0A411CFG6,1
A0A411CFP4,1
A0A411CFY3,1
A0A411CG96,1
A0A411CH40,1
A0A411CH49,1
A0A411CIB9,1
A0A411CII1,1
A0A411CIK9,1
A0A411CJ76,1
A0A411CJS4,1
A0A411CJT3,1
A0A411CKM4,1
A0A411CLM1,1
A0A411CLY8,1
A0A411CMX7,1
A0A411CN54,1
A0A411CNX9,1
A0A411CP72,1
A0A411CPI2,1
A0A411CPR5,1
A0A411CPT1,1
A0A411CQD4,1
A0A411CQD5,1
A0A411CQK1,1
A0A411CR30,1
A0A411CR48,1
A0A411CRE1,1
A0A411CRE3,1
A0A411CS44,1
A0A411CS49,1
A0A411CSE5,1
A0A411CSM3,1
A0A411CSP1,1
A0A411CSX4,1
A0A411CSZ0,1
A0A411CT74,1
A0A411CTG5,1
A0A411CTR1,1
A0A411CU33,1
A0A411CU36,1
A0A411CU82,1
A0A411CUP2,1
A0A411CUR5,1
A0A411CV69,1
A0A411CVD6,1
A0A411CVL9,1
A0A411CVX5,0
A0A411CWC0,0
A0A411CXR6,1
A0A411CYB2,1
A0A411CYF9,1
A0A411EZQ3,0
A0A411PYL1,1
A0A449C1G7,1
A0A449C1I3,1
A0A449C2H8,1
A0A449C2I2,1
A0A449C2I7,1
A0A449C3L6,0
A0A449C3M5,0
A0A449C4G7,1
A0A449C4M0,1
A0A449C4T9,0
A0A449C534,0
A0A449C5U2,0
A0A449C5W2,0
A0A451ED88,0
A0A451EFQ3,1
A0A451EGR6,1
A0A451EHH6,1
A0A451EHL6,1
A0A455ICS4,0
A0A455LM17,1
A0A455NTG8,0
A0A455U0F7,0
A0A455U0G5,0
A0A455VCL2,1
A0A455VCU1,1
A0A455VPF3,1
A0A455W465,0
A0A455XB89,0
A0A455XH52,0
A0A455XIS8,0
A0A455XIV3,0
A0A455XIZ2,0
A0A455ZIK7,0
A0A481S1U7,1
A0A481S247,0
A0A481S282,0
A0A481S287,1
A0A481UM06,0
A0A481UM44,0
A0A481UMR9,0
A0A481UMS2,0
A0A481UN22,0
A0A481UN93,0
A0A481UNS0,0
A0A481UPA6,0
A0A481UPC1,0
A0A481UPD5,0
A0A481UPD9,0
A0A481UPG9,0
A0A481UPL0,0
A0A481UQ39,0
A0A481UQK0,0
A0A481UQN3,0
A0A481UQP1,0
A0A481UR39,0
A0A481URA7,0
A0A481URG7,0
A0A481URM7,0
A0A481URS8,0
A0A481URV3,0
A0A481US54,0
A0A481US99,0
A0A481USG2,0
A0A481USH5,0
A0A481USJ6,0
A0A481USV9,0
A0A481UTM2,0
A0A481UVG0,0
A0A481UW27,0
A0A481UWU0,0
A0A481UX69,0
A0A481UX75,0
A0A481UX79,0
A0A481UXI5,0
A0A481UXP5,0
A0A481UXP8,0
A0A481UXW1,0
A0A481UY94,0
A0A481UYN2,0
A0A481UYU3,0
A0A481UZ39,0
A0A481V219,0
A0A481V2K6,0
A0A481V2T6,0
A0A481V2U2,0
A0A481V319,0
A0A481V331,0
A0A481V389,0
A0A481V3A8,0
A0A481V3S6,0
A0A481V3V8,0
A0A481V442,0
A0A481V4K5,0
A0A481V560,0
A0A481V5E8,0
A0A481V669,0
A0A481V672,0
A0A481V689,0
A0A481V6G2,0
A0A481V6L3,0
A0A481V737,0
A0A481V836,0
A0A481V850,0
A0A481V8I9,0
A0A481V9B6,0
A0A481VQS6,1
A0A481VQV4,1
A0A481VR61,1
A0A481VRK9,1
A0A481VRT0,1
A0A481VSH7,1
A0A481VSK5,1
A0A481VSN0,1
A0A481VSV8,1
A0A481VT63,1
A0A481VT81,1
A0A481VTJ4,1
A0A481VU30,1
A0A481VUC4,1
A0A481VUK3,1
A0A481VUU7,1
A0A481VV02,1
A0A481VVA8,1
A0A481VVP3,1
A0A481VW12,1
A0A481VWN3,1
A0A481VWT0,1
A0A481VX61,1
A0A481VXF8,1
A0A481VXL8,1
A0A481VXN4,1
A0A481VY24,1
A0A481VY69,1
A0A481VYH2,1
A0A481VYU1,1
A0A481VZC6,1
A0A481VZQ6,1
A0A481W070,1
A0A481W0B0,1
A0A481W0D0,1
A0A481W0Q3,1
A0A481W191,1
A0A481W1M4,1
A0A481W2A3,0
A0A481W2D8,1
A0A481W2L0,0
A0A481W320,1
A0A481W362,1
A0A481W382,0
A0A481W3X4,1
A0A481W402,0
A0A481W529,0
A0A481W5N4,0
A0A481W662,0
A0A481W6F1,1
A0A481W6U2,0
A0A481W7R5,1
A0A481W7S9,0
A0A481XSR8,0
A0A482CXV9,1
A0A482G7E0,0
A0A482G8Q9,0
A0A482G9U5,0
A0A482GA48,0
A0A482GAX5,0
A0A482GB35,0
A0A482GBZ2,0
A0A482GCH5,0
A0A482GCJ4,0
A0A482GD03,0
A0A482GD12,0
A0A482GD14,0
A0A482GDB5,0
A0A482GDK1,0
A0A482GEN7,0
A0A482GET5,0
A0A482GFI1,0
A0A482GFN4,0
A0A482GFP0,0
A0A482GFQ6,0
A0A482GGJ4,0
A0A482GGK2,0
A0A482GH36,0
A0A482GH46,0
A0A482GHZ3,0
A0A482GIC1,0
A0A482GIP3,0
A0A482GKA8,0
A0A482GKI2,0
A0A482GL74,0
A0A482GL84,0
A0A482GL91,0
A0A482GM62,0
A0A482GQ23,0
A0A482GRI3,0
A0A482GSM8,0
A0A482IAM1,0
A0A482ICU0,0
A0A482ICU1,0
A0A482IE30,0
A0A482IE72,0
A0A482IEL8,0
A0A482IGB4,0
A0A482IGD8,1
A0A482IGF9,0
A0A482IGG1,0
A0A482IGZ2,0
A0A482IH54,0
A0A482IHA8,0
A0A482IHJ0,0
A0A482IHN6,0
A0A482II55,0
A0A482IL61,0
A0A482ILJ2,0
A0A482IM75,0
A0A482IM96,0
A0A482IMA4,0
A0A482IMS5,0
A0A482IMY2,0
A0A482J1C7,0
A0A482J1N9,0
A0A482J1V3,0
A0A482J258,0
A0A482J2F8,0
A0A482J2M2,0
A0A482J2Q4,0
A0A482J3A6,0
A0A482J3K5,1
A0A482J3K7,0
A0A482J3U1,0
A0A482J4S3,1
A0A482J538,1
A0A482J5C8,1
A0A482J6T4,0
A0A482J6T8,0
A0A482J839,0
A0A482J862,1
A0A482J8M4,0
A0A482J906,1
A0A482J919,0
A0A482J991,1
A0A482J9H3,1
A0A482J9V5,1
A0A482JA58,0
A0A482JAD5,0
A0A482JAE8,1
A0A482JAJ5,1
A0A482JAT5,1
A0A482JB82,1
A0A482JBQ4,1
A0A482JBU9,1
A0A482JC58,1
A0A482JC96,1
A0A482JCA2,1
A0A482JCV7,1
A0A482JCW9,1
A0A482JD33,1
A0A482JDC6,1
A0A482JDQ4,1
A0A482JDV1,1
A0A482JE75,1
A0A482JEG3,1
A0A482JEJ3,1
A0A482JEL6,1
A0A482JES0,1
A0A482JEZ0,1
A0A482JF11,1
A0A482JFB0,1
A0A482JFB3,1
A0A482JFG7,1
A0A482JFI2,1
A0A482JFJ5,1
A0A482JFS3,1
A0A482JFX9,1
A0A482JG08,1
A0A482JGH9,0
A0A482JGS4,0
A0A482JH44,1
A0A482JH45,1
A0A482JI77,1
A0A482JIA0,1
A0A482JIE1,1
A0A482JIL1,1
A0A482JIN0,1
A0A482JIV8,1
A0A482JIX2,1
A0A482JJ51,1
A0A482JJB8,1
A0A482JKJ8,1
A0A482JKJ9,0
A0A482JKM2,1
A0A482JMB8,0
A0A482JNN5,0
A0A482JPK4,0
A0A482JT65,0
A0A482ME68,0
A0A482MEG1,0
A0A482MEG6,0
A0A482MEI2,0
A0A482MEL2,0
A0A482MER4,1
A0A482MF18,0
A0A482MF21,1
A0A482MF60,0
A0A482MF77,0
A0A482MFC8,0
A0A482MFP2,1
A0A482MFP4,0
A0A482MFZ7,0
A0A482MG59,0
A0A482MGB5,0
A0A482MGB9,0
A0A482MGI9,0
A0A482MGR6,0
A0A482MGV2,0
A0A482MGV6,0
A0A482MHR6,0
A0A482MHY3,1
A0A482MIB1,0
A0A482MIV2,0
A0A482MJE6,0
A0A482MKB1,0
A0A482MM49,0
A0A482MM99,0
A0A482MNA5,0
A0A482MNL8,0
A0A482MPW8,0
A0A482MQH0,0
A0A482MRY4,0
A0A482MSH2,0
A0A482MST9,0
A0A482MSV6,0
A0A482MSW0,0
A0A482MTD5,0
A0A482MTH9,0
A0A482MTJ2,0
A0A482MU48,0
A0A482MUT9,0
A0A482MV77,0
A0A482MV99,0
A0A482MVV6,0
A0A482MWE3,0
A0A482MX31,0
A0A482MX94,0
A0A482MXZ1,0
A0A482MXZ8,0
A0A482MYD9,0
A0A482MYS1,0
A0A482MZL8,0
A0A482MZN5,0
A0A482N033,0
A0A482N0C1,0
A0A482N150,0
A0A482N1F4,0
A0A482N1G3,0
A0A482N226,0
A0A482N2A5,0
A0A482N3H2,0
A0A482N3L1,0
A0A482N3P7,0
A0A482N3X6,0
A0A482N451,0
A0A482N499,0
A0A482N4Y5,0
A0A482N552,0
A0A482N594,1
A0A482N5M8,1
A0A482N781,0
A0A482N7U0,1
A0A482N7W8,1
A0A482N860,0
A0A482N871,1
A0A482N8F1,1
A0A482N8M3,1
A0A482N987,0
A0A482N9N6,1
A0A494RAL2,0
A0A494RE16,0
A0A494RGB7,1
A0A494RHJ3,0
A0A494RIC5,0
A0A494W9E6,1
A0A494W9Q0,1
A0A494WA46,1
A0A494WCU8,1
A0A494WD81,1
A0A494WIB6,0
A0A494WIF8,0
A0A494WIP8,1
A0A494WQQ8,0
A0A499Q4B3,0
A0A499Q7H1,0
A0A499QMM1,0
A0A499SAE9,0
A0A499SHK0,1
A0A499SIE6,1
A0A499SIF7,1
A0A499SJP3,1
A0A499SJZ7,1
A0A499SS52,1
A0A499SSS7,1
A0A499SSY5,1
A0A4D5ZAQ2,1
A0A4D5ZBI9,1
A0A4D5ZCB8,0
A0A4D5ZCD3,0
A0A4D5ZFX8,1
A0A4D5ZIX2,0
A0A4D5ZX92,1
A0A4D5ZXU6,1
A0A4D5ZY44,1
A0A4D5ZY88,1
A0A4D5ZY97,1
A0A4D5ZYC2,1
A0A4D5ZZ23,1
A0A4D5ZZ63,1
A0A4D5ZZF1,1
A0A4D5ZZQ8,1
A0A4D5ZZT7,1
A0A4D5ZZW3,1
A0A4D6A029,1
A0A4D6A046,1
A0A4D6A067,1
A0A4D6A093,1
A0A4D6A0R1,1
A0A4D6A0R7,1
A0A4D6A0X6,1
A0A4D6A1K1,1
A0A4D6A200,1
A0A4D6A215,1
A0A4D6A237,1
A0A4D6A274,1
A0A4D6A2A2,1
A0A4D6A2E6,1
A0A4D6A2G5,1
A0A4D6A2N2,1
A0A4D6A2U4,1
A0A4D6A301,1
A0A4D6A315,1
A0A4D6A326,1
A0A4D6A370,1
A0A4D6A394,1
A0A4D6A3J8,1
A0A4D6A3Q6,1
A0A4D6A3T3,1
A0A4D6A418,1
A0A4D6A456,1
A0A4D6A4B0,1
A0A4D6A4B7,1
A0A4D6A4D5,1
A0A4D6A4W3,1
A0A4D6A5J7,1
A0A4D6A5T0,1
A0A4D6A5T7,1
A0A4D6A5Z8,1
A0A4D6A666,1
A0A4D6A680,1
A0A4D6A682,1
A0A4D6A6E6,1
A0A4D6A6I0,1
A0A4D6A6K2,1
A0A4D6A6Y1,1
A0A4D6A7C0,1
A0A4D6A7D8,1
A0A4D6A7G7,1
A0A4D6A7M4,1
A0A4D6A7S0,1
A0A4D6A7X3,1
A0A4D6A890,1
A0A4D6A8B3,1
A0A4D6A8G2,1
A0A4D6A8K6,1
A0A4D6A8M1,1
A0A4D6A8W6,1
A0A4D6A956,1
A0A4D6A965,1
A0A4D6A9G7,1
A0A4D6A9N0,1
A0A4D6A9R7,1
A0A4D6AAM3,1
A0A4D6AAN8,1
A0A4D6AAY7,1
A0A4D6AAZ1,1
A0A4D6AB26,1
A0A4D6AB55,1
A0A4D6ABG9,1
A0A4D6ABL4,1
A0A4D6ABN3,1
A0A4D6ABP2,1
A0A4D6ABV7,1
A0A4D6AC33,1
A0A4D6AC35,1
A0A4D6AC65,1
A0A4D6ACB9,1
A0A4D6ACJ3,1
A0A4D6ACM5,1
A0A4D6ACP0,1
A0A4D6ACU3,1
A0A4D6ACU6,1
A0A4D6ACZ6,1
A0A4D6ADD3,1
A0A4D6ADI3,1
A0A4D6ADQ2,1
A0A4D6ADY2,1
A0A4D6ADY3,1
A0A4D6AE71,1
A0A4D6AE94,1
A0A4D6AEB7,1
A0A4D6AED7,1
A0A4D6AEL3,1
A0A4D6AEL9,1
A0A4D6AEM8,1
A0A4D6AER6,1
A0A4D6AEX6,1
A0A4D6AF42,1
A0A4D6AF57,1
A0A4D6AF81,1
A0A4D6AF89,1
A0A4D6AFV4,1
A0A4D6AFW1,1
A0A4D6AFW5,1
A0A4D6AFX1,1
A0A4D6AG25,1
A0A4D6AGA0,1
A0A4D6AGL0,1
A0A4D6AGP0,1
A0A4D6AGY0,1
A0A4D6AH66,1
A0A4D6AHB7,1
A0A4D6AHE3,1
A0A4D6AHM7,1
A0A4D6AHN4,1
A0A4D6AHS1,1
A0A4D6AI40,1
A0A4D6AIP7,1
A0A4D6AIQ0,1
A0A4D6AIU6,1
A0A4D6AJ86,1
A0A4D6AJE2,1
A0A4D6AJE4,1
A0A4D6AJQ7,1
A0A4D6AJS3,1
A0A4D6AK97,1
A0A4D6AKY9,1
A0A4D6ALA0,1
A0A4D6ALB2,1
A0A4D6ALE7,1
A0A4D6ALF4,1
A0A4D6ALQ3,1
A0A4D6ALR7,1
A0A4D6ALT9,1
A0A4D6ALV3,1
A0A4D6AM52,1
A0A4D6AM64,1
A0A4D6AM98,1
A0A4D6AMC7,1
A0A4D6AME7,1
A0A4D6AMV4,1
A0A4D6AMY4,1
A0A4D6AN23,1
A0A4D6ANN1,1
A0A4D6ANQ2,1
A0A4D6ANZ3,1
A0A4D6AP34,1
A0A4D6AP35,1
A0A4D6AP36,1
A0A4D6AP61,1
A0A4D6AP97,1
A0A4D6APL7,1
A0A4D6APM7,1
A0A4D6APP1,1
A0A4D6APQ5,1
A0A4D6APU8,1
A0A4D6AQ16,1
A0A4D6AQ21,1
A0A4D6AQ36,1
A0A4D6AQ41,1
A0A4D6AQ43,1
A0A4D6AQ48,1
A0A4D6AQ58,1
A0A4D6AQ86,1
A0A4D6AQ94,1
A0A4D6AQG7,1
A0A4D6AQN8,1
A0A4D6AQP8,1
A0A4D6AQT5,1
A0A4D6AQV3,1
A0A4D6AQX3,1
A0A4D6AR25,1
A0A4D6AR28,1
A0A4D6ARN8,1
A0A4D6ARP3,1
A0A4D6AS06,1
A0A4D6AS78,1
A0A4D6ASE4,1
A0A4D6ASF7,1
A0A4D6ASM2,1
A0A4D6AST3,1
A0A4D6AST6,1
A0A4D6AT96,1
A0A4D6ATB4,1
A0A4D6ATD3,1
A0A4D6ATF3,1
A0A4D6ATG0,1
A0A4D6AU50,1
A0A4D6AU86,1
A0A4D6AUD3,1
A0A4D6AUG5,1
A0A4D6AUI8,1
A0A4D6AUP0,1
A0A4D6AV06,1
A0A4D6AV17,1
A0A4D6AV35,1
A0A4D6AV62,1
A0A4D6AV63,1
A0A4D6AVE4,1
A0A4D6AW09,1
A0A4D6AW45,1
A0A4D6AW63,1
A0A4D6AW88,1
A0A4D6AWJ4,1
A0A4D6AWK9,1
A0A4D6AWM4,1
A0A4D6AWP7,1
A0A4D6AWQ3,1
A0A4D6AWV2,1
A0A4D6AWV5,1
A0A4D6AX23,1
A0A4D6AXK6,1
A0A4D6AY01,1
A0A4D6AY45,1
A0A4D6AY56,1
A0A4D6AYA3,1
A0A4D6AYW5,1
A0A4D6AYW7,1
A0A4D6AZ53,1
A0A4D6AZ69,1
A0A4D6AZA3,1
A0A4D6AZG7,1
A0A4D6AZK1,1
A0A4D6AZR1,1
A0A4D6AZX9,1
A0A4D6AZZ6,1
A0A4D6B024,1
A0A4D6B027,1
A0A4D6B0A7,1
A0A4D6B0N5,1
A0A4D6B0T5,1
A0A4D6B0U4,1
A0A4D6B101,1
A0A4D6B1G6,1
A0A4D6B1N0,1
A0A4D6B1Q0,1
A0A4D6B1Y0,1
A0A4D6B2N9,1
A0A4D6B2Q1,1
A0A4D6B325,1
A0A4D6B353,1
A0A4D6B356,1
A0A4D6B359,1
A0A4D6B393,1
A0A4D6B3C2,1
A0A4D6B3L2,1
A0A4D6B3P9,1
A0A4D6B3T7,1
A0A4D6B402,1
A0A4D6B455,1
A0A4D6B479,1
A0A4D6B491,1
A0A4D6B4A2,1
A0A4D6B4C2,1
A0A4D6B4C3,1
A0A4D6B4E2,1
A0A4D6B4E5,1
A0A4D6B4I8,1
A0A4D6B4L5,1
A0A4D6B4R7,1
A0A4D6B540,1
A0A4D6B578,1
A0A4D6B5G4,1
A0A4D6B5J3,1
A0A4D6B626,1
A0A4D6B635,1
A0A4D6B667,1
A0A4D6B6B3,1
A0A4D6B6D9,1
A0A4D6B6E8,1
A0A4D6B6M5,1
A0A4D6B6P1,1
A0A4D6B6X2,1
A0A4D6B756,1
A0A4D6B7A8,1
A0A4D6B7G6,1
A0A4D6B7Q8,1
A0A4D6B7S5,1
A0A4D6B817,1
A0A4D6B8E8,1
A0A4D6B8F2,1
A0A4D6B8J4,1
A0A4D6B8W4,1
A0A4D6B8X9,1
A0A4D6B9B0,1
A0A4D6B9M7,1
A0A4D6B9R8,1
A0A4D6BA16,1
A0A4D6BA42,1
A0A4D6BA45,1
A0A4D6BA68,1
A0A4D6BAC4,1
A0A4D6BAK5,1
A0A4D6BAR8,1
A0A4D6BB74,1
A0A4D6BB83,1
A0A4D6BBF6,1
A0A4D6BBG7,1
A0A4D6BBH7,1
A0A4D6BBK1,1
A0A4D6BBM2,1
A0A4D6BBV8,1
A0A4D6BBX2,1
A0A4D6BC49,1
A0A4D6BCB3,1
A0A4D6BCX7,1
A0A4D6BDC8,1
A0A4D6BDE6,1
A0A4D6BDI4,1
A0A4D6BDT4,1
A0A4D6BDY3,1
A0A4D6BDY4,1
A0A4D6BE28,1
A0A4D6BE62,1
A0A4D6BE79,1
A0A4D6BEC7,1
A0A4D6BEL3,1
A0A4D6BEM1,1
A0A4D6BEP5,1
A0A4D6BEU9,1
A0A4D6BEZ9,1
A0A4D6BF40,1
A0A4D6BF45,1
A0A4D6BFQ5,1
A0A4D6BFW0,1
A0A4D6BG14,1
A0A4D6BG66,0
A0A4D6BGD8,1
A0A4D6BGJ6,1
A0A4D6BGQ7,1
A0A4D6BHJ1,1
A0A4D6BIE7,1
A0A4D6BIJ6,1
A0A4D6BJN0,0
A0A4D6BJX6,0
A0A4D6BKV8,1
A0A4D6CHH1,0
A0A4D6CHH5,0
A0A4D6CHL0,0
A0A4D6CHP3,0
A0A4D6CK29,0
A0A4D6DRQ9,0
A0A4D6DRS8,1
A0A4D6DRT1,0
A0A4D6DS94,1
A0A4D6DSD5,1
A0A4D6DSH8,1
A0A4D6DSL8,1
A0A4D6DSR9,1
A0A4D6DSZ3,1
A0A4D6DT38,1
A0A4D6DT39,1
A0A4D6DT42,1
A0A4D6DT44,1
A0A4D6DT61,1
A0A4D6DT87,1
A0A4D6DTJ0,1
A0A4D6DTJ6,1
A0A4D6DTK3,1
A0A4D6DTU0,1
A0A4D6DUL4,1
A0A4D6DUM0,1
A0A4D6DUT5,1
A0A4D6DV21,1
A0A4D6DVX4,1
A0A4D6DVY0,1
A0A4D6DVY4,1
A0A4D6DW37,1
A0A4D6DWF4,0
A0A4D6DX52,0
A0A4D6DX78,0
A0A4D6DXT9,0
A0A4D6DY24,0
A0A4D6DY81,0
A0A4D6DYL0,0
A0A4D6DYM8,0
A0A4D6DYT5,0
A0A4D6DZ51,0
A0A4D6DZ88,0
A0A4D6DZI7,0
A0A4D6E069,1
A0A4D6E0A3,1
A0A4D6E0J6,1
A0A4D6E0V0,1
A0A4D6E0Z7,1
A0A4D6E1B1,1
A0A4D6E1J1,1
A0A4D6E1N0,1
A0A4D6E224,1
A0A4D6E276,1
A0A4D6E2J0,1
A0A4D6E2K7,1
A0A4D6E2L4,1
A0A4D6E3J8,1
A0A4D6E3N8,1
A0A4D6E3U7,1
A0A4D6E4A0,1
A0A4D6E4T0,1
A0A4D6E508,1
A0A4D6E595,1
A0A4D6T524,0
A0A4D6T551,1
A0A4D6T568,0
A0A4D6T5C6,1
A0A4D6T5G4,1
A0A4D6T617,1
A0A4D6T623,1
A0A4D6T682,1
A0A4D6T6X9,1
A0A4D6T6Z5,1
A0A4D6T757,1
A0A4D6T7N7,1
A0A4D6T804,0
A0A4D6T839,1
A0A4D6T8U5,1
A0A4D6T9C0,1
A0A4D6T9Q1,1
A0A4D6TAH2,1
A0A4D6TC24,0
A0A4D6TF30,1
A0A4E0W528,0
A0A4E0W6F9,0
A0A4E0W7H6,0
A0A4E0W840,0
A0A4E0W879,0
A0A4E0W8F9,0
A0A4E0W8K3,0
A0A4E0WCE0,0
A0A4E0WDR6,0
A0A4E0WDZ7,0
A0A4E0WED1,0
A0A4E0WGA7,0
A0A4E0WGI9,0
A0A4E0WGM0,0
A0A4E0WIQ2,0
A0A4E0WJ24,0
A0A4E0WJ73,0
A0A4E0WKA3,0
A0A4E0WKG1,0
A0A4E0WKH9,0
A0A4E0WPR9,0
A0A4P1QFN9,0
A0A4P2UQ66,0
A0A4P2VP99,0
A0A4P6DAH4,0
A0A4P6DBM4,0
A0A4P6PKY2,0
A0A4P6QXB6,1
A0A4P8EX43,0
A0A4P8GHX0,1
A0A4P8MUL3,1
A0A4P8MUW3,1
A0A4P8MVE9,0
A0A4P8MW05,0
A0A4P8MW73,0
A0A4P8MW82,0
A0A4P8MWH2,1
A0A4P8MX66,0
A0A4P8MXI8,0
A0A4P8MXU5,0
A0A4P8MZL5,0
A0A4P8N070,0
A0A4P8N0G2,0
A0A4P8N0K4,0
A0A4P8N1B4,0
A0A4P8N1R3,0
A0A4P8N1Y5,0
A0A4P8N4A8,0
A0A4P8N4V0,0
A0A4P8N5H1,0
A0A4P8N5V2,0
A0A4P8N5V4,0
A0A4P8N5X5,0
A0A4P8N738,0
A0A4P8N7A8,0
A0A4P8N7G0,0
A0A4P8N7H3,1
A0A4P8N808,0
A0A4P8N8N0,0
A0A4P8N8Q1,0
A0A4P8N9S7,0
A0A4P8N9T0,0
A0A4P8NA41,0
A0A4P8NA76,0
A0A4P8NAH6,0
A0A4P8NB27,0
A0A4P8NB30,0
A0A4P8NB32,0
A0A4P8NBI1,0
A0A4P8NBU6,0
A0A4P8NC98,0
A0A4P8NCJ3,0
A0A4P8NCS4,0
A0A4P8NCW7,0
A0A4P8ND01,0
A0A4P8NES5,0
A0A4P8NF04,0
A0A4P8NFB1,0
A0A4P8NFI6,0
A0A4P8NFN6,0
A0A4P8NFP8,0
A0A4P8NG00,0
A0A4P8NGB5,0
A0A4P8NGK1,0
A0A4P8NKF2,0
A0A4P8NLL7,0
A0A4P8NLN5,0
A0A4P8NMG4,0
A0A4V1EYN7,0
A0A4V1EZ60,0
A0A4V1EZJ8,0
A0A4V1EZL2,0
A0A4Y1NKH2,0
A0A4Y1NKT3,0
A0A4Y1NRJ0,0
A0A4Y1NS53,0
A0A4Y1NSF1,0
A0A4Y1NSJ6,0
A0A4Y1NT26,0
A0A4Y1NTD3,0
A0A4Y1NTF8,0
A0A4Y1NTQ2,0
A0A4Y1NTQ4,0
A0A4Y1NTU6,0
A0A4Y1NTX6,0
A0A4Y1NU07,0
A0A4Y1NU33,0
A0A4Y1NU36,0
A0A4Y1NUD1,0
A0A4Y1NUH3,0
A0A4Y1NV28,0
A0A4Y1NV43,0
A0A4Y1NVB0,0
A0A4Y1NWR1,0
A0A4Y1NWV0,0
A0A4Y1NWX3,0
A0A4Y5FE66,1
A0A4Y5FEB1,1
A0A4Y5FEU0,1
A0A4Y5FEU1,1
A0A4Y5FF30,1
A0A4Y5FF73,1
A0A4Y5FFC4,1
A0A4Y5JTU3,0
A0A4Y5MXB7,1
A0A4Y5NVK2,0
A0A4Y5NWK4,0
A0A4Y5NXE2,0
A0A4Y5NXT5,0
A0A4Y5NXW3,1
A0A4Y5NY39,0
A0A4Y5NY97,1
A0A4Y5NYI4,1
A0A4Y5NYP3,1
A0A4Y5NZ57,1
A0A4Y5NZD0,1
A0A4Y5NZK9,1
A0A4Y5P096,1
A0A4Y5P0B5,1
A0A4Y5P133,0
A0A4Y5P1M6,0
A0A4Y5TLY2,0
A0A4Y5TM42,0
A0A4Y5TMC4,1
A0A4Y5TMR6,0
A0A4Y5TN13,0
A0A4Y5TNB0,0
A0A4Y5TNI8,0
A0A4Y5TNW4,0
A0A4Y5TPB3,0
A0A4Y5TPP8,0
A0A4Y5TPT6,0
A0A4Y5TQ87,1
A0A4Y5TR16,0
A0A4Y5TRC1,1
A0A4Y5TRZ9,0
A0A4Y5TSZ5,0
A0A4Y5TV11,0
A0A4Y5TVN2,0
A0A4Y5TVV9,0
A0A4Y5TWD6,0
A0A4Y5TWP4,0
A0A4Y5TXM6,1
A0A4Y5TYE7,1
A0A4Y5TYG8,1
A0A4Y5TYX2,1
A0A4Y5TZ44,1
A0A4Y5TZ72,1
A0A4Y5TZF9,1
A0A4Y5TZN0,0
A0A4Y5TZQ2,1
A0A4Y5U044,1
A0A4Y5U0A0,1
A0A4Y6E7D0,1
A0A4Y6E8L9,0
A0A4Y6E9P9,1
A0A4Y6E9W7,0
A0A4Y6E9X5,0
A0A4Y6EAE4,0
A0A4Y6EAV2,1
A0A4Y6EB79,1
A0A4Y6EB99,1
A0A4Y6EBV5,1
A0A4Y6ED97,1
A0A4Y6EDG0,1
A0A4Y6EDX7,1
A0A4Y6EE87,1
A0A4Y6EE89,1
A0A4Y6EEE3,1
A0A4Y6EEQ2,1
A0A4Y6EFD6,1
A0A4Y6EFG4,1
A0A4Y6EFS0,1
A0A4Y6EFW5,1
A0A4Y6EGH4,1
A0A4Y6EGJ8,1
A0A4Y6EGN7,1
A0A4Y6EGW4,1
A0A4Y6EGW7,1
A0A4Y6EHG7,1
A0A4Y6EHN5,1
A0A4Y6EHX7,1
A0A4Y6EI39,0
A0A4Y6EIU7,1
A0A4Y6EJA3,1
A0A4Y6EJJ2,1
A0A4Y6EJS6,0
A0A4Y6EJT3,0
A0A4Y6EK29,1
A0A4Y6EK47,0
A0A4Y6EKA7,1
A0A4Y6EKB0,1
A0A4Y6EKU1,1
A0A4Y6EM49,1
A0A4Y6EM94,1
A0A4Y6EME5,1
A0A4Y6EMI2,1
A0A4Y6EMJ0,1
A0A4Y6EMV4,1
A0A4Y6EMZ2,1
A0A4Y6EN06,1
A0A4Y6EN22,1
A0A4Y6ENE9,1
A0A4Y6EPA5,1
A0A4Y6EPA6,1
A0A4Y6EPL8,1
A0A4Y6EPW3,1
A0A4Y6EQ98,1
A0A4Y6EQL6,1
A0A4Y6ERD6,1
A0A4Y6ES90,1
A0A4Y6ESW4,1
A0A4Y6ETU2,1
A0A4Y6EWN4,1
A0A509ELK2,0
A0A509EQQ2,1
A0A509ER44,1
A0A510C2R4,1
A0A513QBR4,0
A0A513QBU2,0
A0A513SNP9,0
A0A513SNS2,0
A0A513SP21,0
A0A513SPC0,0
A0A513SPD5,0
A0A513SPK8,0
A0A513SPN8,0
A0A513SRL7,0
A0A513ZVN9,0
A0A513ZVR8,0
A0A513ZW24,0
A0A513ZW42,0
A0A513ZWC3,0
A0A513ZWK2,0
A0A513ZWS7,0
A0A513ZX21,0
A0A513ZX73,0
A0A513ZXD2,1
A0A513ZXM7,1
A0A513ZXM8,1
A0A513ZXN3,1
A0A513ZXT8,1
A0A513ZY66,0
A0A513ZYL4,0
A0A513ZYQ1,0
A0A513ZYZ8,0
A0A513ZZ78,0
A0A513ZZ84,0
A0A513ZZD8,0
A0A513ZZK6,0
A0A513ZZU2,0
A0A514A0L5,0
A0A514A0W5,0
A0A514A1F4,0
A0A514A261,0
A0A514A2V6,0
A0A514A2W9,1
A0A514A340,1
A0A514A3I1,1
A0A514A3S6,1
A0A514A4G2,1
A0A514A4J4,1
A0A514A4V1,1
A0A514A4W4,1
A0A514A575,1
A0A514A5H1,1
A0A514A5Z4,1
A0A514A5Z9,1
A0A514A683,1
A0A514A6G5,1
A0A514A6P8,1
A0A514A6U5,0
A0A514A702,0
A0A514A7K5,0
A0A514A7U3,1
A0A514A8T2,0
A0A514A8Z7,1
A0A514AA24,1
A0A514AAM8,1
A0A514AAP6,1
A0A514AAR3,1
A0A514AAU4,1
A0A514AB28,0
A0A514AB70,0
A0A514CTD2,0
A0A514CTF0,0
A0A514CTN8,0
A0A514CTT7,0
A0A514CTZ1,0
A0A514CU71,0
A0A514CUG4,0
A0A514CUN0,0
A0A514CUV6,0
A0A514CV07,0
A0A514CV66,0
A0A514CVC9,0
A0A514CVK1,0
A0A514CVS2,0
A0A514CVW2,0
A0A514CW31,0
A0A514CW91,0
A0A514CWF7,1
A0A514CWK8,1
A0A514CX19,1
A0A514CX80,1
A0A514CXC3,1
A0A514CXM0,1
A0A514CXV1,1
A0A514CY58,0
A0A514CYC6,0
A0A514DDD7,1
A0A514DDJ1,1
A0A514DDK2,1
A0A514DEN0,1
A0A514DET7,1
A0A514DF99,1
A0A514DFT8,1
A0A514DFZ5,1
A0A514DGF9,1
A0A514DGM4,1
A0A514DGU3,1
A0A514DH66,1
A0A514DHM4,1
A0A514DHW9,1
A0A514DI35,1
A0A514DIC5,1
A0A514DIJ5,1
A0A514DIV7,1
A0A514DJ27,1
A0A514DJG8,1
A0A514DJX8,1
A0A514DK00,1
A0A514DK65,1
A0A514DKF1,1
A0A514DKW8,0
A0A514TV44,0
A0A514TVR3,0
A0A514TW94,0
A0A514TWW3,1
A0A514TX97,1
A0A514TXN1,1
A0A514TY07,1
A0A514TYA3,1
A0A514TYX9,1
A0A514TZ74,1
A0A514TZV8,1
A0A514U085,1
A0A514U0K5,1
A0A514U119,1
A0A514U1H2,1
A0A514U1R7,1
A0A514U1V4,1
A0A514U234,1
A0A514U2A8,1
A0A514U360,1
A0A514U3C4,1
A0A514U3R8,1
A0A514U4J4,1
A0A514U4T2,1
A0A514U504,1
A0A514U5M0,0
A0A514U5T1,0
A0A514U6B0,0
A0A514U6E6,1
A0A514U6N4,1
A0A514U6Z2,1
A0A514U7B4,1
A0A514U7N6,1
A0A515MG35,1
A0A515MGQ6,1
A0A515MGW9,1
A0A515MGX1,1
A0A515MH83,1
A0A515MHN7,1
A0A515MHS4,1
A0A515MI00,1
A0A515MI88,1
A0A515MIE6,1
A0A515MIM6,1
A0A515MIU4,1
A0A515MJD3,1
A0A515MJL0,1
A0A515MJL4,1
A0A515MK22,1
A0A515MK78,1
A0A515MKD7,1
A0A515MKL8,1
A0A515ML13,1
A0A515MLC1,1
A0A515MLD7,1
A0A515MLQ4,1
A0A515MM52,1
A0A515MMH5,1
A0A516KMM6,1
A0A516KMZ2,1
A0A516KN98,1
A0A516KNM9,1
A0A516KNX3,1
A0A516KP69,1
A0A516KPH5,1
A0A516KPP4,1
A0A516KPW1,1
A0A516KQ32,1
A0A516KR10,1
A0A516KRH1,1
A0A516KSA0,1
A0A516KSD2,1
A0A516KSS2,1
A0A516KT65,1
A0A516KTN2,1
A0A516KTV3,1
A0A516KU21,1
A0A516KUE5,1
A0A516KV17,1
A0A5A4K5A1,1
A0A5A4MYZ5,0
A0A5A4MZ63,0
A0A5A4MZ96,0
A0A5A4MZD3,0
A0A5A4MZD8,0
A0A5A4MZJ8,0
A0A5A4N1B5,0
A0A5B7LF59,0
A0A5B7LF94,0
A0A5B7LK43,0
A0A5B7LW91,0
A0A5B7LZ61,1
A0A5B8R3J4,1
A0A5B8R3Q9,1
A0A5B8R4C3,0
A0A5B8R6G8,1
A0A5B8R6Y4,0
A0A5B8R874,1
A0A5B8RLF0,0
A0A5B8RM84,0
A0A5B8RM92,1
A0A5B8RMJ1,0
A0A5B8RMZ3,0
A0A5B8RN04,0
A0A5B8RNT3,1
A0A5B8RNZ9,1
A0A5B8RP98,1
A0A5B8RPX8,0
A0A5B8RQN0,0
A0A5B8RQY2,1
A0A5B8RR54,0
A0A5B8RRY2,0
A0A5B8RSE9,1
A0A5B8WEP2,1
A0A5B8WH00,1
A0A5B8WHL5,1
A0A5B8WI40,1
A0A5B8WK26,1
A0A5B8WKI3,1
A0A5B8WR32,1
A0A5B9C1V6,0
A0A5B9MSY2,0
A0A5B9MT19,0
A0A5B9MV82,0
A0A5B9MV92,0
A0A5B9MVV9,0
A0A5B9MX70,0
A0A5B9MXA8,0
A0A5B9MXB3,0
A0A5B9MXT5,0
A0A5B9MYH8,0
A0A5B9MYZ8,0
A0A5B9MZ90,1
A0A5B9MZA7,0
A0A5B9N043,0
A0A5B9N053,0
A0A5B9N0D1,0
A0A5B9N125,0
A0A5B9N167,0
A0A5B9N190,0
A0A5B9N1J7,0
A0A5B9N1L8,0
A0A5B9N239,0
A0A5B9N2I1,0
A0A5B9N2S2,0
A0A5B9N2S8,0
A0A5B9N2W3,0
A0A5B9N2Y8,0
A0A5B9N3F3,0
A0A5B9N3V9,0
A0A5B9N446,0
A0A5B9N454,0
A0A5B9N4F5,0
A0A5B9N4T6,0
A0A5B9N549,0
A0A5B9N630,0
A0A5B9N652,0
A0A5B9N689,0
A0A5B9N6H2,0
A0A5B9N6M8,0
A0A5B9N6Q9,0
A0A5B9N6W7,0
A0A5B9N7I7,0
A0A5B9N7V9,0
A0A5B9N870,0
A0A5B9N873,0
A0A5B9N8V6,0
A0A5B9N9E5,0
A0A5B9N9Y4,0
A0A5B9NA47,0
A0A5B9NAI9,0
A0A5B9NAY0,0
A0A5B9NBD9,0
A0A5B9NBX3,0
A0A5B9NC12,0
A0A5B9NC51,0
A0A5B9NCZ1,0
A0A5B9NDA7,0
A0A5B9NDU7,0
A0A5B9NDW9,0
A0A5B9NEC3,0
A0A5B9NED3,0
A0A5B9NEG2,0
A0A5B9NFG4,0
A0A5B9NGH2,0
A0A5B9NGJ6,0
A0A5B9NGK8,0
A0A5B9NGL7,0
A0A5B9NGZ9,0
A0A5B9NH18,0
A0A5B9NH46,1
A0A5B9NHD4,0
A0A5B9NHD8,0
A0A5B9NHE1,0
A0A5B9NHQ2,0
A0A5B9NII0,0
A0A5B9NJH0,0
A0A5B9NJI1,0
A0A5B9NKD1,0
A0A5B9NKQ6,0
A0A5B9NKR5,0
A0A5B9NL58,1
A0A5B9NLM4,0
A0A5B9NM29,0
A0A5B9NM70,0
A0A5B9NMT6,0
A0A5B9NNW5,0
A0A5B9NNX2,0
A0A5B9NQI4,0
A0A5C0CA34,0
A0A5C0CAF8,0
A0A5C0CAG7,0
A0A5C0CAH8,0
A0A5C0CAS8,0
A0A5C0CB43,0
A0A5C0CBB0,0
A0A5C0CBF5,0
A0A5C0CBI7,0
A0A5C0CBP8,0
A0A5C0CBU8,0
A0A5C0CCI3,0
A0A5C0CCP9,0
A0A5C0CCY0,0
A0A5C0CCZ1,0
A0A5C0CDQ2,0
A0A5C0CDQ3,0
A0A5C0CDQ7,0
A0A5C0CDQ9,0
A0A5C0CE50,0
A0A5C0CEG8,0
A0A5C0CF11,0
A0A5C0CF35,0
A0A5C0CF79,0
A0A5C0CFB5,0
A0A5C0CFQ5,0
A0A5C0CGI6,0
A0A5C0CGQ7,0
A0A5C0CH56,0
A0A5C0CH66,0
A0A5C0CH76,0
A0A5C0CH91,0
A0A5C0CHD9,0
A0A5C0CHE6,0
A0A5C0CI63,0
A0A5C1DBM0,1
A0A5C1K4Y0,1
A0A5C1K5M4,0
A0A5C1K6B3,0
A0A5C1K6I5,1
A0A5C1K6R3,1
A0A5C1K723,0
A0A5C1K728,1
A0A5C1K771,1
A0A5C1K775,1
A0A5C1K8F2,0
A0A5C1K8R3,0
A0A5C1K8S4,0
A0A5C1K9H6,0
A0A5C1K9T4,0
A0A5C1KAU2,0
A0A5C1KAV2,0
A0A5C1KBM5,1
A0A5C2H0F2,1
A0A5C2H1E0,0
A0A5C2H1Q9,0
A0A5C2H7Z8,1
A0A5C2IAM5,0
A0A5C2IB12,0
A0A5C2IBS7,0
A0A5C2IBZ1,1
A0A5C2ID05,0
A0A5C2ID58,0
A0A5C2IFV3,0
A0A5C2IG99,1
A0A5C2IGP1,0
A0A5E3ZZ40,0
A0A5E5PCF9,0
A0A5E5PD32,0
A0A5H2Q6U0,0
A0A5H2QAJ4,0
A0A5H2QFX3,1
A0A5H2QVV1,1
A0A5H2QW34,1
A0A5H2TJX5,1
A0A5H2TM76,1
A0A5H2UV97,0
A0A5H2UVC4,0
A0A5H2UVF5,0
A0A5H2UWR6,0
A0A5H2UWU1,0
A0A5J6A1L3,0
A0A5J6B5I3,0
A0A5J6B6C0,0
A0A5J6B6T8,0
A0A5J6B8K8,0
A0A5J6CU92,0
A0A5J6CU93,0
A0A5J6CUK2,0
A0A5J6D6C9,0
A0A5J6D6I4,1
A0A5J6D6U3,1
A0A5J6D7A1,1
A0A5J6D7C1,1
A0A5J6D7H6,1
A0A5J6D7U0,1
A0A5J6D817,1
A0A5J6D8A1,1
A0A5J6D8A6,1
A0A5J6D8B5,1
A0A5J6D8H3,1
A0A5J6D8P7,1
A0A5J6D9H3,1
A0A5J6D9M7,1
A0A5J6D9U1,1
A0A5J6D9V7,1
A0A5J6DA40,0
A0A5J6DBF9,0
A0A5J6DBT2,0
A0A5J6T2E0,1
A0A5J6T2W3,1
A0A5J6T3H5,1
A0A5J6T3K6,1
A0A5J6T3U5,1
A0A5J6T552,1
A0A5J6T572,1
A0A5J6T5D6,1
A0A5J6T5S3,1
A0A5J6T672,1
A0A5J6T682,1
A0A5J6T6P2,0
A0A5J6T6X6,1
A0A5J6T743,0
A0A5J6T750,1
A0A5J6T764,1
A0A5J6T798,1
A0A5J6T7H7,1
A0A5J6T826,0
A0A5J6T853,1
A0A5J6T877,1
A0A5J6T8C3,0
A0A5J6T8K7,1
A0A5J6T9Q3,0
A0A5J6T9W4,0
A0A5J6TA99,1
A0A5J6TAQ8,1
A0A5J6TB28,1
A0A5J6TB59,0
A0A5J6TBM1,0
A0A5J6TBS2,1
A0A5J6TC65,1
A0A5J6TC71,1
A0A5J6TC78,1
A0A5J6TCI8,1
A0A5J6TCR7,1
A0A5J6TCX5,0
A0A5J6TD69,1
A0A5J6TDF0,1
A0A5J6TDM6,1
A0A5J6TDR2,1
A0A5J6TDS6,1
A0A5J6TDU3,1
A0A5J6TDZ2,1
A0A5J6TE17,0
A0A5J6TE42,1
A0A5J6TEM7,1
A0A5J6TEW0,1
A0A5J6TEX3,1
A0A5J6TG19,1
A0A5J6TGH0,1
A0A5J6TGU3,1
A0A5J6THN7,1
A0A5J6THU6,1
A0A5J6TI33,1
A0A5J6TI81,1
A0A5J6TIM9,1
A0A5J6TIV5,1
A0A5J6TJ01,1
A0A5J6TJN1,1
A0A5J6TJS0,1
A0A5J6TJU6,1
A0A5J6TK43,1
A0A5J6TK72,1
A0A5J6TKA2,1
A0A5J6TKF8,1
A0A5J6TKV3,1
A0A5J6TL22,1
A0A5J6TLL1,1
A0A5J6TLS4,1
A0A5J6TLY8,1
A0A5J6TN52,1
A0A5J6TN95,1
A0A5J6TPP9,1
A0A5J6TPU0,1
A0A5J6TPW4,1
A0A5J6TPX2,1
A0A5J6TPZ0,1
A0A5J6TQ11,1
A0A5J6TQF6,1
A0A5J6TQT8,1
A0A5J6TQU5,1
A0A5J6TR46,1
A0A5J6TRR0,1
A0A5J6TRS6,1
A0A5J6TS12,1
A0A5J6TS61,1
A0A5J6TSK3,1
A0A5J6TT91,1
A0A5J6TTB8,1
A0A5J6TTI2,1
A0A5J6TTK6,1
A0A5J6TTX6,1
A0A5J6TU82,1
A0A5J6TUL2,1
A0A5J6TUS7,1
A0A5J6TV94,1
A0A5J6TVB5,1
A0A5J6TVH2,1
A0A5J6TVJ8,1
A0A5J6TVV3,1
A0A5J6TWR5,1
A0A5J6TXU3,1
A0A5J6TY85,1
A0A5J6TYN5,0
A0A5J6TZR2,1
A0A5J6U3E5,0
A0A5K1KD50,0
A0A5K1KDB2,0
A0A5K1KDF6,0
A0A5K7NJB8,0
A0A5K7NL11,1
A0A5K7NQW4,0
A0A5K7QT51,0
A0A5K7QTU6,1
A0A5K7YAZ6,0
A0A5P1KKN4,0
A0A5P1KVB5,0
A0A5P1KVH4,0
A0A5P1LSE1,0
A0A5P1LVH8,0
A0A5P1M1E1,0
A0A5P1M1S5,0
A0A5P1M1S9,0
A0A5P1M1U6,0
A0A5P1M207,0
A0A5P1M274,0
A0A5P1M2A4,0
A0A5P1M2F2,0
A0A5P1M2L9,0
A0A5P1M2T2,0
A0A5P1M2X2,0
A0A5P1M2Y0,0
A0A5P1M3C3,0
A0A5P1M3N7,0
A0A5P1M3U9,0
A0A5P1M476,0
A0A5P1M4U8,0
A0A5P1M4X1,0
A0A5P1M4X5,0
A0A5P1M4Z7,0
A0A5P1M5A0,0
A0A5P1M5B6,0
A0A5P1M5B7,0
A0A5P1M5E7,0
A0A5P1M5F3,0
A0A5P1M5I8,0
A0A5P1M5J7,0
A0A5P1M5U6,0
A0A5P1M674,0
A0A5P1M6T5,0
A0A5P1M788,0
A0A5P1M7C7,0
A0A5P1M7L4,0
A0A5P1M870,0
A0A5P1M8E2,0
A0A5P1M9U6,0
A0A5P1M9V8,0
A0A5P1MA28,0
A0A5P1MA48,0
A0A5P1MA62,0
A0A5P1MA85,0
A0A5P1MAE5,1
A0A5P1MAF6,0
A0A5P8D297,1
A0A5P8D2R5,0
A0A5P8D2Y4,0
A0A5P8D301,0
A0A5P8D3N6,0
A0A5P8D3X1,0
A0A5P8D4D4,0
A0A5P8D4L0,0
A0A5P8D4P3,0
A0A5P8D4S5,0
A0A5P8D4W7,1
A0A5P8D541,0
A0A5P8D578,0
A0A5P8D580,1
A0A5P8D5H6,1
A0A5P8D5Y0,0
A0A5P8D607,1
A0A5P8D625,0
A0A5P8D656,1
A0A5P8D6B1,1
A0A5P8D6K8,1
A0A5P8D714,1
A0A5P8D791,1
A0A5P8D7G7,1
A0A5P8D7R4,1
A0A5P8D7R7,1
A0A5P8D845,1
A0A5P8D8G7,1
A0A5P8D8P8,1
A0A5P8D906,1
A0A5P8D982,1
A0A5P8D9J7,1
A0A5P8D9V1,1
A0A5P8DA40,1
A0A5P8DA45,1
A0A5P8DAD7,1
A0A5P8DAL4,1
A0A5P8DBM8,1
A0A5P8DBM9,1
A0A5P8DBX3,1
A0A5P8DCB2,1
A0A5P8DCT7,1
A0A5P8DD55,1
A0A5P8DD71,1
A0A5P8DE60,1
A0A5P8DEC7,1
A0A5P8DED1,1
A0A5P8DEJ0,1
A0A5P8DEZ3,1
A0A5P8DF31,1
A0A5P8DFQ1,1
A0A5P8DFX4,1
A0A5P8DG31,1
A0A5P8DG32,1
A0A5P8DGC0,1
A0A5P8DH20,1
A0A5P8DH21,1
A0A5P8FS28,0
A0A5P8NK62,0
A0A5P8PGE2,0
A0A5P8PGF1,0
A0A5P8PH87,0
A0A5P8PHD2,0
A0A5P8PHQ8,1
A0A5P8PI51,1
A0A5P8PIE4,1
A0A5P8PIL5,0
A0A5P8PJF4,1
A0A5P8PJP0,0
A0A5P8PJQ0,0
A0A5P8PJT4,1
A0A5P8PKH0,0
A0A5P8PKU8,0
A0A5P8PLA2,0
A0A5P8PLL2,0
A0A5P8PLZ8,0
A0A5P8PN73,0
A0A5P8PNH8,0
A0A5P8PNJ0,0
A0A5P8PNW8,0
A0A5P8PNY4,0
A0A5P8PQL8,0
A0A5P8PQN3,0
A0A5P8PQS9,0
A0A5P8PR42,0
A0A5P8PRF3,0
A0A5Q2EZD1,0
A0A5Q2EZV1,0
A0A5Q2EZZ2,0
A0A5Q2F047,0
A0A5Q2F077,0
A0A5Q2F0U9,0
A0A5Q2F220,0
A0A5Q2F289,0
A0A5Q2F2E8,0
A0A5Q2F2W8,0
A0A5Q2F377,1
A0A5Q2F3E3,0
A0A5Q2F3F2,0
A0A5Q2F3V6,1
A0A5Q2F6C0,0
A0A5Q2F6C6,0
A0A5Q2F6U8,0
A0A5Q2F6Y1,0
A0A5Q2F745,1
A0A5Q2F7I2,0
A0A5Q2F7K4,0
A0A5Q2F7L2,0
A0A5Q2F828,1
A0A5Q2F8B7,0
A0A5Q2FAB6,0
A0A5Q2FAT5,0
A0A5Q2U6W1,0
A0A5Q2U7Y4,0
A0A5Q2W0R8,1
A0A5Q2W697,0
A0A5Q2W6R0,0
A0A5Q2W6S2,0
A0A5Q2W799,0
A0A5Q2W7G9,0
A0A5Q2W7N7,1
A0A5Q2W7S0,1
A0A5Q2W972,0
A0A5Q2W9D4,1
A0A5Q2W9T8,0
A0A5Q2W9Z9,1
A0A5Q2WAA2,1
A0A5Q2WBX7,0
A0A5Q2WCB2,1
A0A5Q2WCK1,1
A0A5Q2WCP4,0
A0A5Q2WCU2,1
A0A5Q2WCY6,1
A0A5Q2WD79,1
A0A5Q2WDB8,1
A0A5Q2WDE2,1
A0A5Q2WDE4,0
A0A5Q2WDH2,1
A0A5Q2WDR4,0
A0A5Q2WDW6,1
A0A5Q2WE31,1
A0A5Q2WE80,0
A0A5Q2WEP9,0
A0A5Q2WEX0,1
A0A5Q2WFF0,1
A0A5Q2WFK5,1
A0A5Q2WFK8,1
A0A5Q2WFS2,1
A0A5Q2WFV1,1
A0A5Q2WFX5,1
A0A5Q2WFY0,1
A0A5Q2WG16,1
A0A5Q2WGF8,1
A0A5Q2WGH6,1
A0A5Q2WGS5,1
A0A5Q2WGX4,1
A0A5Q2WH81,1
A0A5Q2WHV6,1
A0A5Q2WI41,1
A0A5Q2WI49,1
A0A5Q2WIE6,1
A0A5Q2WIH2,1
A0A5Q2WIJ8,1
A0A5Q2WIS2,1
A0A5Q2WJ67,1
A0A5Q2WJD4,1
A0A5Q2WJL5,1
A0A5Q2WJN4,1
A0A5Q2WJV4,1
A0A5Q2WKN7,1
A0A5Q2WLB3,1
A0A5Q2WLB8,1
A0A5Q2WLK5,1
A0A5Q2WLN3,1
A0A5Q2WLV8,1
A0A5Q2WM37,1
A0A5Q2WM92,1
A0A5Q2WMA5,1
A0A5Q2WMP7,1
A0A5Q2WMU4,1
A0A5Q2WNE2,1
A0A5Q2WNF0,1
A0A5Q2WNT9,1
A0A5Q2WPV7,1
A0A5Q2WQ81,1
A0A5Q2WQH5,1
A0A5Q2WQL3,1
A0A5Q2WR93,1
A0A5Q2WS95,1
A0A5Q5APX8,0
A0A5S9CB92,0
A0A5S9ERN9,0
A0A5S9H9I6,0
A0A5S9HXR7,0
A0A5S9MQ13,1
A0A646QVX9,0
A0A646QW68,0
A0A646QWB6,0
A0A646QWH8,0
A0A649V111,1
A0A649V126,1
A0A649V176,1
A0A649V1A8,1
A0A649V1H8,1
A0A649V1J8,1
A0A649V1T6,0
A0A649V1Y1,1
A0A649V211,1
A0A649V269,1
A0A649V2C3,0
A0A649V2T2,1
A0A649V348,0
A0A649V3B1,0
A0A649V3K7,0
A0A649V3P7,0
A0A649V418,1
A0A649V474,1
A0A649V475,0
A0A649V4E1,1
A0A649V4E3,1
A0A649V4J3,1
A0A649V4L1,0
A0A649V4S7,1
A0A649V5A2,0
A0A649V5U0,1
A0A649V5U4,1
A0A649V6I9,1
A0A649V6J7,1
A0A649V752,1
A0A649V777,1
A0A649V7A6,1
A0A649V7F4,1
A0A649V7M7,1
A0A649V7W8,1
A0A649V8X9,1
A0A649V910,1
A0A649V9G3,1
A0A649V9M9,1
A0A649V9W7,1
A0A649VA15,1
A0A649VA55,1
A0A649VAE7,1
A0A649VB36,1
A0A649VB80,1
A0A649VBS8,1
A0A649VC87,1
A0A649VCV6,1
A0A649VD64,1
A0A649VDE0,1
A0A649VDG1,1
A0A649VDN4,1
A0A649VDP2,1
A0A649VEG6,1
A0A649VEW3,1
A0A649VF04,1
A0A649VFB9,1
A0A649VFI4,1
A0A649VFK5,1
A0A649VFV6,1
A0A649VG24,1
A0A649VGJ1,1
A0A649VGX0,1
A0A649VHA7,1
A0A649VHR7,1
A0A649VIH8,1
A0A649VIJ2,1
A0A649VIJ4,1
A0A649VIR9,1
A0A649VJ89,1
A0A649VJJ3,1
A0A649VK21,1
A0A649VKK0,1
A0A649VKX6,1
A0A649VMK5,1
A0A649VN79,1
A0A649VNE7,1
A0A649VNF3,1
A0A649VNU9,1
A0A649VPH1,1
A0A649VPV9,1
A0A649VQD5,1
A0A649VR84,1
A0A649VS01,1
A0A649VT43,1
A0A649VTM6,1
A0A649VU22,1
A0A649VUF2,1
A0A649VUW7,1
A0A649VV53,1
A0A649VVR5,1
A0A649VW90,1
A0A649VWH9,1
A0A649VWI6,1
A0A649VXH4,1
A0A649VYA7,1
A0A649VYU7,1
A0A649VYY1,1
A0A649VZ04,1
A0A649VZU7,1
A0A649W0Q5,1
A0A649WKP5,0
A0A650DFY0,0
A0A650DG00,0
A0A650EQY5,1
A0A650ER00,0
A0A650ER45,1
A0A650ERA8,1
A0A650ERF4,1
A0A650ES30,1
A0A650ES57,1
A0A650ES69,1
A0A650ESF8,1
A0A650ESM5,1
A0A650ESX0,1
A0A650ET33,1
A0A650ETC3,1
A0A650ETD1,1
A0A650ETD3,1
A0A650ETE4,1
A0A650ETE9,1
A0A650ETM2,1
A0A650ETY2,1
A0A650EU35,1
A0A650EU87,1
A0A650EUD7,1
A0A650EUH5,1
A0A650EUI7,0
A0A650EUN3,1
A0A650EUR0,1
A0A650EUY0,1
A0A650EVX3,0
A0A650EVX4,1
A0A650EWP6,0
A0A650EWR1,0
A0A650EWR8,1
A0A650EX21,0
A0A650F0L6,1
A0A650F767,1
A0A650F7R2,1
A0A650F7V8,1
A0A650F893,1
A0A650F8N1,1
A0A650FAS2,0
A0A650FB08,1
A0A653FR20,0
A0A653FRJ6,0
A0A653FRK9,0
A0A653FRM8,0
A0A653FRQ7,0
A0A653FRR1,0
A0A653FRV0,0
A0A653FS09,0
A0A653FS75,0
A0A653FS90,0
A0A653FSI8,0
A0A653FSK6,0
A0A653FSQ6,0
A0A653FTP9,0
A0A653FTR3,0
A0A653FTY8,0
A0A653FU71,0
A0A653FUG9,0
A0A653FV17,0
A0A653FVX1,0
A0A653FW40,0
A0A653FW49,0
A0A653FW62,0
A0A653FW83,0
A0A653FWB7,0
A0A653FWH3,0
A0A653FWM6,0
A0A653FXZ4,0
A0A653FYA1,0
A0A653FYE5,0
A0A653FYJ2,0
A0A653FYQ8,0
A0A653FZA4,0
A0A653FZD8,0
A0A653FZW6,0
A0A653G1D6,0
A0A653G5J3,0
A0A653G6F1,0
A0A653G6F2,0
A0A653G7I6,0
A0A653HBI2,0
A0A660GBR1,1
A0A678NU95,0
A0A678P182,0
A0A678P9T0,0
A0A678VFP0,1
A0A678VFQ0,1
A0A678VFS4,1
A0A678VFZ2,1
A0A678VGC3,1
A0A678VH70,1
A0A678VHJ0,1
A0A678VI18,1
A0A678VI31,1
A0A678VIF3,1
A0A678ZJR2,0
A0A678ZJU8,0
A0A678ZN30,0
A0A678ZXM7,0
A0A678ZZ14,0
A0A679DMG5,0
A0A679EZV8,0
A0A679F8V0,0
A0A679FGK0,0
A0A679K1K2,0
A0A679K1V7,0
A0A679KAT8,0
A0A679KCU0,0
A0A679KL84,0
A0A679L8N9,1
A0A679L8V5,1
A0A6B7EUX1,0
A0A6B7EWN4,0
A0A6B7EX16,0
A0A6B7F0G0,0
A0A6B7FQX5,1
A0A6B7H5U4,1
A0A6B7H7U1,1
A0A6B7HLC0,1
A0A6B7KSC9,0
A0A6B7LIA2,0
A0A6B7LR73,0
A0A6B7MBG1,0
A0A6B7SEH7,0
A0A6B7ZEZ5,0
A0A6B9I807,0
A0A6B9I9N1,0
A0A6B9I9S0,0
A0A6B9IA36,0
A0A6B9IZW5,0
A0A6B9J013,0
A0A6B9J045,0
A0A6B9J0V2,1
A0A6B9J0Y8,1
A0A6B9J229,1
A0A6B9J2A5,0
A0A6B9J2B2,0
A0A6B9J3F4,1
A0A6B9J3S6,0
A0A6B9J429,0
A0A6B9J445,0
A0A6B9J4K1,0
A0A6B9J4M7,0
A0A6B9J4T1,0
A0A6B9J5G8,0
A0A6B9J644,1
A0A6B9J6G3,1
A0A6B9J731,1
A0A6B9J793,1
A0A6B9J872,1
A0A6B9JAC6,1
A0A6B9JAR1,0
A0A6B9JAY9,1
A0A6B9JDZ5,1
A0A6B9JE00,0
A0A6B9JF29,1
A0A6B9JHS1,0
A0A6B9JKT3,1
A0A6B9JL67,1
A0A6B9KFR3,0
A0A6B9KFR9,0
A0A6B9L5H4,1
A0A6B9L5J1,1
A0A6B9L658,1
A0A6B9L7Q8,1
A0A6B9L7W7,1
A0A6B9L7X5,1
A0A6B9L8E5,1
A0A6B9L964,0
A0A6B9LA62,1
A0A6B9LAZ7,0
A0A6B9LBD9,1
A0A6B9LBT4,0
A0A6B9LBZ1,0
A0A6B9LCK9,0
A0A6B9LCN8,1
A0A6B9LCS8,1
A0A6B9LD66,1
A0A6B9LD74,0
A0A6B9LDC4,1
A0A6B9LDD8,0
A0A6B9LDM0,0
A0A6B9LDN4,0
A0A6B9LDZ0,1
A0A6B9LEB9,0
A0A6B9LEF2,0
A0A6B9LES8,0
A0A6B9LEW7,1
A0A6B9LF55,0
A0A6B9LFL0,1
A0A6B9LFP6,0
A0A6B9LFR1,1
A0A6B9LFU2,0
A0A6B9LFX0,0
A0A6B9LG40,0
A0A6B9LGB2,0
A0A6B9LGE2,1
A0A6B9LGJ0,0
A0A6B9LGN2,0
A0A6B9LGS5,1
A0A6B9LGZ1,0
A0A6B9LHM8,0
A0A6B9LHZ4,0
A0A6B9LI21,1
A0A6B9LI77,1
A0A6B9LI91,1
A0A6B9LJ18,1
A0A6B9LJI9,0
A0A6B9LJM5,0
A0A6B9LKF0,1
A0A6B9LKJ5,1
A0A6B9LKS2,1
A0A6B9LLB8,0
A0A6B9LLU0,1
A0A6B9LM00,0
A0A6B9LMX2,0
A0A6B9LN41,0
A0A6B9LNC6,1
A0A6B9LNL4,0
A0A6B9LNS1,0
A0A6B9LNU7,0
A0A6B9LP44,0
A0A6B9LPA3,0
A0A6B9LPC9,1
A0A6B9LPG1,0
A0A6B9LPM3,0
A0A6B9LPV4,0
A0A6B9LPY4,0
A0A6B9LQA1,0
A0A6B9LQF7,0
A0A6B9LQL2,0
A0A6B9LQR4,0
A0A6B9LQS2,0
A0A6B9LQW6,0
A0A6B9LRS8,0
A0A6B9LS04,0
A0A6B9LS07,0
A0A6B9LS10,0
A0A6B9LSU5,0
A0A6B9LTS1,0
A0A6B9LUG9,0
A0A6B9LUT5,1
A0A6B9LVJ2,1
A0A6B9LWN7,0
A0A6B9LXT9,0
A0A6B9M125,0
A0A6B9M253,0
A0A6B9RGE4,0
A0A6B9RGH8,0
A0A6B9RGK1,0
A0A6B9RJP7,0
A0A6B9RKM3,0
A0A6B9RKS7,0
A0A6B9SP46,0
A0A6B9SPC0,0
A0A6B9SPD0,0
A0A6B9SQB1,0
A0A6B9SQL3,0
A0A6B9SQN4,0
A0A6B9SS82,1
A0A6B9SSH8,1
A0A6B9SSJ9,0
A0A6B9ST50,1
A0A6B9STC3,0
A0A6B9STL9,1
A0A6B9STM4,1
A0A6B9SVF3,0
A0A6B9SVJ1,1
A0A6B9SVN8,0
A0A6B9SVX9,0
A0A6B9SW22,1
A0A6B9SWD3,0
A0A6B9SX07,0
A0A6B9SX21,1
A0A6B9SXM8,1
A0A6B9SYA2,0
A0A6B9SZB4,0
A0A6B9SZH0,1
A0A6B9SZN9,1
A0A6B9T037,1
A0A6B9WEU6,0
A0A6B9WF41,0
A0A6B9WFU7,0
A0A6B9WFV5,0
A0A6B9WGJ6,0
A0A6B9WGS0,0
A0A6B9WHM6,0
A0A6B9WHS6,0
A0A6B9WHT5,0
A0A6B9WI09,0
A0A6B9WI36,0
A0A6B9WIE2,0
A0A6B9WIX5,0
A0A6B9WKN3,0
A0A6B9WL27,0
A0A6B9WL40,0
A0A6B9WL96,0
A0A6B9WLF8,0
A0A6B9WMW2,0
A0A6B9WN42,0
A0A6B9WNQ2,0
A0A6B9WPF4,0
A0A6B9WPU8,0
A0A6B9WPX7,0
A0A6B9WQI3,0
A0A6B9WQJ9,0
A0A6B9WQL4,0
A0A6B9WQN2,0
A0A6B9WR96,0
A0A6B9WRQ1,0
A0A6B9WSI3,0
A0A6B9WSL7,0
A0A6B9WSW9,0
A0A6B9WT66,0
A0A6B9WUX3,0
A0A6B9WVD2,0
A0A6B9WVM2,0
A0A6B9WVP8,0
A0A6B9WVW7,0
A0A6B9WVX3,0
A0A6B9WWR1,0
A0A6B9WWS1,0
A0A6B9WX22,0
A0A6B9WYH2,0
A0A6B9WYI3,0
A0A6B9WYN8,0
A0A6B9WZ65,0
A0A6B9WZA6,0
A0A6B9WZK5,0
A0A6B9X0M0,0
A0A6B9X0T6,0
A0A6B9X1J1,0
A0A6B9X232,0
A0A6B9X286,0
A0A6B9X2B7,0
A0A6B9X2L7,0
A0A6B9X2R3,0
A0A6B9X4V6,0
A0A6B9X4W0,0
A0A6B9X582,0
A0A6B9X5F3,0
A0A6B9X5M4,0
A0A6B9X660,0
A0A6B9X740,0
A0A6B9X779,0
A0A6B9X786,0
A0A6B9X834,0
A0A6B9X8F5,0
A0A6B9X8T7,0
A0A6B9XAL7,0
A0A6B9XAL9,0
A0A6B9XAQ0,0
A0A6B9XB47,0
A0A6B9XBC5,0
A0A6B9XBC8,0
A0A6B9XBK5,0
A0A6B9XCV1,0
A0A6B9XCV6,0
A0A6B9XDE1,0
A0A6B9XDI0,0
A0A6B9XDL4,0
A0A6B9XDX6,0
A0A6B9XEH5,0
A0A6B9XEY0,0
A0A6B9XFE4,0
A0A6B9XFL5,0
A0A6B9XG93,0
A0A6B9XGV9,0
A0A6B9XH23,0
A0A6B9XHC3,0
A0A6B9XID8,0
A0A6B9XJA2,0
A0A6B9XZM0,0
A0A6B9XZM5,0
A0A6C0R016,1
A0A6C0R082,0
A0A6C0R0D5,0
A0A6C0R0U9,1
A0A6C0R196,0
A0A6C0RTQ4,1
A0A6C0RTQ9,1
A0A6C0RTR1,1
A0A6C0RTU1,1
A0A6C0RU44,1
A0A6C0RUV3,1
A0A6C0X1D8,0
A0A6C0X257,0
A0A6C1FBS2,0
A0A6C6XWC7,0
A0A6C6XYC3,0
A0A6C6XYJ3,0
A0A6C6XYW0,0
A0A6C6XZA5,0
A0A6C6XZB3,0
A0A6C6Y022,0
A0A6C6Y0H4,0
A0A6C6Y1E8,0
A0A6C6Y1I7,0
A0A6F8Z5Y5,1
A0A6F8Z5Y7,1
A0A6F8ZLE0,0
A0A6F9EW75,0
A0A6F9EW83,0
A0A6F9EWP8,0
A0A6F9EXC0,0
A0A6F9EXM2,0
A0A6F9EXZ4,0
A0A6F9EY16,0
A0A6G5P4Z8,0
A0A6G5QAI7,0
A0A6G5S769,0
A0A6G5V611,0
A0A6G5XNJ1,0
A0A6G6AGP7,0
A0A6G6XF41,1
A0A6G6XF98,1
A0A6G6XFI6,1
A0A6G6XGQ0,1
A0A6G6XGT0,0
A0A6G6XGW4,1
A0A6G6XIA6,0
A0A6G6XIF0,1
A0A6G6XIT3,1
A0A6G6XJF3,1
A0A6G6XJY1,1
A0A6G6XK17,1
A0A6G6XKT9,1
A0A6G6XKV1,1
A0A6G6XL68,1
A0A6G6XL86,1
A0A6G6XLI9,1
A0A6G6XM13,0
A0A6G6XM24,1
A0A6G6XMM6,0
A0A6G6XPZ3,1
A0A6G6XQI6,0
A0A6G6XQN1,0
A0A6G6XRE7,1
A0A6G6XRJ1,1
A0A6G6XRN8,0
A0A6G6XSC9,1
A0A6G6XSU5,1
A0A6G6XSY1,1
A0A6G6XT90,0
A0A6G6XTF3,1
A0A6G6XTK4,0
A0A6G6XU35,0
A0A6G6XU84,0
A0A6G6XUR0,1
A0A6G6XVD5,0
A0A6G6XVD6,0
A0A6G6XWW4,0
A0A6G6XXH3,0
A0A6G6XYF7,0
A0A6G6XYN8,0
A0A6G6XYN9,0
A0A6G6XZ82,0
A0A6G6XZA6,0
A0A6G6XZB9,1
A0A6G6XZK0,1
A0A6G6XZQ6,1
A0A6G6Y002,1
A0A6G6Y007,1
A0A6G6Y0R1,1
A0A6G6Y0X8,1
A0A6G6Y107,1
A0A6G8QW11,0
A0A6G8QX72,0
A0A6G8QXA9,0
A0A6G8QXB9,0
A0A6G8QZ27,0
A0A6G8QZZ6,0
A0A6G8R0A5,1
A0A6G8R0E7,1
A0A6G8R0K1,1
A0A6G8R1C6,1
A0A6G8R1D9,1
A0A6G8R216,1
A0A6G8R2C8,1
A0A6G8R2J0,1
A0A6G8R2M7,1
A0A6G8R2T2,1
A0A6G8R2Y3,1
A0A6G8R301,1
A0A6G8R318,1
A0A6G8R3H3,1
A0A6G8R3L3,1
A0A6G8R3R1,0
A0A6G8R436,0
A0A6G8R4E1,0
A0A6G8R4S5,0
A0A6G8R582,0
A0A6G8R5Z4,0
A0A6G8R6P6,0
A0A6G8R6S1,0
A0A6G8R6U4,0
A0A6G8R767,0
A0A6G8R800,0
A0A6G8R816,0
A0A6G8R8R5,0
A0A6G8R8S5,0
A0A6G8R980,0
A0A6G8R9D7,0
A0A6G8R9P7,0
A0A6G8RA53,0
A0A6G8RAF3,0
A0A6G8RAI9,0
A0A6G8RAM6,0
A0A6G8RAU6,0
A0A6G8RB12,0
A0A6G8RBD5,0
A0A6G8RBM6,0
A0A6G8RBP2,0
A0A6G8RBS1,0
A0A6G8RC58,0
A0A6G8RCI1,0
A0A6G8RCL3,0
A0A6G8RCW2,0
A0A6G8RDV8,0
A0A6G8RDW9,0
A0A6G8REC6,0
A0A6G8REE1,0
A0A6G8REV6,0
A0A6G8RFF4,0
A0A6G8RFP3,0
A0A6G8RGE4,0
A0A6G8RGR2,0
A0A6G8RH41,0
A0A6G8RHP4,0
A0A6G8RI66,0
A0A6G8RI76,0
A0A6G8RIP5,0
A0A6G8RJ94,0
A0A6G8RJT6,0
A0A6G8RKB0,0
A0A6G8RKN5,0
A0A6G8RL64,0
A0A6G8RLH4,0
A0A6G8RLW4,0
A0A6G8RLY5,0
A0A6G8RLY7,0
A0A6G8RM90,0
A0A6G8RMU2,0
A0A6G8RMY8,0
A0A6G8RNC6,0
A0A6G8RND9,0
A0A6G8RNS1,0
A0A6G8RNY8,0
A0A6G8RPE0,0
A0A6G8RPL3,0
A0A6G8RQ18,0
A0A6G8RQB1,0
A0A6G8RQD2,0
A0A6G8RQR6,0
A0A6G8RQY2,0
A0A6G8RR29,0
A0A6G9L7E2,0
A0A6G9L7V8,0
A0A6G9L8D2,1
A0A6G9L8H4,0
A0A6G9L8P0,0
A0A6G9L9E5,0
A0A6G9L9I1,0
A0A6G9L9W0,0
A0A6G9LA67,0
A0A6G9LA85,0
A0A6G9LB03,0
A0A6G9LB46,1
A0A6G9LB64,1
A0A6G9LBD8,1
A0A6G9LBG1,0
A0A6G9LBR5,1
A0A6G9LBT2,0
A0A6G9LBV7,1
A0A6G9LC08,1
A0A6G9LC98,1
A0A6G9LCM5,1
A0A6G9LCY6,1
A0A6G9LD01,1
A0A6G9LDR4,1
A0A6G9LFP9,0
A0A6G9LG86,0
A0A6G9LG91,0
A0A6G9LGB8,1
A0A6G9LGS1,0
A0A6G9LGW6,0
A0A6G9LH12,0
A0A6G9LHE4,0
A0A6G9LHG6,0
A0A6G9LHR6,0
A0A6G9LI11,0
A0A6G9LIA1,0
A0A6G9LIN9,0
A0A6G9LIU0,0
A0A6G9LIU1,0
A0A6G9LJ36,0
A0A6G9LJ89,0
A0A6G9LJH9,0
A0A6G9LKB0,0
A0A6G9LKB8,0
A0A6G9LKU2,1
A0A6G9LL19,1
A0A6G9LLP9,0
A0A6G9LMM4,0
A0A6G9LMQ2,0
A0A6G9LMZ0,0
A0A6G9LN58,0
A0A6G9LN89,0
A0A6G9LNY4,0
A0A6G9LP24,1
A0A6G9LPA9,0
A0A6G9LPW6,0
A0A6G9LQ37,0
A0A6G9LQ70,0
A0A6G9LQE9,0
A0A6G9LR06,1
A0A6G9LR51,0
A0A6G9LS81,0
A0A6G9LSA2,0
A0A6G9LSG3,0
A0A6G9LU57,0
A0A6G9LU67,0
A0A6H0D9E5,0
A0A6H0QUR4,0
A0A6H0QVG0,0
A0A6H0QWX5,0
A0A6H0X287,0
A0A6H0X291,0
A0A6H0X2J3,0
A0A6H0X2U1,0
A0A6H0X2X5,0
A0A6H0X352,0
A0A6H0X3K3,0
A0A6H0X3R0,0
A0A6H0X3W8,0
A0A6H0X4A0,0
A0A6H0X4T6,0
A0A6H0X4V9,0
A0A6H0X5F1,1
A0A6H0X5Q5,0
A0A6H0X6E1,1
A0A6H0X6J4,1
A0A6H0X6W5,0
A0A6H0X6Y1,0
A0A6H0X8E4,0
A0A6H0X8J6,0
A0A6H0X8S0,0
A0A6H0XA31,0
A0A6H0XAL2,0
A0A6H0XAU5,0
A0A6H0XAZ7,0
A0A6H1Z5X2,0
A0A6H1Z6J9,0
A0A6H1Z6N9,0
A0A6H2A7G0,1
A0A6H2A7Z4,1
A0A6H2A8H9,0
A0A6H2A9J5,0
A0A6H2A9W0,0
A0A6H2AA95,0
A0A6I8WFH2,0
A0A6J3ZUV3,0
A0A6J3ZUW5,0
A0A6J3ZVX4,0
A0A6J4D3Z2,1
A0A6J4EF85,0
A0A6J4EFW7,0
A0A6J4EHU4,0
A0A6J5YJS8,0
A0A6L1C7Q2,0
A0A6M2VAK9,0
A0A6M2VB16,0
A0A6M2VB91,0
A0A6M2VBA3,0
A0A6M2VBZ5,0
A0A6M2VE84,0
A0A6M2VG34,0
A0A6M2YBG1,0
A0A6M2YBM7,1
A0A6M2YDJ0,1
A0A6M2YDL9,1
A0A6M2YFT1,0
A0A6M2YSH4,0
A0A6M2YSS8,1
A0A6M2Z157,1
A0A6M2Z1M8,1
A0A6M2Z201,1
A0A6M2Z6I8,1
A0A6M2Z6W9,0
A0A6M2ZHL6,0
A0A6M3A3C9,1
A0A6M3A3F6,0
A0A6M3AJR8,0
A0A6M3AJV5,0
A0A6M3AK12,0
A0A6M3BDU4,1
A0A6M3BE13,1
A0A6M3BEB5,1
A0A6M3BEF4,1
A0A6M3BEM5,1
A0A6M3BET4,1
A0A6M3BF03,1
A0A6M3BF05,1
A0A6M3BJ52,0
A0A6M3G8P2,0
A0A6M3G8X5,0
A0A6M3H3L0,0
A0A6M3H7X7,0
A0A6M3I0C4,0
A0A6M3SUI5,1
A0A6M3SV16,1
A0A6M3SV45,1
A0A6M3SVJ2,1
A0A6M3SVU3,1
A0A6M3SVZ4,1
A0A6M3SWZ9,1
A0A6M3SXH1,1
A0A6M3SXR2,1
A0A6M3SYM6,1
A0A6M3SZ09,1
A0A6M3SZD1,1
A0A6M3SZS9,1
A0A6M3T017,1
A0A6M3T0U5,1
A0A6M3T0Z5,1
A0A6M3T118,1
A0A6M3T1A2,1
A0A6M3T1H7,1
A0A6M3T1S5,1
A0A6M3T272,1
A0A6M3T2C1,1
A0A6M3T2S7,1
A0A6M3T317,1
A0A6M3T3A7,1
A0A6M3T3H7,1
A0A6M3T3H9,1
A0A6M3T3X1,1
A0A6M3T401,1
A0A6M3T4T6,1
A0A6M3T5F5,1
A0A6M3T5W6,1
A0A6M3T5X5,1
A0A6M3T614,1
A0A6M3T629,1
A0A6M3T6M1,1
A0A6M3T793,1
A0A6M3T7D2,1
A0A6M3T7J4,1
A0A6M3T7V5,1
A0A6M3T8C8,0
A0A6M3T8G4,1
A0A6M3T8K4,0
A0A6M3T8S4,0
A0A6M3T903,1
A0A6M3T999,1
A0A6M3T9D6,1
A0A6M3T9D7,1
A0A6M3T9G2,1
A0A6M3T9L6,1
A0A6M3T9L9,1
A0A6M3T9W2,0
A0A6M3TA00,0
A0A6M3TA27,0
A0A6M3TAN9,1
A0A6M3TB54,1
A0A6M3TB74,1
A0A6M3TBG7,1
A0A6M3TBI6,1
A0A6M3TBZ9,1
A0A6M3TCH1,0
A0A6M3TCR9,0
A0A6M3TCW7,0
A0A6M3TD31,0
A0A6M3TDA4,0
A0A6M3TDJ6,0
A0A6M3TDJ9,0
A0A6M3TDR0,0
A0A6M3TDY4,0
A0A6M3TEE1,0
A0A6M3WH46,0
A0A6M3YJ24,0
A0A6M3YJE9,0
A0A6M3YLL6,0
A0A6M3YMQ9,0
A0A6M3YND9,0
A0A6M3YP60,1
A0A6M3YPC5,0
A0A6M3YT18,0
A0A6M4B769,0
A0A6M4BCE8,0
A0A6M4ESU3,0
A0A6M4ETZ8,0
A0A6M5C8W4,0
A0A6M5C909,0
A0A6M5C960,0
A0A6M5C9F4,0
A0A6M5CA00,1
A0A6M5CBA3,0
A0A6M5CBG7,0
A0A6M5CBT5,0
A0A6M5CBU4,0
A0A6M5CBU9,1
A0A6M5CCK1,0
A0A6M5CCW8,1
A0A6M5CDP1,0
A0A6M5CEI4,0
A0A6M8F9D6,1
A0A6M8FN65,1
A0A6M9BKV0,0
A0A6M9EFW9,0
A0A6M9EJ31,0
A0A6M9QBN7,0
A0A6M9X5Z1,1
A0A6M9YZF6,0
A0A6M9YZV3,1
A0A6M9Z0R2,0
A0A6M9Z182,0
A0A6M9Z1X2,0
A0A6M9Z289,0
A0A6M9Z395,1
A0A6M9Z3A4,0
A0A6M9Z3I5,1
A0A6M9Z3K7,0
A0A6M9Z3L3,0
A0A6M9Z3L4,1
A0A6M9Z3S4,1
A0A6M9Z4U3,1
A0A6M9Z572,1
A0A6M9Z5D4,0
A0A6M9Z5G4,1
A0A6M9Z5P1,0
A0A6M9Z6K3,0
A0A6M9Z6K4,0
A0A6M9Z701,1
A0A6M9Z7M6,1
A0A6M9Z9S7,1
A0A6N0A3K1,1
A0A6N0A3P1,1
A0A6N0A576,1
A0A6N0A5N3,1
A0A6N0A7B5,1
A0A6N0A8J9,1
A0A6N0A8Q1,1
A0A6N1W257,1
A0A6N3IKS1,1
A0A6N3IKS3,1
A0A6N3ISM5,1
A0A6N3IVY5,1
A0A6S4IQL3,1
A0A6S6MG30,1
A0A6S6YIG1,0
A0A6V7B5V6,1
A0A6V7BBN5,1
A0A6V7BDJ2,1
A0A6V7BE93,1
A0A6V7BEH4,1
A0A6V7C7Q7,1
A0A7D0GH56,1
A0A7D0GHJ6,1
A0A7D0GHL8,1
A0A7D0GHM4,1
A0A7D0GHU3,1
A0A7D0GHX2,1
A0A7D0GIS4,1
A0A7D0GJQ1,1
A0A7D0GJU3,1
A0A7D0GP16,0
A0A7D0GQ27,0
A0A7D0KF34,1
A0A7D0KHG1,1
A0A7D0KIJ0,1
A0A7D0KJV2,1
A0A7D0KK35,1
A0A7D0KMJ6,0
A0A7D0KVD7,1
A0A7D0KVW1,1
A0A7D0NEJ1,0
A0A7D0PL93,0
A0A7D0PLK5,0
A0A7D0TNH7,0
A0A7D0TNR2,0
A0A7D0TPB0,0
A0A7D0TPI2,0
A0A7D2HG50,0
A0A7D2HHD8,0
A0A7D3QIX2,0
A0A7D3QJK6,0
A0A7D3QLQ2,0
A0A7D3QMX8,1
A0A7D3QPY5,0
A0A7D3UH93,0
A0A7D3UHB0,0
A0A7D3UHM3,0
A0A7D3UIS5,0
A0A7D3UIZ9,0
A0A7D3UK14,0
A0A7D3UKI4,0
A0A7D3UL01,0
A0A7D3ULF7,0
A0A7D3ULZ2,1
A0A7D3UN36,0
A0A7D3UVD4,0
A0A7D3UWY4,0
A0A7D3V2D8,1
A0A7D3V4A2,0
A0A7D3V4M6,0
A0A7D4V027,0
A0A7D4XKD5,0
A0A7D4ZBY3,0
A0A7D5BGL8,0
A0A7D5BH06,0
A0A7D5BIS8,1
A0A7D5BVT9,1
A0A7D5DSV7,0
A0A7D5DUJ9,0
A0A7D5DV87,0
A0A7D5FJ75,0
A0A7D5FL50,1
A0A7D5FL81,1
A0A7D5FN01,0
A0A7D5FN11,1
A0A7D5FPA1,0
A0A7D5FPQ2,0
A0A7D5FPQ3,0
A0A7D5FQ35,0
A0A7D5FQV5,0
A0A7D5FR85,1
A0A7D5FR90,1
A0A7D5FRM1,0
A0A7D5FRZ9,0
A0A7D5FSF9,1
A0A7D5FUT4,0
A0A7D5FVE8,0
A0A7D5G2Y9,1
A0A7D5JD11,0
A0A7D5JFP5,0
A0A7D5JG33,0
A0A7D5JGS8,1
A0A7D5JIZ6,0
A0A7D5JJ38,1
A0A7D5JKK1,1
A0A7D5JMQ5,0
A0A7D5JNL0,0
A0A7D5JNP6,0
A0A7D5JNQ5,0
A0A7D5JP49,1
A0A7D5JQC3,0
A0A7D5JQP1,1
A0A7D5JQW9,1
A0A7D5JRN0,1
A0A7D5JRQ9,0
A0A7D5JS18,0
A0A7D5JSM2,1
A0A7D5JSR0,1
A0A7D5K5Q3,1
A0A7D5K9Q6,0
A0A7D5KAL8,1
A0A7D5Q8H5,0
A0A7D5QCE8,0
A0A7D5U0R0,0
A0A7D5U564,0
A0A7D5U6Q0,0
A0A7D7EM12,0
A0A7D7EN27,0
A0A7D7ERI5,0
A0A7D7ESD0,0
A0A7D7ESH3,0
A0A7D7EX89,0
A0A7D7F147,0
A0A7D7F198,0
A0A7D7F1Z8,0
A0A7D7F2S2,0
A0A7D7F2T8,0
A0A7D7F320,0
A0A7D7F387,0
A0A7D7F399,0
A0A7D7F3J1,0
A0A7D7F564,0
A0A7D7F5J8,0
A0A7D7F5N7,0
A0A7D7F6C5,0
A0A7D7F6U2,0
A0A7D7F716,0
A0A7D7F7D7,1
A0A7D7F7S0,0
A0A7D7F7T0,0
A0A7D7F7V3,0
A0A7D7F883,0
A0A7D7F8U1,0
A0A7D7F8Z5,0
A0A7D7F970,0
A0A7D7F9D2,0
A0A7D7FAX3,0
A0A7D7FB04,0
A0A7D7FD24,0
A0A7D7FD64,0
A0A7D7FED0,0
A0A7D7FES4,0
A0A7D7FG72,0
A0A7D7FGA8,0
A0A7D7FJE9,0
A0A7D7FNI4,0
A0A7D7FSV0,0
A0A7D7FW07,0
A0A7D7IBZ3,0
A0A7D7ICB7,0
A0A7D7IL51,0
A0A7D7INU4,0
A0A7D7IP50,0
A0A7D7IQY7,0
A0A7D7IR54,0
A0A7D7IT10,0
A0A7D7IT90,0
A0A7D7ITF7,0
A0A7D7ITS6,0
A0A7D7IVF4,0
A0A7D7IX92,0
A0A7D7IZR9,0
A0A7D7J064,0
A0A7D7J2E9,0
A0A7D7J6K9,0
A0A7D7J6R6,0
A0A7D7J7K5,0
A0A7D7J877,0
A0A7D7J8C6,0
A0A7D7J8X0,0
A0A7D7J951,0
A0A7D7JAC2,0
A0A7D7JBZ2,0
A0A7D7JEM8,1
A0A7D7JES3,0
A0A7D7JEW6,0
A0A7D7JFY7,0
A0A7D7JI10,0
A0A7D7JJ48,0
A0A7D7JKM6,0
A0A7D7JKY1,0
A0A7D7JLC9,0
A0A7D7JLG4,0
A0A7D7JPF7,0
A0A7D7JRF6,0
A0A7D7JRW3,0
A0A7D7JT26,0
A0A7D7JT89,0
A0A7D7JU28,0
A0A7D7JVU1,0
A0A7D7JVY1,0
A0A7D7JZC2,0
A0A7D7K0H0,0
A0A7D7K100,0
A0A7D7KJ61,0
A0A7D7KKI1,1
A0A7D9NLS9,0
A0A7G0Y2F4,0
A0A7G1GM78,0
A0A7G1KWJ0,1
A0A7G3HZ13,0
A0A7G3HZ39,0
A0A7G3HZ60,0
A0A7G3HZH2,0
A0A7G3HZW4,0
A0A7G3HZZ7,0
A0A7G3I113,0
A0A7G3I195,0
A0A7G3I1F3,0
A0A7G3I202,0
A0A7G3I3T1,0
A0A7G3I402,0
A0A7G3I434,0
A0A7G3KB11,0
A0A7G3KB17,0
A0A7G3M6Z8,0
A0A7G3M832,0
A0A7G3M9T8,0
A0A7G3MI64,1
A0A7G3MID4,1
A0A7G3MIP0,1
A0A7G3MJ71,1
A0A7G3MJ83,1
A0A7G3MJY3,1
A0A7G3MK89,1
A0A7G3MKZ3,1
A0A7G3ML27,1
A0A7G3MLC5,1
A0A7G3MLJ2,1
A0A7G3MLY5,1
A0A7G3MLY9,1
A0A7G3MM60,1
A0A7G3MMN1,1
A0A7G3MNF8,1
A0A7G3MNM0,1
A0A7G3MNX2,1
A0A7G3MPA4,1
A0A7G3MPQ9,1
A0A7G3MQL2,1
A0A7G3MQN8,1
A0A7G3MR02,1
A0A7G3MS80,1
A0A7G3MTF7,1
A0A7G3MUK0,1
A0A7G3NZN4,0
A0A7G3RZW8,1
A0A7G3T113,0
A0A7G3T7D1,0
A0A7G3V9I7,1
A0A7G3V9K6,1
A0A7G3VA26,1
A0A7G3VC14,1
A0A7G3VC76,1
A0A7G3VC96,1
A0A7G3VCC1,1
A0A7G3VCF3,1
A0A7G3VCG0,1
A0A7G3VCT3,1
A0A7G3VCX0,1
A0A7G3VP30,0
A0A7G3WCZ0,0
A0A7G3WD22,0
A0A7G3WH50,0
A0A7G3WHV3,1
A0A7G3WHY6,1
A0A7G3WWI2,1
A0A7G3WWN7,0
A0A7G4AVS3,1
A0A7G4AVY1,1
A0A7G4AVY6,1
A0A7G4AW96,1
A0A7G4AWM5,1
A0A7G4AWY0,1
A0A7G4AX32,1
A0A7G4AX58,1
A0A7G5AYI9,0
A0A7G5AYP9,0
A0A7G5B058,0
A0A7G5B7Q5,0
A0A7G5B806,0
A0A7G5B839,0
A0A7G5B8B0,0
A0A7G5B8J7,0
A0A7G5B8L6,0
A0A7G5B8Z8,0
A0A7G5B9A6,0
A0A7G5B9G5,0
A0A7G5B9I3,0
A0A7G5B9T4,0
A0A7G5B9X6,0
A0A7G5BA69,0
A0A7G5BAE6,0
A0A7G5BAN7,0
A0A7G5BAQ1,0
A0A7G5BAZ4,0
A0A7G5BB50,0
A0A7G5BBF0,0
A0A7G5BBJ5,0
A0A7G5BBP0,0
A0A7G5BCK5,0
A0A7G5BCL5,0
A0A7G5BCT8,0
A0A7G5CF25,0
A0A7G5CG30,0
A0A7G5CGK7,1
A0A7G5CH81,1
A0A7G5CHM1,1
A0A7G5CI43,1
A0A7G5CIL8,1
A0A7G7NBL4,0
A0A7G7WVA2,1
A0A7G7WWT1,0
A0A7G7WXW0,0
A0A7G7YB61,0
A0A7G8AK53,0
A0A7G8AKD5,1
A0A7G8AKN2,0
A0A7G8AKV2,0
A0A7G8AKW2,0
A0A7G8ALJ4,0
A0A7G8ALM7,0
A0A7G8AMB9,0
A0A7G8AMW0,0
A0A7G8ANB6,0
A0A7G8ANX8,0
A0A7G8L157,0
A0A7G8L1S5,0
A0A7G8L225,0
A0A7G8L2A1,0
A0A7G8L2H7,0
A0A7G8L2Q3,0
A0A7G8L2X9,0
A0A7G8L355,0
A0A7G8L3D1,0
A0A7G8L3K7,0
A0A7G8L3T3,0
A0A7G8L407,0
A0A7G8L481,0
A0A7G8L4F7,0
A0A7G8L4N3,0
A0A7G8L4V9,0
A0A7G8L535,0
A0A7G8L5B1,0
A0A7G8L5I7,0
A0A7G8L5R3,0
A0A7G8L5Y9,0
A0A7G8L665,0
A0A7G8L6E1,0
A0A7G8L6L7,0
A0A7G8L6U3,0
A0A7G8L719,0
A0A7G8L795,0
A0A7G8L7H1,0
A0A7G8L7P7,0
A0A7G8L7X3,0
A0A7G8L849,0
A0A7G8L8C5,0
A0A7G8L8K1,0
A0A7G8L8S7,0
A0A7G8L903,0
A0A7G8L979,0
A0A7G8L9F5,0
A0A7G8L9N1,0
A0A7G8L9V7,0
A0A7G8LA33,0
A0A7G8LAA7,0
A0A7G8LAI3,0
A0A7G8LAY3,0
A0A7G8LB59,0
A0A7G8LC46,0
A0A7G8LD83,0
A0A7G8LDM1,1
A0A7G8LDX5,1
A0A7G8LEE3,1
A0A7G8LEP4,1
A0A7G8LEY3,1
A0A7G8LFN7,1
A0A7G8LFT5,1
A0A7G8LG09,1
A0A7G8LG77,1
A0A7G8LGI2,1
A0A7G8LGT1,1
A0A7G8LH03,1
A0A7G8LH55,1
A0A7G8LHH8,1
A0A7G8LHX3,1
A0A7G8LI87,1
A0A7G8LIK8,1
A0A7G8LIK9,1
A0A7G8LJ63,0
A0A7G8LJC2,0
A0A7G8LJN4,0
A0A7G8LJT5,0
A0A7G8LJY9,1
A0A7G8LKC3,1
A0A7G8LKJ3,1
A0A7G8LKR1,1
A0A7G8LKZ5,1
A0A7G8LL91,1
A0A7G8LLF3,1
A0A7G8LLF4,1
A0A7G8LLL9,1
A0A7G8LLY0,1
A0A7G8LM91,1
A0A7G8LMF4,1
A0A7G8LNL9,1
A0A7G8LPB6,1
A0A7G8LPS2,1
A0A7G8LQ31,1
A0A7G8LQ57,1
A0A7G8LQC8,1
A0A7G8LQJ7,1
A0A7G8LQS4,1
A0A7G8LQY1,1
A0A7G8LRB3,1
A0A7G8Z7X4,0
A0A7G8ZYQ0,0
A0A7G8ZZ10,1
A0A7G8ZZ12,1
A0A7G8ZZL1,1
A0A7G8ZZS2,1
A0A7G9A020,1
A0A7G9A0H2,1
A0A7G9A0M9,1
A0A7G9A0W6,1
A0A7G9A153,1
A0A7G9A178,1
A0A7G9A1J5,1
A0A7G9A1J6,1
A0A7G9A1Y0,1
A0A7G9A224,1
A0A7G9A2B1,1
A0A7G9A2M9,1
A0A7G9A2Z0,1
A0A7G9A347,1
A0A7G9A3I4,1
A0A7G9A3I6,1
A0A7G9A520,1
A0A7G9A5L8,1
A0A7G9IRD1,0
A0A7G9URF8,1
A0A7G9URZ3,1
A0A7G9USI1,1
A0A7G9UT90,0
A0A7G9UTD9,0
A0A7G9UTJ9,0
A0A7G9UTP8,0
A0A7G9UU70,0
A0A7G9UUA6,0
A0A7G9UUR1,0
A0A7G9UV46,0
A0A7G9UVC0,1
A0A7G9UVN1,1
A0A7G9UVS2,1
A0A7G9UVY1,1
A0A7G9UW82,1
A0A7G9UW86,1
A0A7G9UWJ1,1
A0A7G9UXF8,1
A0A7G9UXN1,1
A0A7G9UXW2,1
A0A7G9UY40,1
A0A7G9UYD0,1
A0A7G9UYL5,1
A0A7G9UYL9,1
A0A7G9UZ44,1
A0A7G9UZC3,1
A0A7G9UZC4,1
A0A7G9UZP1,1
A0A7G9UZY3,1
A0A7G9V090,1
A0A7G9V0G3,0
A0A7G9V0U6,0
A0A7G9V1C2,0
A0A7G9V1U2,0
A0A7G9V2B5,0
A0A7G9V2T9,0
A0A7G9V3B2,0
A0A7G9V3V5,0
A0A7G9V3Y9,0
A0A7G9V448,1
A0A7G9V4R6,1
A0A7G9V594,0
A0A7G9V5J7,0
A0A7G9V5X4,0
A0A7G9V6G7,0
A0A7G9V739,0
A0A7G9V7K5,0
A0A7G9V7Y4,0
A0A7G9V8H4,0
A0A7G9V954,0
A0A7G9V9F3,0
A0A7G9V9W9,0
A0A7G9VAF3,0
A0A7G9VAT3,0
A0A7G9VB14,0
A0A7G9VBS0,0
A0A7G9VCD4,0
A0A7G9VCF6,0
A0A7G9VCW7,0
A0A7G9VDS8,0
A0A7G9VDU0,0
A0A7G9VEA2,0
A0A7G9VF62,0
A0A7G9VFM7,0
A0A7G9VFY1,0
A0A7G9VGE2,0
A0A7G9VGV2,0
A0A7G9VHA9,0
A0A7G9VHS6,0
A0A7G9VHZ9,0
A0A7G9VIF6,0
A0A7G9VJ67,0
A0A7G9VJM8,0
A0A7G9VK29,0
A0A7G9VKQ3,0
A0A7G9VKV2,0
A0A7G9VLM3,0
A0A7G9VM40,0
A0A7G9VM50,0
A0A7G9VMR3,0
A0A7G9VNB3,0
A0A7G9VNP3,0
A0A7G9VPA5,0
A0A7G9VPH8,0
A0A7G9VQ62,0
A0A7G9VQD5,0
A0A7G9VR92,0
A0A7G9VRQ9,0
A0A7G9VS12,0
A0A7G9VSJ4,0
A0A7G9VSY8,0
A0A7G9VTA0,0
A0A7G9VTW7,0
A0A7G9VU75,0
A0A7G9VUK4,0
A0A7G9VVF7,0
A0A7G9VVR8,0
A0A7G9VXR9,0
A0A7G9VY40,0
A0A7G9VYK5,0
A0A7G9VYQ2,0
A0A7G9VZ16,0
A0A7G9VZ92,0
A0A7G9VZG4,0
A0A7G9VZP1,0
A0A7G9VZW4,0
A0A7G9W038,0
A0A7G9W097,1
A0A7G9W0J8,1
A0A7G9W0U7,1
A0A7G9W133,1
A0A7G9W1E8,1
A0A7G9W1F2,1
A0A7G9W1R1,1
A0A7G9W222,1
A0A7G9W274,1
A0A7G9W2I2,1
A0A7G9W2V5,1
A0A7G9W354,1
A0A7G9W3D3,0
A0A7G9W3H1,0
A0A7H0X9I6,1
A0A7H0XA31,0
A0A7H0XA90,0
A0A7H0XAU4,1
A0A7H0XB78,0
A0A7H0XBN7,0
A0A7H0XBZ0,1
A0A7H0XC51,1
A0A7H0XC60,0
A0A7H0XCX1,0
A0A7H0XCY1,0
A0A7H0XDK9,0
A0A7H0XDZ6,0
A0A7H0XEA7,0
A0A7H0XEY9,0
A0A7H0XF63,0
A0A7H0XFJ9,0
A0A7H0XFU0,0
A0A7I2,0
A0A7I3,0
A0A7I6HJW2,0
A0A7I6I6H6,0
A0A7I8HQ17,0
A0A7I8HRD9,0
A0A7I8JUP5,0
A0A7I8LM48,0
A0A7I8LP75,0
A0A7I8LPL6,0
A0A7I8LPM1,0
A0A7I8LPZ4,0
A0A7I8N051,0
A0A7I8N0C2,0
A0A7I8N393,0
A0A7I8N3J5,0
A0A7I8N400,0
A0A7I8N414,0
A0A7I8N419,0
A0A7I8N424,0
A0A7I8V1C0,0
A0A7I8V2S7,0
A0A7I8V2X8,0
A0A7I8V698,0
A0A7K9,0
A0A7L4XVV0,0
A0A7L4YDS5,0
A0A7L4YE74,0
A0A7L4YER2,0
A0A7L4YF50,0
A0A7L4YF58,0
A0A7L4YGB6,0
A0A7L4YGY5,0
A0A7L4YHL4,0
A0A7L4YJ66,0
A0A7L4YJH2,0
A0A7L5CBM1,0
A0A7L5CBU3,0
A0A7L5GQC0,0
A0A7L7SGJ0,0
A0A7L7SHK2,1
A0A7L7SHY5,1
A0A7L7SIL8,1
A0A7L7SJ19,1
A0A7L7SJK7,1
A0A7L7SK57,1
A0A7L7SL96,1
A0A7L7SLU0,1
A0A7L7SMC2,1
A0A7L7SMW6,0
A0A7L7SN26,0
A0A7L7SN67,0
A0A7L7SN88,0
A0A7L7SNE4,0
A0A7L7SPJ9,1
A0A7L7SPM0,1
A0A7L7SQA7,1
A0A7L7SQC1,1
A0A7L7SQR7,1
A0A7L7SQZ8,1
A0A7L7SRP0,1
A0A7L7SRV7,1
A0A7L7SS21,0
A0A7L7SSH5,1
A0A7L7SSM3,1
A0A7L7SST7,1
A0A7L7SSV5,1
A0A7L7ST03,0
A0A7L7ST11,0
A0A7L7ST14,0
A0A7L7ST25,0
A0A7L7STC4,1
A0A7L7STQ8,1
A0A7L7SUV6,1
A0A7L7SVG5,1
A0A7L7SW89,1
A0A7L7SWJ9,0
A0A7L7SXL3,0
A0A7L7SXN6,1
A0A7L7SY05,0
A0A7L7SY99,1
A0A7L8G417,0
A0A7L8G427,0
A0A7L8G4I5,0
A0A7L8G4P5,0
A0A7L8G5M2,0
A0A7L8G6E4,0
A0A7L8ZDI4,1
A0A7L8ZE12,1
A0A7L8ZEJ2,1
A0A7L8ZEL3,1
A0A7L8ZEL5,1
A0A7L8ZER5,1
A0A7L8ZET3,1
A0A7L8ZF78,1
A0A7L8ZFD6,1
A0A7L8ZFF4,1
A0A7L8ZFK0,1
A0A7L8ZGH7,1
A0A7L8ZH01,0
A0A7L8ZH04,0
A0A7L8ZH66,0
A0A7L8ZI01,0
A0A7L8ZIH6,0
A0A7L8ZIQ5,0
A0A7L8ZIV8,0
A0A7L8ZIX6,1
A0A7L8ZJ00,0
A0A7L8ZJE2,1
A0A7L8ZJM7,0
A0A7L8ZKD4,1
A0A7L8ZKT7,0
A0A7L8ZL86,1
A0A7M1CIC8,1
A0A7M1CJ82,1
A0A7M1CJ89,1
A0A7M1CJG9,1
A0A7M1CJK2,1
A0A7M1CKA2,1
A0A7M1CKC5,1
A0A7M1CKF0,1
A0A7M1CKJ1,1
A0A7M1CLB3,1
A0A7M1CLB9,1
A0A7M1CMA6,1
A0A7M1CMH0,1
A0A7M1CMJ7,1
A0A7M1CMS6,1
A0A7M1CN20,1
A0A7M1CNN0,1
A0A7M1CNY9,1
A0A7M1CNZ3,1
A0A7M1CP51,1
A0A7M1CP82,1
A0A7M1CPF4,1
A0A7M1CQ30,1
A0A7M1CQ50,1
A0A7M1CQ62,1
A0A7M1CQE6,1
A0A7M1CRP7,1
A0A7M1CRV7,1
A0A7M1CRY1,1
A0A7M1CS67,1
A0A7M1CSA8,1
A0A7M1CSF6,1
A0A7M1CSI1,1
A0A7M1CTD5,1
A0A7M1CTJ8,1
A0A7M1CU29,1
A0A7M1IDX1,0
A0A7M1IDZ3,0
A0A7M1IE13,0
A0A7M1RNV8,1
A0A7M1RPF5,1
A0A7M1RQ77,1
A0A7M1RR47,1
A0A7M1RRG4,1
A0A7M1RS04,1
A0A7M1RSY9,1
A0A7M3T3L8,0
A0A7M3T3M9,0
A0A7M3T406,0
A0A7M3T4E6,0
A0A7M3TH54,0
A0A7M3TYM5,0
A0A7R6NGR4,1
A0A7R6NGS6,1
A0A7R6NH36,1
A0A7R6VQ70,0
A0A7R7A6Y0,0
A0A7R7A7A0,0
A0A7R7A815,0
A0A7R7EFK7,0
A0A7R7ER35,1
A0A7R7ER94,1
A0A7R7G156,1
A0A7R7G1D3,1
A0A7R7G2D5,1
A0A7R7HL78,0
A0A7R7I9W2,0
A0A7R7IEX7,1
A0A7R8MK61,0
A0A7R8MMQ2,0
A0A7R8S367,0
A0A7R8XFM7,0
A0A7S4YLD6,0
A0A7S5EBL9,0
A0A7S5PMJ4,0
A0A7S5QUZ4,0
A0A7S5QVY6,0
A0A7S5QWX2,0
A0A7S5QXQ2,0
A0A7S5QYH3,0
A0A7S5QYQ3,0
A0A7S5QZ98,1
A0A7S5QZD0,0
A0A7S5QZI4,0
A0A7S5QZP2,0
A0A7S5QZR3,0
A0A7S5QZZ0,0
A0A7S5R037,0
A0A7S5R0G8,0
A0A7S5R1W7,0
A0A7S5R2U1,0
A0A7S5R386,0
A0A7S5R4H8,0
A0A7S5R5D3,0
A0A7S5R5G1,0
A0A7S5R5Z9,0
A0A7S5R6R2,0
A0A7S5R734,0
A0A7S5R7T1,0
A0A7S5R802,0
A0A7S5R855,0
A0A7S5R860,0
A0A7S5R899,0
A0A7S5R8C6,0
A0A7S5R8F6,0
A0A7S5R8Q9,0
A0A7S5R8R4,0
A0A7S5R8U4,0
A0A7S5R9Q6,0
A0A7S5R9Q7,0
A0A7S5R9U9,0
A0A7S5RAH6,0
A0A7S5RAR7,0
A0A7S5RB04,0
A0A7S5RBI2,0
A0A7S5RCR2,0
A0A7S5RCX9,0
A0A7S5RDB6,0
A0A7S5RDC4,0
A0A7S5RED5,0
A0A7S5REJ7,0
A0A7S5RFT3,0
A0A7S5RGQ0,0
A0A7S5RH17,0
A0A7S5RH96,0
A0A7S5RIW0,0
A0A7S5RJC1,0
A0A7S5RJT4,0
A0A7S5RJT7,0
A0A7S5RKP0,0
A0A7S5SKF0,1
A0A7S5SKR9,1
A0A7S5SL82,0
A0A7S5SL91,0
A0A7S5T4N4,0
A0A7S5URT1,0
A0A7S5URW3,0
A0A7S5URZ0,0
A0A7S5US32,0
A0A7S5US64,0
A0A7S5USA3,0
A0A7S5UTB9,0
A0A7S5UTE5,0
A0A7S5UU38,0
A0A7S5UUQ5,0
A0A7S5UUY8,0
A0A7S5UV59,0
A0A7S5UV75,0
A0A7S5UWU9,0
A0A7S5UX62,0
A0A7S5UXD5,0
A0A7S5UXV7,0
A0A7S5UYA2,0
A0A7S5UYG5,0
A0A7S5UYZ2,0
A0A7S5UZF9,0
A0A7S5UZG7,0
A0A7S5UZL6,0
A0A7S5V038,0
A0A7S5V098,0
A0A7S5V0K1,0
A0A7S5V1D5,0
A0A7S5V2A9,0
A0A7S5V2U0,0
A0A7S5WS12,1
A0A7S5Y8W0,0
A0A7S5Y8X1,0
A0A7S5Y9A8,0
A0A7S5Y9C4,0
A0A7S5Y9Q9,0
A0A7S5Y9Z4,0
A0A7S5YA06,0
A0A7S5YAC4,0
A0A7S5YAU4,0
A0A7S5YBB3,0
A0A7S6C6S5,0
A0A7S6C6Z3,0
A0A7S6GHN9,1
A0A7S6GHS0,1
A0A7S6HSA6,0
A0A7S6HSB2,0
A0A7S6HTK4,0
A0A7S6ILD7,0
A0A7S6ILL9,0
A0A7S6ILM4,0
A0A7S6KX68,0
A0A7S6L130,0
A0A7S6L1A7,0
A0A7S6LE93,1
A0A7S6NIT4,1
A0A7S6NIX4,1
A0A7S6NJ04,1
A0A7S6R6V8,0
A0A7S6R6Y4,0
A0A7S6R7C9,0
A0A7S6R7F0,0
A0A7S6R7J6,1
A0A7S6R7K4,0
A0A7S6R7S8,0
A0A7S6R7U6,0
A0A7S6R7Z4,0
A0A7S6R8B3,0
A0A7S6R8K3,0
A0A7S6R8Q6,0
A0A7S6R8U8,0
A0A7S6R926,0
A0A7S6R971,0
A0A7S6R989,0
A0A7S6R9H1,0
A0A7S6R9M0,0
A0A7S6R9M3,0
A0A7S6R9P6,0
A0A7S6R9T0,0
A0A7S6R9U6,0
A0A7S6R9W2,0
A0A7S6R9X0,0
A0A7S6R9Y5,0
A0A7S6RAC9,0
A0A7S6RAE3,0
A0A7S6RAI1,0
A0A7S6RB56,1
A0A7S6TYE8,0
A0A7S6U0I2,0
A0A7S6U2E2,0
A0A7S6U2H7,0
A0A7S6U2P0,0
A0A7S6U2S5,0
A0A7S6U309,0
A0A7S6U320,1
A0A7S6U3B7,1
A0A7S6U3D3,0
A0A7S6U3F7,0
A0A7S6U3Z5,0
A0A7S7YBY8,0
A0A7S8BDS3,1
A0A7S8J3I6,0
A0A7S8MRQ6,0
A0A7S9SMQ6,0
A0A7S9SMQ9,0
A0A7S9SN65,0
A0A7S9SNR9,0
A0A7S9SPM2,0
A0A7S9SPQ4,0
A0A7S9SPV2,0
A0A7S9SQH6,0
A0A7S9SQQ4,0
A0A7S9SRD4,0
A0A7S9SRT8,0
A0A7S9SSP2,0
A0A7S9ST03,0
A0A7S9ST89,0
A0A7S9STN3,0
A0A7S9SVD7,1
A0A7S9SVX7,0
A0A7S9SW53,0
A0A7S9SWF5,1
A0A7S9SWP7,1
A0A7S9XC83,0
A0A7S9XEP0,1
A0A7S9XEY5,0
A0A7S9XEZ1,0
A0A7S9XFK3,0
A0A7S9XGC3,0
A0A7S9XGC7,0
A0A7T0LVQ2,0
A0A7T0LW25,0
A0A7T0LW97,0
A0A7T0M0B6,1
A0A7T0M0M6,1
A0A7T0M0S5,1
A0A7T0M178,1
A0A7T0M1F8,1
A0A7T0M1L6,1
A0A7T0M1N1,1
A0A7T0M1N5,1
A0A7T0M1N8,1
A0A7T0M233,1
A0A7T0M2H3,1
A0A7T0M2Z6,1
A0A7T0MEN8,1
A0A7T0MES2,1
A0A7T0MEU2,1
A0A7T0MEX4,1
A0A7T0MF37,1
A0A7T0MF73,1
A0A7T0MF78,1
A0A7T0MFB2,1
A0A7T0MFR6,1
A0A7T0MFR7,1
A0A7T0Q2Y4,1
A0A7T0Q343,1
A0A7T0Q4U3,1
A0A7T0Q582,1
A0A7T0Q5B5,1
A0A7T0Q5S1,1
A0A7T0QA89,1
A0A7T0QBB8,1
A0A7T1JPU3,1
A0A7T1JPV6,0
A0A7T1JPW5,1
A0A7T1KRD6,1
A0A7T1KRT5,1
A0A7T1KS33,1
A0A7T1KS39,1
A0A7T1KS91,1
A0A7T1KSF8,1
A0A7T1KSJ7,1
A0A7T1KSP6,1
A0A7T1KSS8,1
A0A7T1KT10,1
A0A7T1KT83,1
A0A7T1KTG9,1
A0A7T1KTW6,1
A0A7T1NVT6,1
A0A7T1NWH7,1
A0A7T1NX33,1
A0A7T1NY89,1
A0A7T1TTM4,0
A0A7T1TW14,0
A0A7T1X3A9,1
A0A7T1Y082,0
A0A7T2DAG5,0
A0A7T3KB06,1
A0A7T3KB63,1
A0A7T3KBC0,1
A0A7T3KBI1,1
A0A7T3KBQ3,1
A0A7T3KBQ4,1
A0A7T3KBZ2,1
A0A7T3KC70,1
A0A7T3KCE4,1
A0A7T3KCS6,1
A0A7T3KD30,0
A0A7T3KE21,0
A0A7T3KEP9,0
A0A7T3KEV4,0
A0A7T3KGZ0,0
A0A7T3KH90,0
A0A7T3KHX0,0
A0A7T3KI51,0
A0A7T3KIJ0,1
A0A7T3KIN4,0
A0A7T3N175,1
A0A7T3N1B1,1
A0A7T3N2N1,0
A0A7T3N2S2,0
A0A7T3N2Y2,0
A0A7T3N346,0
A0A7T3N403,0
A0A7T3N414,0
A0A7T3N454,0
A0A7T3N495,0
A0A7T3N4S7,0
A0A7T3N6J6,0
A0A7T3N6N7,0
A0A7T3N6Y9,0
A0A7T3N6Z4,0
A0A7T3N7H7,0
A0A7T3N7Z5,0
A0A7T3N814,0
A0A7T3N8C7,0
A0A7T3N8Q3,0
A0A7T3N8R1,0
A0A7T3N930,0
A0A7T3N9S9,0
A0A7T3N9T4,0
A0A7T3NA43,0
A0A7T3NA84,0
A0A7T3NAL5,0
A0A7T3NAQ6,0
A0A7T3NB83,0
A0A7T3NBR8,0
A0A7T3PGW9,0
A0A7T3PH93,0
A0A7T3PHQ0,0
A0A7T3TJ81,0
A0A7T3TJS1,0
A0A7T3TKA8,0
A0A7T3TKQ4,0
A0A7T3TKR0,0
A0A7T3TKR2,0
A0A7T3TLD4,0
A0A7T3TLG5,0
A0A7T3TLN6,0
A0A7T3U6U7,0
A0A7T3U729,0
A0A7T3U7K7,0
A0A7T5QTP2,0
A0A7T5QY81,0
A0A7T5QYI1,0
A0A7T5UEJ1,0
A0A7T6ZLZ2,0
A0A7T6ZMG3,0
A0A7T6ZMJ8,0
A0A7T6ZMX9,0
A0A7T7CKN0,0
A0A7T7CKT1,0
A0A7T7CL60,0
A0A7T7CLE0,0
A0A7T7G038,0
A0A7T7GRI3,0
A0A7T7GRK3,0
A0A7T7GRY3,0
A0A7T7GS94,0
A0A7T7GT05,0
A0A7T7GT79,1
A0A7T7GT81,1
A0A7T7GTB4,0
A0A7T7GTD3,1
A0A7T7GTT2,1
A0A7T7GUH5,0
A0A7T7JU53,0
A0A7T7K7I5,0
A0A7T7K7M1,1
A0A7T7K7S7,0
A0A7T7K7U8,0
A0A7T7K7V3,1
A0A7T7K819,1
A0A7T7K8J6,0
A0A7T7K963,0
A0A7T7Z7S3,1
A0A7T7Z8F6,0
A0A7T7Z8J8,0
A0A7T7Z8V0,1
A0A7T7Z8W5,1
A0A7T7Z9K5,1
A0A7T7Z9V5,1
A0A7T7ZAG9,0
A0A7T7ZAN0,1
A0A7T7ZBL0,1
A0A7T7ZCC7,1
A0A7T8C140,0
A0A7T8C1R3,1
A0A7T8C2A2,1
A0A7T8C367,0
A0A7T8C462,1
A0A7T8C4D6,1
A0A7T8C4I6,1
A0A7T8C4M4,1
A0A7T8C4Z3,1
A0A7T8C5M9,1
A0A7T8EI74,0
A0A7T8EI96,0
A0A7T8EIN9,0
A0A7T8EIX1,0
A0A7T8EIY3,0
A0A7T8EJ34,0
A0A7T8EJC7,0
A0A7T8EJK4,0
A0A7T8EJM2,0
A0A7T8EJS2,0
A0A7T8EJT4,0
A0A7T8EJY3,0
A0A7T8EK70,0
A0A7T8EK80,0
A0A7T8EKQ1,0
A0A7T8EKR7,0
A0A7T8EL16,0
A0A7T8EL52,0
A0A7T8EL93,0
A0A7T8ELW5,0
A0A7T8EM02,0
A0A7T8EMA8,0
A0A7T8EMR2,0
A0A7T8EN92,0
A0A7T8ENI4,0
A0A7T8ENX4,0
A0A7T8EP28,1
A0A7T8EP45,1
A0A7T8EPS4,0
A0A7T8EQ56,0
A0A7T8EQ72,0
A0A7T8EQ97,0
A0A7T8EQH2,0
A0A7T8ER31,0
A0A7T8ER82,0
A0A7T8ET13,1
A0A7T8ETP5,0
A0A7T8ETT3,1
A0A7T8EZU5,0
A0A7T8EZV2,0
A0A7T8F0J3,0
A0A7T8F118,0
A0A7T8ISZ0,0
A0A7T8ITK3,0
A0A7T8IU05,0
A0A7T8IUW6,0
A0A7T8IV64,0
A0A7T8IV88,0
A0A7T8IWH8,0
A0A7T8IWQ7,0
A0A7T8IWZ5,0
A0A7T8IX20,0
A0A7T8IX27,0
A0A7T8IX34,0
A0A7T8IX50,0
A0A7T8IX52,0
A0A7T8IXK0,1
A0A7T8IXK8,1
A0A7T8IXM9,1
A0A7T8IXX6,1
A0A7T8J1P0,0
A0A7T8J1T3,0
A0A7U0G7Q6,1
A0A7U0G803,1
A0A7U0G877,0
A0A7U0G8F5,0
A0A7U0G8N1,1
A0A7U0G8N8,1
A0A7U0G940,0
A0A7U0G943,0
A0A7U0G9P0,0
A0A7U0GAA6,0
A0A7U0GAG6,0
A0A7U0GAI0,0
A0A7U0GAX8,0
A0A7U0GBE6,0
A0A7U0GBY3,1
A0A7U0GC15,1
A0A7U0GCB7,1
A0A7U0GDF0,1
A0A7U0GDL6,1
A0A7U0GDS5,1
A0A7U0GDU7,1
A0A7U0GE00,1
A0A7U0GE02,1
A0A7U0GE40,0
A0A7U0GED3,0
A0A7U0J510,0
A0A7U0J5X7,1
A0A7U0J692,0
A0A7U0J6B3,0
A0A7U0J6D3,1
A0A7U0J6E4,1
A0A7U0J6P9,1
A0A7U0J7Q1,1
A0A7U0J7T2,1
A0A7U0J7U8,1
A0A7U3MFN8,0
A0A7U3MFT8,0
A0A7U3MWA9,0
A0A7U3N0W7,1
A0A7U3NKG8,1
A0A7U3P0B5,0
A0A7U3RDH2,0
A0A7U3RQC2,0
A0A7U3SR13,0
A0A7U3T8K6,1
A0A7U3TBK5,0
A0A7U3TFC1,1
A0A7U3TFF3,1
A0A7U3TUM7,0
A0A7U3V3K9,0
A0A7U3VC53,0
A0A7U3VCA8,0
A0A7U3VGB2,0
A0A7U3VHQ7,0
A0A7U3WDN2,0
A0A7U3WDN8,0
A0A7U3WJW0,0
A0A831ERG1,1
A0A8B6Q861,0
A0A8E5KB45,1
A0A8E5NS87,1
A0A8E8U3F2,1
A0A8E8U3F7,1
A0A8E8U3V2,1
A0A8E8U3W1,1
A0A8F4TCS4,0
A0EWV1,1
A0EX11,1
A0EX80,1
A0EX84,1
A0MKT5,0
A0MKT9,0
A0MKU7,0
A0MKX5,0
A0MNG2,0
A0MZE3,0
A0T2N4,1
A0ZS57,1
A0ZXJ1,0
A1BPG9,0
A1BTX6,1
A1BTY1,1
A1BU73,1
A1BU77,1
A1EAB6,1
A1KX46,1
A1KX50,1
A1KXB8,1
A1XX57,0
A1YTR3,1
A1YTR6,1
A1YZZ8,0
A2I317,0
A2I817,0
A3EZT2,0
A3F665,1
A3RDZ4,0
A3RDZ5,0
A4JWU0,0
A4JWZ0,0
A4JX20,0
A4K487,1
A4PE36,0
A4ZFD3,1
A4ZFD7,1
A5A5E0,1
A5GYG5,1
A5GYL4,1
A5GYT2,1
A5GYY0,1
A5GZ20,1
A5H1N1,0
A5LH83,0
A5PJ26,0
A5VW81,0
A5X378,0
A5X379,0
A5X9I5,0
A5YJZ8,1
A6M970,1
A6MAD8,1
A6XAE0,1
A6XML1,1
A7DYC5,1
A7DYC6,1
A7IYC3,1
A7J2B5,1
A7KV11,1
A7TWE3,1
A7TWL1,1
A7TWR7,1
A7XF46,0
A7XF57,0
A7XXE4,0
A7XXT9,0
A8ASL5,1
A8ASR3,1
A8ATB8,1
A8ATJ1,1
A8ATR6,1
A8ATW4,1
A8B1H2,0
A8CGF4,0
A8D3R5,1
A8D3S8,1
A8E261,1
A8HP23,0
A8R9A7,0
A8R9C2,0
A8WA19,1
A8YQK7,1
A9J597,0
A9J7D9,0
A9Q1S4,0
A9QTG1,1
A9QTG2,1
A9QTG3,1
A9UJV4,1
A9XKW3,0
A9XKW5,0
A9XKW7,0
A9XKW9,0
A9XKX1,0
A9XKX3,0
A9XKX5,0
A9XKX7,0
A9XKX9,0
A9XKY1,0
A9XKY3,0
A9XKY5,0
A9XKY6,0
A9XKY7,0
A9ZT37,0
B0FEE6,0
B0FIH9,0
B0VK53,0
B0ZSJ3,0
B1ABI2,1
B1ABI9,1
B1GS81,0
B1GS82,0
B2BTN7,1
B2D190,1
B2I481,0
B2ZNT3,1
B2ZY61,0
B2ZZ02,1
B2ZZ06,1
B3FYI8,0
B3GW20,1
B3RGM4,0
B3TJQ6,1
B3TJQ7,1
B3VCJ0,0
B3VCN8,0
B3VCU5,0
B3VCZ3,0
B3VD45,0
B3VFY1,1
B3VGG0,1
B3VGZ2,1
B3VLX1,1
B3VM63,1
B4UTR7,0
B4XN00,0
B4XY89,0
B4XYQ9,1
B4YQF1,0
B5A6F3,1
B5AX34,0
B5BTX9,0
B5LGB4,1
B5LGB5,1
B5LGB6,1
B5LGB7,1
B5LGB8,1
B5LGB9,1
B5LGC0,1
B5LGC1,1
B5LGC2,1
B5LJL3,1
B5LJX5,1
B5LKW7,1
B5LLI8,1
B5LLL2,1
B5LME5,1
B5LPS9,1
B5M9U5,0
B5MA36,0
B5TA73,0
B5TK83,0
B5TR94,0
B5U3H7,1
B5U3R2,1
B5U401,1
B5U4M8,1
B5U509,1
B5U576,1
B5U5H9,1
B5U5V5,1
B5WZR3,1
B5WZU3,0
B6CXF7,1
B6D7J9,1
B6DQH9,1
B6DQI8,1
B6DZ92,0
B6DZW6,0
B6ETD7,0
B6RT63,1
B6SCV1,0
B6SCY8,0
B6SD02,0
B6SD17,0
B6SD29,0
B6SD42,0
B6V2R4,1
B6Z9F7,0
B7SSN6,1
B7T0E8,1
B7T0F1,1
B7T0L1,1
B7VFJ1,0
B7VGA8,0
B8K1G9,0
B8QIR1,1
B8QTQ4,0
B8QTT5,0
B8QU66,0
B8R665,1
B8R884,1
B9UDJ1,0
B9W1G8,1
C0KIU7,0
C0LT22,1
C0LZY2,1
C0MQH2,0
C1KFN7,1
C3U2S5,1
C3V1I0,0
C3V1I9,0
C3V2A5,0
C3V2B5,0
C3VVT1,0
C4ML28,0
C4MYR3,0
C4MYS4,0
C4MZJ9,0
C4MZK9,0
C4NT73,0
C4NTF2,0
C5H7G8,0
C5I684,1
C5IHR6,0
C5IUL1,1
C5IYA7,1
C5J949,1
C6ZCX1,0
C6ZR65,0
C7BGD8,0
C7BV17,0
C7DT94,1
C7F4E4,0
C7T1V7,1
C7T1V8,1
C7T209,1
C7T210,1
C7T264,1
C7T2B6,1
C7T2G7,1
C8CH38,1
C8CHK7,0
C8CHK8,0
C8CHM9,0
C8CLH9,0
C8XUJ0,0
C9DAC6,1
C9DB30,1
C9DB73,1
C9DBW7,1
C9DBZ2,1
C9DCB7,1
C9DD07,1
C9DFY3,0
C9DGM9,0
C9E2L1,1
C9E2L3,1
C9EHE6,0
C9W9J6,1
C9WB87,1
D0Q1B0,0
D0R0F0,1
D0R0F1,1
D0R7H8,1
D0UIK2,0
D0UWE9,1
D0VPP8,1
D1L2U8,0
D1L301,0
D1LV09,0
D1LVD8,0
D2EBU1,0
D2IYY2,1
D2IZ45,1
D2IZB8,1
D2IZI1,1
D2IZP1,1
D2IZV5,1
D2J021,1
D2J077,1
D2JLG5,1
D2JTA3,0
D2K0A1,1
D2KRC0,1
D2XJB4,0
D2XJG4,0
D2XJL2,0
D2XJR1,0
D2XJW0,0
D2XQ00,1
D2XR33,1
D2XRK5,1
D2XRZ5,1
D2XS97,1
D3G7F8,1
D3G7G7,1
D3JZ74,1
D3W0F3,1
D3W693,0
D3WAD7,1
D3WK92,1
D3WK93,1
D4HTZ5,0
D4N4K8,1
D4N7H4,1
D4P733,1
D4P7C1,1
D4P7N0,1
D4P815,1
D4Z9R4,0
D4Z9S3,0
D5GVB2,0
D5JFG8,0
D5JFH4,0
D5LH07,0
D6PSS2,1
D6PSZ3,1
D6RRI3,0
D7R9T0,0
D7R9T1,0
D7R9T5,0
D7R9U0,0
D7R9U1,0
D7R9U4,0
D7R9U8,0
D7R9U9,0
D7R9V2,0
D7R9V3,0
D7R9V6,0
D7R9V7,0
D7R9W1,0
D7R9W2,0
D7R9W5,0
D7R9W6,0
D7RMB4,0
D7RMC3,0
D7RWE7,1
D7RWK6,1
D9ICK0,0
D9ICK8,0
D9IEF7,0
D9J0J9,1
D9ZNF3,1
E0Y3M7,1
E0Y3N1,1
E0YIP1,1
E0YIU2,1
E0YPF8,1
E0YPT5,1
E0YQ83,1
E1A185,0
E1A1M0,0
E1A2G3,0
E1A2L4,0
E1AC31,0
E1XT95,0
E1XTA6,0
E1XU94,0
E1Y3X3,0
E2ELK8,1
E2GM11,0
E3SFK4,0
E3SFL5,0
E3SJB2,0
E3SJN0,0
E3SPS7,0
E3SQG8,0
E3SR98,0
E3SSM2,0
E3W8H6,1
E4ZFN7,1
E5AFT8,0
E5AFW8,0
E5AG95,0
E5AGK8,0
E5DID2,0
E5DIE3,0
E5DQJ9,0
E5DQQ0,0
E5DV68,1
E5E3H0,0
E5E3R7,0
E5E3W2,0
E5E3Z4,0
E5E4C1,0
E5EPF0,0
E5EPS2,0
E5EYD9,0
E5EYR4,0
E5FFI0,0
E5FIW2,0
E5FIX3,0
E5G068,1
E5G6N1,0
E5KJQ8,0
E5KY16,0
E5L6X9,1
E5L7D0,0
E5RV07,0
E7C9S9,0
E7D0G0,0
E7DNC3,1
E7DYV4,0
E7EJP8,1
E7EKS5,0
E7EKY0,0
E7EL29,0
E8ZD20,1
E8ZD77,1
E8ZDD4,1
E8ZDJ2,1
E8ZDN7,1
E8ZDT5,1
E8ZDY8,1
E9KIF2,0
E9LT62,1
E9LT66,1
E9LUK3,1
E9LUR8,1
E9N3Y9,0
E9NIF0,0
F0PIJ7,1
F0V6Y2,0
F1ADS8,0
F1AH96,1
F1AH97,1
F1AH98,1
F1AH99,1
F1AHA0,1
F1AHA1,1
F1B2S6,1
F1BCI8,1
F1BCP4,0
F1BUL3,0
F1BUQ2,0
F1C591,0
F1C5D2,0
F1D028,0
F1D074,0
F1D0C2,0
F1D0H0,0
F1D0L7,0
F2VHX9,1
F2VX18,0
F2VXD5,0
F2VXE5,0
F2W610,0
F2W6J5,0
F4N9V8,0
F4YA37,0
F4YCN5,0
F4YCR3,0
F4YCT6,0
F4YDQ3,0
F4YXS2,0
F5B3Y2,0
F5B3Y3,0
F6K8M2,1
F6M822,1
F6MDN6,1
F6MIJ9,0
F8HGP2,1
F8J1A5,1
F8R4R2,0
F8S0S9,1
F8SK36,0
F8UBD2,1
F8UBI4,1
F8UBN3,1
F8UBR8,0
F8WPX5,1
F9VHZ9,0
G0LWL1,0
G0X4Y3,0
G0X5P1,0
G0X5Q1,0
G0XM51,1
G0XM55,1
G0XNW2,0
G0YPI9,0
G0YPS5,0
G0YPX5,0
G0YQ57,0
G0YQI3,0
G0ZNC8,0
G0ZT35,0
G1BK67,1
G1BKV8,1
G1BKY1,1
G1BLA0,1
G1BLK3,1
G1BMC5,1
G1BMF0,1
G1BMP4,1
G1BN19,1
G1BNC1,1
G1BNI5,1
G1BNW0,1
G1BP59,1
G1BPF4,1
G1BPN4,1
G1BPX9,1
G1BQ52,1
G1BQV3,1
G1BR17,1
G1BRA8,1
G1BRL3,1
G1BRV1,1
G1BS56,1
G1BSE4,1
G1BTB4,1
G1BTG2,1
G1C4Z3,1
G1CSS9,0
G1D107,1
G1D1K9,1
G1D201,1
G1D2P3,1
G1D2X6,1
G1D359,1
G1D3T6,1
G1D4E5,1
G1D4N2,1
G1D5A2,1
G1D644,1
G1D6A9,1
G1D6P0,1
G1D9Q2,1
G1D9W3,1
G1DA58,1
G1DIR9,1
G1DJ21,1
G1DTP8,1
G1DU08,1
G1DUM4,1
G1EBN5,1
G1EDF4,1
G1EDU3,1
G1EUX6,1
G1FF81,1
G1FFW6,1
G1FGA6,1
G1FH40,0
G1FH51,0
G1FIV9,1
G1FN47,1
G1FN95,1
G1FTW6,1
G1JTH6,1
G1JTQ9,1
G1JUI2,1
G1JUX7,1
G1JV62,1
G1JVT3,1
G1JWF2,1
G1JXV8,1
G1JY01,1
G1JZ48,1
G1JZU3,1
G2ZIU1,1
G2ZIU5,1
G2ZIU7,1
G3BM11,0
G3BM12,0
G3CFL7,0
G3ENC1,0
G3M4A5,1
G3M575,1
G3M5B9,1
G3MAW8,1
G3MB92,1
G3MB93,1
G3MBX9,1
G3MC77,1
G3MCI0,1
G3MDN4,1
G3MEJ3,1
G3MUQ0,0
G3MUQ7,0
G4KK23,0
G4KKM7,0
G4KKR9,0
G4KNR5,1
G4KNV7,1
G4W937,1
G4WAJ7,0
G4WAK8,0
G5DA94,0
G5DEP9,0
G5DEU1,0
G5DMG0,0
G8C7N4,0
G8C7W0,0
G8CLC4,0
G8DCR5,0
G8EJQ5,1
G8EJQ6,1
G8EJZ5,1
G8EJZ6,1
G8EY10,0
G8EY22,0
G8EY93,0
G8EYC4,0
G8EYD4,0
G8FS21,1
G8FS22,1
G8FV30,1
G8GDJ4,0
G8GDK2,0
G8GJ23,0
G8GWD3,0
G8I2Y1,1
G8I383,1
G8I3I5,1
G8I3S7,1
G8I449,1
G8I4E0,1
G8I4V3,1
G8I5V5,1
G8I654,1
G8I6F7,1
G8I6Q9,1
G8I6Y8,1
G8I770,1
G8I7H5,1
G8I7N0,1
G8I812,1
G8I883,1
G8I8L5,1
G8I8W7,1
G8I969,1
G8I9G3,1
G8I9P6,1
G8IAJ2,1
G8IAP4,1
G8IAV5,1
G8IB48,1
G8IBL2,1
G8IBT3,1
G8IC00,1
G8ICU5,1
G8IDH4,1
G8IE58,1
G8IE79,1
G9B1A2,1
G9BW83,0
G9BW84,0
G9FGV0,1
G9FH47,1
G9FH99,1
G9FHH0,1
G9FHJ0,1
G9FHQ8,1
G9FHW6,1
G9FI08,1
G9I9L2,0
G9IA41,0
G9IIE8,0
G9J241,1
G9J3I1,1
G9JXK9,0
G9L6E8,0
G9L6J6,0
G9M948,1
G9M969,1
H1ZUY4,0
H2A0C2,0
H2BCV4,0
H2BD99,0
H2BDD5,0
H2D0G4,0
H2DE58,0
H2EI67,0
H2EIC4,0
H2ELT8,0
H2EQG1,0
H6BFK6,0
H6BIG1,0
H6BJ23,0
H6BJ73,0
H6SUP2,0
H6T577,0
H6U5F7,1
H6UK32,0
H6VUC2,0
H6W803,0
H6WG88,0
H6WRZ4,0
H6WSD4,1
H6WTU0,0
H6WTZ1,0
H6WXH4,0
H6WZK1,0
H6X3N0,0
H8ZLV5,0
H8ZMV6,0
H9A0P7,1
H9A0Q2,1
H9A0W7,1
H9A0W8,1
H9A0X4,1
H9A139,1
H9A141,1
H9AWU1,1
H9C0H1,0
H9C0Q4,0
H9C148,0
H9C184,0
H9EB52,0
H9EDE0,1
H9EDJ7,1
H9EDJ8,1
H9EDQ4,1
H9EDQ5,1
H9EDW2,1
H9EDW3,1
H9EE17,1
H9EEA6,1
H9EED3,1
H9EED4,1
H9EEI7,1
H9EEP4,1
H9EEV1,1
H9EF09,1
H9EF67,1
H9EFC6,1
H9EFI5,1
H9EFI6,1
H9EFP3,1
H9EFV2,1
H9EG08,1
H9EG65,1
H9EGC4,1
H9EGH8,1
H9EGN4,1
H9EGN5,1
H9EGU2,1
H9EGU3,1
H9EH00,1
H9EH01,1
H9EH58,1
H9EHH0,1
H9EHH1,1
H9NAL3,1
H9NC94,0
H9NCI7,1
H9NCS1,1
H9YAH7,0
I0J2U4,0
I0J2W0,0
I1TDU1,0
I1TEH9,0
I1TJX3,1
I1TLF9,1
I1TRQ2,0
I1VX93,0
I1W5Y1,1
I1W626,1
I1W630,1
I2E8W9,1
I2FLU0,0
I2G846,0
I2GUG4,0
I3NL82,1
I3PH11,0
I3PV15,1
I3PV40,1
I3PV70,1
I3ULH9,0
I3ULI0,0
I3ULI3,0
I3ULY1,0
I3UMC0,0
I3UMC3,0
I3VYU7,1
I3WTZ2,1
I3WU42,1
I3WUE4,1
I3WV81,1
I3WVB6,0
I3WVU6,0
I3WWF2,1
I3WWS1,1
I3WX01,1
I4DSK2,1
I6NRD1,0
I6NW41,0
I6P8D3,1
I6PBG3,1
I6PBN2,0
I6PCE0,1
I6Q8U0,0
I6Q8V9,0
I6Q9N9,0
I6Q9Z5,0
I6R0P2,0
I6R1D5,0
I6R9L6,0
I6R9P9,0
I6R9Z4,0
I6S1V9,0
I6T7N8,1
I6TG35,1
I6W7B3,0
I6W8P7,1
I6W949,1
I6WAN5,1
I6WIA4,1
I6WKC1,1
I6WKT7,1
I6WMZ3,0
I6X3T1,1
I6X5A8,1
I6X6V3,0
I6X7Z7,0
I6XDJ0,1
I6XDY9,1
I6XEG2,1
I6XK02,1
I6XKI4,1
I6XLU0,0
I6YMG0,0
I6ZID6,0
I6ZRW0,0
I7A2R3,0
I7A8H3,0
I7A9I3,1
I7ASW0,1
I7AT28,0
I7ATQ5,0
I7B320,0
I7B328,0
I7B7C3,1
I7DK51,0
I7DKS9,0
I7FWL0,0
I7HDJ5,0
I7I008,0
I7IDG0,1
I7J3X6,0
I7J6U6,1
I7K2L2,0
I7K307,0
I7K3G5,0
I7LEZ7,0
I7LF02,0
J3RJW9,1
J3SL00,0
J3SVU8,0
J7FAQ2,0
J7I0Y1,0
J7I134,0
J7I4M6,0
J7I553,0
J7KDF6,1
J7KES7,0
J7KH48,1
J7KIY0,1
J7KKH9,0
J7KKL2,0
J7KKQ3,0
J7M609,0
J9PQX3,1
J9PRR0,1
J9PU17,1
J9PUD3,1
J9PV86,1
J9QE22,1
J9QED4,1
J9QRT9,1
J9SGR6,0
J9SH25,0
J9SHG5,0
J9SMH1,0
J9SV49,0
J9SXI6,0
J9SXY9,0
J9SY47,0
K0G1C0,1
K0G7U1,1
K0G888,1
K0G8A4,1
K0IMR6,0
K0JCS4,0
K0NZV5,0
K4F6U2,0
K4F776,0
K4F9J6,0
K4FBB2,0
K4FBF4,0
K4FBR6,0
K4FBZ6,0
K4FCE3,0
K4FEN7,0
K4HMY6,1
K4HMZ5,1
K4HN04,1
K4HN50,1
K4HNB8,1
K4HNB9,1
K4HND6,1
K4HND7,1
K4HNY5,1
K4HNZ4,1
K4HP31,1
K4HYE4,1
K4I0N0,0
K4I1Y4,1
K4I2E3,1
K4I2I5,0
K4I2U7,0
K4I2W6,0
K4I325,0
K4I3B7,0
K4I3P0,0
K4I410,0
K4I4R4,0
K4I5A0,0
K4I641,0
K4IB87,1
K4IBM9,1
K4ID66,1
K4IFT0,0
K4JPL3,0
K4JQD1,0
K4JRA8,0
K4JRL9,0
K4JRQ4,0
K4JSI4,0
K4JWZ0,0
K4JXJ3,1
K4K593,0
K4K744,0
K4LP86,1
K4MPP1,0
K4NWI7,0
K4NXC9,0
K4NZ91,0
K4NZE5,0
K4NZK4,1
K4NZW0,0
K4PAU3,1
K4PBB0,0
K4PW91,0
K4PXD6,0
K4RM41,0
K7NPW3,0
K7NPX3,0
K7P6P0,0
K7P7A5,0
K7P7I1,0
K7P7P0,0
K7P7Q3,0
K7P7V6,0
K7P7Y6,0
K7P847,0
K7P890,0
K7PGZ8,0
K7PHB0,0
K7PHF2,0
K7PHP2,0
K7PJS7,0
K7PKI0,0
K7PKV2,0
K7PKX1,0
K7PL79,0
K7PLY1,0
K7PM52,0
K7QKA6,0
K7QML4,1
K7R291,1
K7R2T1,0
K7R976,1
K7RFA9,1
K7RVN3,0
K7YGY6,0
K7YY03,0
K7ZLE2,0
K8DVU6,0
K9K9S8,0
K9L4B9,0
K9RZW8,0
L0ARW3,0
L0CQ17,0
L0HR99,0
L0LC03,1
L0LC28,1
L0MXZ8,0
L0MZ33,0
L0P533,1
L0P6H6,1
L7TG43,1
L7THA7,1
L7THP4,1
L7TI47,1
L7TJA9,0
L7TJR2,0
L7TK19,0
L7TL63,0
L7TLH3,0
L7TLM2,0
L7TLS3,0
L7TM06,0
L7TMD3,0
L7TMI6,0
L7TML5,0
L7TMN8,1
L7TMU6,0
L7TN10,0
L7TRW2,0
M1E3L7,0
M1EAG0,0
M1EAM6,0
M1F227,0
M1F3P8,0
M1FJA0,0
M1FN48,0
M1I7M3,0
M1I899,0
M1I8E3,1
M1I9K4,1
M1ID49,0
M1IDP9,0
M1IDQ5,0
M1IDZ3,0
M1IE59,1
M1IEI0,1
M1IFB4,1
M1IR38,1
M1NS67,1
M1NVX9,0
M1NW24,0
M1PKF8,1
M1PKZ3,1
M1PRP8,1
M1PRV7,1
M1Q1X7,1
M1Q1Y5,1
M1Q5D3,0
M1Q723,0
M1TAR2,0
M1TB12,1
M1TVD2,0
M1U2R2,0
M4GZZ1,1
M4H3P0,0
M4HNC8,1
M4HZD0,1
M4I0E5,1
M4I0H0,1
M4I776,1
M4I786,1
M4MHS6,0
M4NK23,0
M4NNF3,0
M4PQA3,0
M4PQU7,0
M4PRF3,0
M4PUV3,0
M4PWS8,1
M4PWT4,1
M4PWU0,1
M4PWU4,1
M4PWV0,1
M4PX48,1
M4PX51,1
M4PX54,1
M4PX61,1
M4PX65,1
M4PYB4,0
M4PZK7,1
M4PZL1,1
M4PZL5,1
M4PZM0,1
M4PZM4,1
M4Q0I4,1
M4Q0I8,1
M4Q0J4,1
M4Q0J8,1
M4Q0K5,1
M4Q149,0
M4Q7Z5,1
M4Q801,1
M4Q806,1
M4Q811,1
M4Q818,1
M4QF70,0
M4QPB8,0
M4QPK9,0
M4QPX0,0
M4R1J3,0
M4SK79,0
M4SL03,0
M4SLP9,0
M4SNU1,0
M4SQ91,0
M4SQM9,0
M4SR11,0
M4SSR3,0
M4ST54,0
M4STA9,0
M4T3D7,0
M4T418,0
M4T440,0
M4W600,1
M4W627,1
M4W8D4,1
M4WP02,1
M4ZRP4,1
M5AAF4,0
M9MUE0,1
M9NRK2,1
M9NSU4,1
M9NTD5,1
M9P0E5,0
M9PJ00,0
M9PKB2,0
M9Q1I7,1
M9QQN5,1
M9QT02,0
M9UXQ4,0
M9V198,0
N0DQR5,0
N0DSE8,0
O03950,1
O03979,1
O21888,1
O21982,1
O34082,1
O48471,1
O56785,1
O56788,1
O64040,1
O64203,1
O64298,1
O64362,0
O80056,1
O80064,1
O80122,1
O80124,1
O80189,1
O80284,0
O80288,0
O80292,0
O80309,0
P00720,0
P00806,0
P07540,1
P09963,0
P10439,0
P13311,0
P15057,1
P19385,1
P19386,1
P20331,0
P27359,0
P32762,1
P33486,1
P51728,0
P51771,0
P62692,1
P62693,1
P68920,0
P68921,0
P79668,1
P89923,1
P89924,1
P89927,1
Q06EK2,0
Q06EL1,0
Q08J98,0
Q09WN0,1
Q09WT1,1
Q09WT3,1
Q09YE6,1
Q09YE7,1
Q0E5W1,0
Q0E618,0
Q0GXT8,1
Q0H257,1
Q0PRU8,1
Q0QZ12,0
Q0R562,1
Q0SPG7,1
Q19CF2,0
Q19CR9,0
Q19UR6,0
Q19UX7,0
Q19X58,1
Q19Y11,1
Q19YB3,1
Q19YM3,1
Q19YV7,1
Q19Z42,1
Q19ZD2,1
Q19ZL8,1
Q19ZY7,1
Q1A072,1
Q1A0K6,1
Q1A0Q2,1
Q1HL92,0
Q1HLA0,0
Q1HLA8,0
Q1I0Z1,0
Q1MVN3,0
Q20DB2,1
Q24LG3,1
Q24LH4,1
Q286Y9,0
Q2A096,0
Q2A0C5,0
Q2I7P1,1
Q2I8E6,1
Q2LIB5,1
Q2LIG8,1
Q2NPA7,0
Q2NPG4,0
Q2TLS9,1
Q2TLT0,1
Q2WC62,0
Q2WC97,0
Q2WC98,0
Q2Z0P3,0
Q30LD5,1
Q331X1,1
Q332B8,1
Q333C0,0
Q37896,1
Q37969,1
Q37976,1
Q37979,1
Q38135,1
Q38317,1
Q38323,1
Q38359,1
Q38373,1
Q38614,1
Q38616,1
Q38653,1
Q3BLW5,1
Q3HL58,1
Q3HQU9,0
Q3T4S4,0
Q3T4V5,0
Q3T4Y6,0
Q3T517,0
Q3T548,0
Q3V7D1,0
Q3YJY6,0
Q3ZFI3,0
Q45PV8,0
Q45YF3,0
Q4TVX2,0
Q4Z8Y9,1
Q4Z8Z7,1
Q4ZA77,1
Q4ZA79,1
Q4ZAU2,1
Q4ZB16,1
Q4ZB92,1
Q4ZBG9,1
Q4ZBP3,1
Q4ZBW7,1
Q4ZC44,1
Q4ZC50,1
Q4ZCC3,1
Q4ZCC7,1
Q4ZCK1,1
Q4ZCR7,1
Q4ZCS7,1
Q4ZCZ2,1
Q4ZD58,1
Q4ZDC1,1
Q4ZDC4,1
Q4ZDD0,1
Q4ZDK0,1
Q4ZDK5,1
Q4ZDT0,1
Q4ZDT5,1
Q4ZE09,1
Q4ZE13,1
Q4ZE57,1
Q52PQ1,0
Q56117,0
Q56EQ6,0
Q56S80,1
Q597T9,1
Q5DN15,0
Q5G7N2,0
Q5G8R3,0
Q5GQI4,0
Q5IGY8,0
Q5ILA1,1
Q5ILA5,1
Q5J5L5,1
Q5J5U7,1
Q5MBW1,0
Q5MY96,1
Q5NTY4,1
Q5QF59,0
Q5TJL0,0
Q5ULJ3,1
Q5ULM6,1
Q5YA51,1
Q5ZGC9,0
Q5ZQZ1,0
Q65YV6,1
Q6A204,1
Q6DMS8,1
Q6E4B1,1
Q6EDY3,0
Q6EVN0,1
Q6H954,0
Q6H9V6,0
Q6IWQ8,0
Q6J1Q5,0
Q6J1W8,1
Q6JIK8,0
Q6K1I1,0
Q6KGN3,0
Q6KGU9,0
Q6NDZ4,0
Q6PVM5,0
Q6QIC7,0
Q6R6B3,0
Q6R861,1
Q6RCF5,0
Q6SE63,1
Q6SEB5,1
Q6U9J5,0
Q6UGC4,0
Q6UGH3,0
Q6UJ04,0
Q6UKC4,0
Q6UYK3,0
Q6V7L5,0
Q6VT55,0
Q6WHM4,0
Q6WY45,0
Q6WYE8,0
Q6WYQ4,0
Q6X3T9,1
Q6X3U3,1
Q6XQ98,0
Q6Y7U0,1
Q708K0,1
Q716B5,0
Q716M6,1
Q71JA9,1
Q76H64,0
Q76XJ0,0
Q76YA6,0
Q76YG1,0
Q76ZD6,0
Q775E1,0
Q776D9,0
Q776E6,0
Q776F4,0
Q778L6,0
Q77IT9,0
Q7AK23,0
Q7M2A4,0
Q7WSD9,1
Q7WSE4,1
Q7Y2B5,0
Q7Y2C0,0
Q7Y3F1,1
Q7Y3Q4,0
Q7Y3V3,0
Q7Y4B2,1
Q7Y4E4,0
Q7Y528,0
Q7Y5I9,0
Q7Y5M4,0
Q7Y5V0,0
Q852W9,1
Q854L4,1
Q854X2,1
Q855H8,1
Q855S8,1
Q856D3,1
Q856M5,1
Q856Y8,1
Q857L2,1
Q858F0,0
Q858M2,0
Q859G4,0
Q859I7,1
Q859K9,1
Q8H9G8,0
Q8H9P6,0
Q8HA43,1
Q8HA86,0
Q8HAN2,0
Q8LTD4,1
Q8LTE6,1
Q8LTH4,1
Q8LTJ6,1
Q8LTP4,1
Q8SBE0,0
Q8SBN4,1
Q8SD18,0
Q8SDJ9,0
Q8SDN4,1
Q8SDS7,1
Q8SDT1,1
Q8W5Y8,1
Q8W6M2,0
Q8W6S6,0
Q8W6X9,0
Q8W740,0
Q938J4,1
Q94M29,1
Q94ML5,0
Q94ML9,1
Q9AF60,1
Q9AZ52,1
Q9AZ81,1
Q9AZK9,1
Q9AZR1,1
Q9AZW7,1
Q9B0B3,1
Q9B0C3,1
Q9FZS0,1
Q9FZS3,0
Q9FZS7,0
Q9FZS8,1
Q9FZS9,1
Q9FZT9,0
Q9FZY0,1
Q9MBI0,1
Q9MBN4,1
Q9MBP1,1
Q9MBZ3,0
Q9MC03,0
Q9MC90,0
Q9MCC6,1
Q9MCC8,1
Q9MCH6,1
Q9MCJ0,1
Q9MCT2,0
Q9T132,0
Q9T1C9,1
Q9T1D1,1
Q9T1D5,1
Q9T1Z3,1
Q9XJB8,1
Q9ZX49,1
Q9ZXB4,1
Q9ZXB7,0
Q9ZXD7,1
Q9ZXH8,1
Q9ZXL6,0
R4ICC5,1
R4IFH0,0
R4IGB0,1
R4IQ32,0
R4JD41,1
R4JE24,1
R4JEG2,1
R4JEK0,1
R4JEZ8,1
R4JF21,1
R4JFB3,1
R4JFH6,1
R4JFM4,1
R4JGH8,1
R4JH32,1
R4JHA2,1
R4JHJ5,1
R4JHM2,1
R4JIT3,1
R4JKS2,1
R4JKX7,1
R4JLP7,1
R4JLW0,1
R4JM69,1
R4JMG7,0
R4JML6,1
R4JMV0,1
R4JNA2,1
R4JPZ6,1
R4TAH7,1
R4TC90,1
R4TD98,1
R4TIS0,1
R4TJ69,1
R4TQV7,1
R4WAL6,1
R9QCI4,0
R9QM37,1
R9QNI8,1
R9QSV2,1
R9R0S7,1
R9R0T9,1
R9R0X8,1
R9R181,1
R9R197,1
R9R1C0,1
R9R1C4,1
R9R1F1,1
R9R1H1,1
R9R1I2,1
R9R1K3,1
R9R1L2,1
R9R1S8,1
R9R1X0,1
R9R260,1
R9R270,1
R9R2D7,1
R9R2E8,1
R9R2F8,1
R9R4A9,0
R9R4Q8,0
R9R591,1
R9RWA5,1
R9RWH6,1
R9TEW4,0
R9TH33,0
R9TMH8,0
R9TN12,0
R9TNK7,0
R9TPH6,0
R9TPV8,0
R9TQ00,0
R9TQ04,1
R9TQ50,0
R9TRQ2,0
R9U4A9,0
R9UAZ1,0
R9VWD7,0
R9VY83,1
R9VYF5,0
R9ZWL8,0
R9ZXN3,0
R9ZXQ6,0
R9ZY40,0
R9ZZ38,0
R9ZZI3,0
R9ZZL3,0
S0A037,0
S0A060,0
S0A0J5,0
S0A0K5,0
S0A0Q2,0
S0A0S0,0
S0A0S6,0
S0A0X6,0
S0A148,0
S0A1H1,0
S0A1P7,0
S0A1P9,0
S0A1T1,0
S0A244,0
S0A302,0
S0A321,0
S0A396,0
S0A3Q7,0
S0A4A2,0
S0A531,0
S0A5P7,0
S4S2D7,0
S4S627,0
S4SGD7,0
S4SVG5,1
S4SVK1,1
S4SVK6,1
S4SXB3,1
S4SYS9,0
S4T909,1
S4T943,1
S4TNT6,0
S4TPG7,0
S4TPR8,0
S4TQ30,0
S4TQ66,0
S4TR07,0
S4TRL9,0
S4TRY0,0
S4TSA7,0
S4TSM1,0
S4TSX9,0
S4TT71,0
S4TTH7,0
S4TUB1,0
S4TUR6,0
S4TUZ1,0
S4TV96,0
S4TWB2,0
S4TWG4,0
S4U8D9,1
S4U8N6,1
S4U9Y8,1
S4USI1,0
S4V6E6,1
S4V9N2,1
S4WZQ9,0
S5FV07,0
S5M388,0
S5M394,0
S5M4J3,1
S5M633,1
S5M7Z7,0
S5M826,0
S5M842,1
S5M947,1
S5M9N6,1
S5M9Y4,1
S5MAF1,1
S5MDH9,0
S5MQK2,0
S5MRN1,1
S5VLT4,1
S5VMP7,1
S5VMY8,1
S5VVA0,0
S5VWI7,1
S5WB21,0
S5WJR5,0
S5XXS1,1
S5XYA3,1
S5XYX4,1
S5Y0K1,1
S5Y2Q1,1
S5Y3I1,1
S5Y3Q7,1
S5Y436,1
S5Y7S0,1
S5Y8Q2,1
S5YB17,1
S5YC11,1
S5YC98,1
S5YDQ1,1
S5YE11,1
S5YEJ0,1
S5YLE4,1
S5YLN8,1
S5YM61,1
S5YMW0,1
S5YQM1,1
S5Z6C2,1
S6B1Q4,1
S6B611,1
S6BFI4,1
S6C318,0
S6CGE7,0
S6CUC3,1
T1PTT1,0
T1R4F6,1
T1R4I0,1
T1R4K0,1
T1R4L8,1
T1R5Y4,1
T1R695,1
T1R6C8,1
T1R6G1,1
T1R6J1,1
T1R6M0,1
T1R6P9,1
T1R6S6,1
T1R6Y2,1
T1S9Y4,0
T1SBJ3,0
T2A7Y9,1
T2A8A7,1
T2A8M5,1
T2A9N1,1
T2A9T3,1
T2DR18,0
T2FI30,1
T2FIW8,1
U3PCM2,1
U3PDH1,0
U3PDY3,1
U3PFR1,0
U3PJ04,1
U3TK98,0
U4KJA4,1
U5ICX6,0
U5J9E2,1
U5JA48,1
U5N0W6,0
U5N0Z2,0
U5N455,0
U5NZY5,1
U5P0A9,0
U5P0V3,1
U5P3N2,0
U5P4M6,1
U5PRL9,1
U5PT78,1
U5PTK7,1
U5PU59,1
U5PUR7,0
U5PV94,0
U5PVY5,1
U5PW80,1
U5PW86,1
U5PWB9,1
U5PWC4,1
U5PWK4,1
U5PWQ2,1
U5PWR9,1
U5PY92,1
U5PYG7,0
U5PYZ1,0
U5PZP0,0
U5PZX6,0
U5Q083,1
U5Q1E4,1
U5U408,1
U5U4H7,1
U5U7D2,1
U6C6A5,0
U6E9F5,1
V5JVG6,0
V5JW42,0
V5JWN7,0
V5JXB0,0
V5K2W2,0
V5KSW7,0
V5Q7J9,0
V5Q7S4,0
V5Q9M8,0
V5R3B7,1
V5R3T9,1
V5R3X6,1
V5R430,1
V5R4G2,1
V5R928,1
V5R999,1
V5R9K0,1
V5RBJ8,1
V5UPD4,1
V5UPI8,1
V5UQ90,1
V5UQ97,1
V5UQT2,1
V5UR84,0
V5URH4,0
V5URN7,1
V5US61,0
V5US95,1
V5USG4,0
V5UTJ0,1
V5UTS5,0
V5XUN6,1
V5XWH3,1
V5XX66,1
V5XXU5,1
V5YSX1,0
V5YTT7,0
V6F994,0
V9IQK6,0
V9LYU2,0
V9LZ47,0
V9QIZ5,1
V9QL51,0
V9SJA3,0
V9VCZ1,0
V9VHX3,1
W0FBY3,0
W0LI70,0
W0LIP7,1
W0LJS5,1
W0LJZ5,1
W0LK03,1
W0LKG4,1
W0LMC4,1
W0LMX6,1
W0LN01,1
W0LN60,0
W0LYI8,0
W0M2E9,0
W0TUV1,1
W0TVU0,1
W0XA98,0
W5QU70,1
W5R8Y6,1
W5RAM3,1
W5RAP8,1
W5RAT7,1
W5RV91,1
W5S793,0
W6AQZ3,0
W6ARN7,0
W6ARR9,0
W6ASH0,0
W6ASU1,0
W6AT95,0
W6B1A0,0
W6B3B8,1
W6E9J9,0
W6E9Q2,0
W6EBY7,1
W6LMV8,1
W6PDB2,0
W6PPG5,0
W6PPL3,0
W8CPL1,0
W8CYX6,1
W8CZ46,1
W8CZD4,0
W8E8S7,1
W8ECQ1,1
W8ED04,1
W8EE96,1
W8EEH2,1
W8EEP3,1
W8EEW7,1
W8EG98,1
W8EHB5,0
W8EI56,1
W8EIS8,0
W8EKD0,1
W8FPK3,1
W8FTG1,1
W8FU30,1
W8JDR4,0
W8JEY9,0
W8JF06,0
W8JKA6,0
W8JP80,0
W8JPH7,0
W8P064,1
W8VYN4,0
W8Y443,0
X2CST8,0
X2CXR6,0
X2CXV0,0
X2CXX8,1
X2CXZ6,0
X2CYH6,0
X2CYM6,0
X2JN49,1
X2KMI2,0
X2KRR9,1
X2KRT0,1
X2KS06,1
X2KS69,1
X2KSF5,1
X2KSL8,1
X2KUG4,1
X2KXV2,1
X2KYM3,1
X2KYU5,1
X4YES5,1
X4YGT6,1
X4YH20,1
X4YTU0,0
X4YU71,0
X4YVN8,1
X4YWB9,1
X5IEK4,0
X5JAJ5,1
X5JZD7,0
A0A023W6M9,0
A0A023W7B9,1
A0A023ZUB2,0
A0A023ZUC7,0
A0A023ZY61,1
A0A023ZYD6,1
A0A024AZG6,1
A0A024B0J1,1
A0A024B0Y1,1
A0A024B1S4,1
A0A024B2T8,1
A0A024B3E6,1
A0A059NT57,1
A0A059PAR6,1
A0A059PY91,0
A0A059T5Q9,1
A0A059T6T7,1
A0A059T6Y8,1
A0A059T7B2,1
A0A059T850,1
A0A059T8D3,1
A0A059T8P4,1
A0A059T908,1
A0A059VJQ9,0
A0A060AGJ6,1
A0A060AH53,0
A0A060AKT4,1
A0A060AL03,1
A0A060ALA5,1
A0A060ALX7,1
A0A060ANI0,1
A0A067XR43,0
A0A067YXI2,0
A0A067YXU3,0
A0A067YYK8,0
A0A067YYS4,0
A0A067ZKF7,0
A0A068A2C9,1
A0A068CAS9,1
A0A068CBD1,1
A0A068CBU6,1
A0A068CBX0,1
A0A068CCA3,1
A0A068CCC1,1
A0A068CCM7,0
A0A068CD38,1
A0A068CDU1,1
A0A068CEY5,1
A0A068EMN7,1
A0A068Q6H8,0
A0A068YNW6,1
A0A068YP78,1
A0A075BDS9,1
A0A075BEU1,1
A0A075BF38,1
A0A075E0Z2,0
A0A075M036,1
A0A075M046,1
A0A075M4J8,1
A0A076G4W5,1
A0A076G614,1
A0A076G623,1
A0A076G798,1
A0A076G7X7,1
A0A076G910,1
A0A076GAT2,1
A0A076YIN7,0
A0A076YLZ5,1
A0A076YN89,1
A0A076YN96,0
A0A076YPF0,1
A0A076YQM8,0
A0A076YQW4,1
A0A077KC92,0
A0A077KYL1,0
A0A077SK38,0
A0A088CQ71,1
A0A088F6K4,0
A0A088F6W1,0
A0A088F7C1,0
A0A088F7X4,0
A0A088FNV5,1
A0A088FS70,0
A0A088FTF2,1
A0A088FWN7,0
A0A090C9K8,1
A0A090D7Z5,1
A0A090DCQ7,1
A0A096VKG5,0
A0A096VL06,0
A0A096VL19,0
A0A096XT06,1
A0A096XT07,1
A0A097BWZ6,0
A0A097EW01,0
A0A097EWI0,1
A0A097EYB9,0
A0A097EYH3,0
A0A097EYI1,0
A0A097J1T5,0
A0A097J3B7,0
A0A097J6J6,0
A0A097J7E1,0
A0A097J832,0
A0A097J8W1,0
A0A097PAR3,0
A0A097PBF5,1
A0A0A0P1R1,0
A0A0A0PJ85,1
A0A0A0PL45,1
A0A0A0PLM7,1
A0A0A0PUF6,1
A0A0A0PUN6,0
A0A0A0PZJ1,0
A0A0A0RKB4,0
A0A0A0RMV8,1
A0A0A0RNB0,1
A0A0A0RP92,0
A0A0A0RPZ1,1
A0A0A0RQH0,1
A0A0A0RS48,1
A0A0A0RSI6,1
A0A0A0RVE6,1
A0A0A0YP95,0
A0A0A0YPL9,0
A0A0A0YUU2,1
A0A0A0YXE4,0
A0A0A1IUU8,0
A0A0A1IVU1,0
A0A0A1IVY6,0
A0A0A1IWM0,0
A0A0A7DMV4,1
A0A0A7DVB8,0
A0A0A7HAV2,1
A0A0A7HB70,0
A0A0A7HD14,0
A0A0A7HDG3,0
A0A0A7HG62,0
A0A0A7NNW9,1
A0A0A7NQ33,0
A0A0A7NQ86,0
A0A0A8J8N9,0
A0A0A8J8P3,0
A0A0A8WES0,1
A0A0A8WF62,1
A0A0A8WIF2,1
A0A0A8WJ93,1
A0A0B4L9E7,0
A0A0B4MZ94,1
A0A0B4MZC4,1
A0A0B4N1J2,0
A0A0B4N5J1,0
A0A0B4N5K7,0
A0A0B4ZZT5,0
A0A0B5A2S9,0
A0A0B5A360,1
A0A0B5A4P3,0
A0A0B5A4X8,0
A0A0B5A615,0
A0A0B5A7F4,1
A0A0B5H2I3,0
A0A0B6VNS9,0
A0A0B6VTV9,0
A0A0B7MRI8,0
A0A0C5ACE3,1
A0A0C5ADT4,0
A0A0C5AFL3,0
A0A0C5K6Q6,1
A0A0C5K8Y5,1
A0A0C5PS57,0
A0A0D3MT00,1
A0A0D3MUV0,1
A0A0D3MV15,1
A0A0D3MV60,1
A0A0D3MVA9,1
A0A0D3MVE6,1
A0A0D3MVS0,1
A0A0D3MW40,1
A0A0D3MW84,1
A0A0D3QHA9,0
A0A0D3QHE9,0
A0A0D4DAQ3,0
A0A0D4DC81,1
A0A0D4DCR9,0
A0A0D5BIA2,0
A0A0E3D9A7,1
A0A0E3D9M9,1
A0A0E3DEV6,1
A0A0E3DFB4,1
A0A0E3ESF2,0
A0A0E3EZS2,0
A0A0E3F0D8,0
A0A0E3F5B9,0
A0A0E3F6W4,0
A0A0E3FLB2,0
A0A0E3FY13,0
A0A0E3G096,0
A0A0E3G2N2,0
A0A0E3G3Y1,0
A0A0E3G4M9,0
A0A0E3HCI2,0
A0A0E3HJT2,0
A0A0E3HKM5,0
A0A0E3HKU4,0
A0A0E3HPL2,0
A0A0E3HV49,0
A0A0E3ICD5,0
A0A0E3JQB5,0
A0A0E3M1I1,0
A0A0E3M1M4,0
A0A0E3M2X9,0
A0A0E3T5B7,1
A0A0E3T5P7,1
A0A0E3T632,1
A0A0E3T6B7,1
A0A0E3T6Q7,1
A0A0E3T701,1
A0A0E3T7D2,1
A0A0E3T8P4,1
A0A0E3T9J6,1
A0A0E3TAA4,1
A0A0E3TAU1,0
A0A0E3X992,1
A0A0E3XB61,1
A0A0E3XDN6,1
A0A0E4BZH9,1
A0A0F6NYA8,0
A0A0F6NYD0,0
A0A0F6R509,0
A0A0F6R859,0
A0A0F6R8N7,0
A0A0F6R8U9,0
A0A0F6R939,0
A0A0F6TGZ1,0
A0A0F6TIE6,0
A0A0F6TIU8,0
A0A0F6TJ87,0
A0A0F6TL40,0
A0A0F6WBM8,0
A0A0F6WC89,0
A0A0F6WCH3,0
A0A0F6WCM4,0
A0A0F6WD52,0
A0A0F6WD84,0
A0A0F6WDD1,0
A0A0F6WDF7,0
A0A0F6YPD9,0
A0A0F6YPP4,0
A0A0F6YQB1,0
A0A0F6YR17,1
A0A0F7INF9,0
A0A0F7INQ0,1
A0A0F7LCX2,0
A0A0G2SS23,0
A0A0G2SS81,0
A0A0G2T4I0,0
A0A0H3U444,1
A0A0H3U4E2,1
A0A0H3UCK9,0
A0A0H3V0Q1,1
A0A0H4IIV1,0
A0A0H4IJ32,0
A0A0H4IJ75,0
A0A0H4IJL4,0
A0A0H4IK61,0
A0A0H4IKM6,0
A0A0H4IL60,0
A0A0H4ILA3,0
A0A0H4ILT6,0
A0A0H4IN09,0
A0A0H4IN11,0
A0A0H4INW6,0
A0A0H4IP35,0
A0A0H4IP65,0
A0A0H4IPR7,0
A0A0H4IPY7,1
A0A0H4IQ36,0
A0A0H4IQ38,1
A0A0H4IQY1,0
A0A0H4IYM1,0
A0A0H4IYY3,0
A0A0H4IZQ3,0
A0A0H4J2S2,0
A0A0H4M659,0
A0A0H4TG18,1
A0A0H4TGB4,1
A0A0H4TGG5,0
A0A0H4TGL4,1
A0A0H4TH10,0
A0A0H4TIN9,1
A0A0H4TJ61,1
A0A0H4TJ74,1
A0A0H4U0Y3,1
A0A0H4U1K0,1
A0A0H4U2M2,1
A0A0K0L912,0
A0A0K0MCZ6,0
A0A0K0MWQ1,1
A0A0K0MWQ5,1
A0A0K0N545,1
A0A0K0N5D9,1
A0A0K0N5Y4,1
A0A0K0N6K9,1
A0A0K0N6T1,1
A0A0K0N732,1
A0A0K0NKU9,1
A0A0K0NL58,1
A0A0K0QS10,0
A0A0K0VLE6,0
A0A0K1LK43,0
A0A0K1LKC4,1
A0A0K1LL68,0
A0A0K1LLA9,0
A0A0K1LM21,0
A0A0K1LNC4,0
A0A0K1LNT5,0
A0A0K1LQD2,0
A0A0K1LQP3,0
A0A0K1Y5C5,0
A0A0K1Y5P5,1
A0A0K1Y5T7,1
A0A0K1Y6J2,1
A0A0K1Y740,0
A0A0K2CMB0,1
A0A0K2CMK2,1
A0A0K2CN66,1
A0A0K2CNI5,0
A0A0K2CNY2,1
A0A0K2D0C6,1
A0A0K2D106,1
A0A0K2FGN0,0
A0A0K2FHH9,0
A0A0K2FIQ5,0
A0A0K2FKF3,1
A0A0K2FKY5,1
A0A0K2FL81,1
A0A0K2FNG0,1
A0A0K2FNG4,1
A0A0K2QQH3,0
A0A0K2SUC1,1
A0A0K2YXS9,0
A0A0M3LP75,0
A0A0M3LPD3,0
A0A0M3LQI5,0
A0A0M3LT28,0
A0A0M3UK65,1
A0A0M4QVD0,1
A0A0M4QVY5,0
A0A0M4R1N6,1
A0A0M4REK7,0
A0A0M4S2H4,1
A0A0M4S2S3,1
A0A0M4S620,0
A0A0M5M3L4,1
A0A0M7QB70,0
A0A0M7QBK7,0
A0A0M7QC35,0
A0A0M7QC75,0
A0A0M7QCX4,0
A0A0M7QD22,0
A0A0M7QFL9,0
A0A0M7QGK5,0
A0A0M7RDS2,1
A0A0M9JDJ4,0
A0A0M9JDU1,0
A0A0M9JJ59,1
A0A0N6YR19,0
A0A0N7CED1,0
A0A0N7IRC7,0
A0A0N7IRD1,0
A0A0N7IRJ3,0
A0A0N7KZA3,0
A0A0N9BB14,1
A0A0N9EQW5,1
A0A0N9ESP6,1
A0A0N9RSS8,0
A0A0N9RU63,1
A0A0N9S894,1
A0A0N9SJM3,0
A0A0P0I7S1,1
A0A0P0I8P5,0
A0A0P0IE11,0
A0A0P0ILQ2,0
A0A0P0IRV8,0
A0A0P0IVA3,0
A0A0P0M6C8,0
A0A0P0ZC95,0
A0A0P0ZDJ9,0
A0A0P0ZDQ4,0
A0A0P0ZDT1,0
A0A0P0ZE89,0
A0A0R6PDA7,0
A0A0R6PEA8,0
A0A0R6PFA3,0
A0A0R6PGH9,0
A0A0R6PGJ7,0
A0A0R6PGN7,0
A0A0R6PGQ9,0
A0A0R6PGV9,0
A0A0R6PH08,0
A0A0R6PH33,0
A0A0R6PH51,0
A0A0R6PHB3,0
A0A0R6PHD1,0
A0A0R6PHF9,0
A0A0R6PHG6,0
A0A0R6PHI0,0
A0A0R6PHI6,0
A0A0R6PHM3,0
A0A0R6PHN3,0
A0A0R6PHS3,0
A0A0R6PI11,0
A0A0R6PI49,0
A0A0R6PI81,0
A0A0R6PID9,0
A0A0R6PIM4,0
A0A0R6PIS5,0
A0A0R6PIU2,0
A0A0R6PJ12,0
A0A0R6PJC3,0
A0A0R6PJF3,0
A0A0R6PK44,0
A0A0S0NA80,0
A0A0S1WFD3,0
A0A0S1WFN0,0
A0A0S1WG43,0
A0A0S1WG50,0
A0A0S1WGC0,0
A0A0S1WGM7,0
A0A0S1WGY6,0
A0A0S1WHE5,0
A0A0S2MUD1,1
A0A0S2MUF5,1
A0A0S2MVU0,0
A0A0S2MW06,0
A0A0S2MWG1,0
A0A0S2MX16,0
A0A0S2SY75,0
A0A0S3UG12,0
A0A0U1ZD49,0
A0A0U1ZVE8,1
A0A0U1ZVY5,1
A0A0U1ZZ97,1
A0A0U2A0K4,1
A0A0U2CH13,0
A0A0U2CJZ0,0
A0A0U2D9G5,0
A0A0U2DV64,0
A0A0U2KZA9,0
A0A0U2QV45,0
A0A0U3DJW9,0
A0A0U3E0G0,0
A0A0U4AYS7,1
A0A0U4AZZ8,0
A0A0U4B542,1
A0A0U4B6Y8,1
A0A0U4B782,1
A0A0U4IM82,1
A0A0U4IQ42,1
A0A0U4JBP8,1
A0A0U4JCZ4,1
A0A0U4JPL1,1
A0A0U4VUS6,0
A0A0U5A9U2,0
A0A0U5AJ13,0
A0A0U5BR66,0
A0A0X8WP96,0
A0A0Y0C4A9,1
A0A120HUN7,1
A0A120HUN9,1
A0A125STB6,0
A0A127AVH5,0
A0A127AVP0,0
A0A127KL79,0
A0A127KLG9,0
A0A127KLZ9,0
A0A127KM73,0
A0A127KMW3,0
A0A139ZW21,1
A0A140G748,1
A0A140HM00,1
A0A140HM01,1
A0A140XB17,0
A0A140XBI3,0
A0A140XFP7,0
A0A140XFU1,0
A0A141HRY4,1
A0A142EZL8,0
A0A142F0D8,0
A0A142F1E8,1
A0A142F1E9,1
A0A142FGE9,0
A0A142IIV3,0
A0A142K886,1
A0A142K904,1
A0A142K9I0,1
A0A142K9T4,1
A0A142KAP3,1
A0A142KB47,1
A0A142KBD6,1
A0A142KCA3,1
A0A142KCJ3,1
A0A143FH61,1
A0A143FHN7,1
A0A143FHQ0,1
A0A143FHZ7,1
A0A143FID4,1
A0A143FJ36,1
A0A143FJL3,1
A0A143FK77,1
A0A143FKE2,1
A0A143FKX5,1
A0A143FLJ0,1
A0A143FLP3,1
A0A143FNI1,1
A0A143FNJ0,1
A0A143FNW8,1
A0A143FP97,1
A0A143FPM7,1
A0A143FPM9,1
A0A143FQR4,1
A0A159B6I1,1
A0A159B6V2,0
A0A159B7K6,0
A0A159B7L1,0
A0A160CA77,0
A0A160CAD0,0
A0A160CBB3,0
A0A160DCU0,1
A0A160DDD3,1
A0A160DDN9,1
A0A160DDU2,1
A0A160DE71,1
A0A160DET1,1
A0A160DGU3,1
A0A160DH79,1
A0A160DH98,1
A0A160DHQ8,1
A0A160DI33,1
A0A160SVM4,0
A0A162EEW0,0
A0A166Y7S1,1
A0A172JG04,0
A0A172JG63,0
A0A172Q015,0
A0A172Q1C0,0
A0A172Q2C1,0
A0A173G9L3,1
A0A173G9L9,1
A0A173G9N4,1
A0A173G9V1,1
A0A173GAA8,0
A0A173GAX8,1
A0A173GAZ2,1
A0A173GBC8,1
A0A173GCM8,0
A0A173GDB4,0
A0A173GEE6,0
A0A173GF97,0
A0A173H0M4,0
A0A173H2J7,1
A0A173H2M1,1
A0A182BQ85,1
A0A185AMW5,1
A0A190XCB3,0
A0A191KBC7,1
A0A191KBF6,1
A0A191KBX1,1
A0A191KC22,1
A0A191SAM7,0
A0A191SAW2,0
A0A191SAX3,0
A0A191VYT0,0
A0A191ZC60,0
A0A192Y503,0
A0A192Y7Y9,0
A0A192Y8C7,0
A0A192YA25,1
A0A192YA26,0
A0A192YAV3,1
A0A192YB29,1
A0A193GY51,0
A0A193GYY5,0
A0A193GZK4,0
A0A193H098,0
A0A193H1M2,0
A0A193H265,0
A0A193H370,0
A0A1B0T6D4,0
A0A1B0T6D9,0
A0A1B0T6I6,0
A0A1B0T6J5,0
A0A1B0VDM8,0
A0A1B0VP68,0
A0A1B0VV92,0
A0A1B0XVY0,0
A0A1B0XW58,0
A0A1B0Z112,0
A0A1B1IX85,0
A0A1B1P914,0
A0A1B1PA12,1
A0A1B1PB70,1
A0A1B1PB82,1
A0A1B1PBX3,1
A0A1B1PD33,0
A0A1B1PE73,0
A0A1B1SEL1,1
A0A1B1SG24,1
A0A1B1SGM9,1
A0A1B1SGT0,1
A0A1B2AMX8,0
A0A1B2AN65,0
A0A1B2AND2,0
A0A1B2ANM5,0
A0A1B2AP02,0
A0A1B2AP97,0
A0A1B2APT1,0
A0A1B2APZ9,0
A0A1B2AQ42,0
A0A1B2IAM6,0
A0A1B2IBC6,0
A0A1B2IC80,0
A0A1B2ICX1,0
A0A1B2IDJ1,0
A0A1B2IEA9,0
A0A1B2IF27,0
A0A1B2IFU8,0
A0A1B2IGL1,0
A0A1B2IHE1,0
A0A1B3AY93,1
A0A1B3AYR8,1
A0A1B3AZ86,1
A0A1B3AZG2,1
A0A1B3AZW2,1
A0A1B3B020,1
A0A1B3B0K6,1
A0A1B3B241,1
A0A1C3S738,0
A0A1C3S7B8,0
A0A1C3S7H9,0
A0A1C9EHF6,1
A0A1C9EHW6,1
A0A1C9EI83,1
A0A1D3RKR6,0
A0A1D6X855,1
A0A1D6Z289,1
A0A1D7R817,0
A0A1D7R8M5,0
A0A1D7RB33,0
A0A1D7RCA8,0
A0A1D7RDJ4,0
A0A1D7RE90,0
A0A1D7RER3,0
A0A1D7RFD3,0
A0A1D7RGH2,0
A0A1D7RH84,0
A0A1D7RHQ7,0
A0A1D7RIK8,0
A0A1D7RJK3,0
A0A1D7RLN8,0
A0A1D7RN73,0
A0A1D7RP15,0
A0A1D7RS06,0
A0A1D7RT28,0
A0A1D7RUR2,0
A0A1D7RVB9,0
A0A1D7RWU9,0
A0A1D7RXZ4,0
A0A1D7S108,0
A0A1D7S1S6,0
A0A1D7S2V6,0
A0A1D7S4A6,0
A0A1D7S5J0,0
A0A1D7S5X8,0
A0A1D7S7H2,0
A0A1D7S9U5,0
A0A1D7SBN6,0
A0A1D7SE66,0
A0A1D7SE88,0
A0A1D7SEW2,0
A0A1D7SEX5,0
A0A1D7SI34,0
A0A1D7SJJ3,0
A0A1D7SKD2,0
A0A1D7SKE5,0
A0A1D7SKZ8,0
A0A1D7SMM6,0
A0A1D7SN31,0
A0A1D7SPW9,0
A0A1D7SR30,0
A0A1D7SS71,0
A0A1D7SSC2,0
A0A1D7SSY0,0
A0A1D7STG0,0
A0A1D7SUS1,0
A0A1D7SVE3,0
A0A1D7SVW8,0
A0A1D7SX65,0
A0A1D7SXY5,0
A0A1D7SZ19,0
A0A1D7T0X3,0
A0A1D8EPB5,1
A0A1D8EPN3,1
A0A1D8ETJ9,1
A0A1D8ETQ7,1
A0A1D8EU62,1
A0A1D8EU70,1
A0A1D8EUZ0,1
A0A1D8EV01,1
A0A1D8EXK4,0
A0A1D8F0G2,0
A0A1D8KJF8,0
A0A1D8KM27,0
A0A1D8KS53,0
A0A1E1GDL9,0
A0A1G4GQG6,0
A0A1I9KFD8,0
A0A1I9KK50,1
A0A1I9L2B5,0
A0A1I9S3T9,0
A0A1I9S579,1
A0A1I9S580,1
A0A1I9S607,1
A0A1I9S608,1
A0A1I9S707,1
A0A1I9S708,1
A0A1I9S8A9,1
A0A1I9S8Q1,1
A0A1I9S9N0,1
A0A1I9SCK0,1
A0A1I9SCW2,1
A0A1I9SEN0,0
A0A1I9SEV4,0
A0A1I9SF88,0
A0A1I9SFD8,0
A0A1J0GRC6,1
A0A1J0GRP0,1
A0A1J0GSE0,0
A0A1J0GT88,0
A0A1J0GV20,0
A0A1J0M9V9,1
A0A1J0MEY2,0
A0A1J0MFJ2,0
A0A1J0MFP9,1
A0A1J0MH93,0
A0A1J0MHX9,0
A0A1J0MI09,0
A0A1J0MIE0,1
A0A1J0MIK3,1
A0A1L2C920,0
A0A1L2C9F5,0
A0A1L2CUQ1,0
A0A1L2CUV5,0
A0A1L2CUW3,0
A0A1L2JXK4,1
A0A1L2JXP5,1
A0A1L4BKQ8,0
A0A1L6BYH3,1
A0A1L6BZG0,0
A0A1L7DQA5,0
A0A1L7DR81,0
A0A1L7DS81,0
A0A1L7DSA4,0
A0A1L7N0M8,0
A0A1L7N1E2,0
A0A1L7QNS8,0
A0A1L7R0B5,0
A0A1P8BK37,0
A0A1P8BKJ9,1
A0A1P8BKT8,1
A0A1P8BKZ5,1
A0A1P8BLL6,1
A0A1P8BLR1,1
A0A1P8BLW7,1
A0A1P8BM26,1
A0A1P8BMA1,1
A0A1P8BMB8,1
A0A1P8BMJ0,1
A0A1P8CMP3,1
A0A1P8CMP4,1
A0A1P8CMP9,1
A0A1P8CMQ8,1
A0A1P8CWQ1,1
A0A1P8D5L8,1
A0A1P8DTI6,0
A0A1P8DUS7,0
A0A1P8L6A0,0
A0A1P8L6C6,1
A0A1Q1PU69,0
A0A1Q1PU91,0
A0A1Q1PUJ6,0
A0A1Q1PUZ1,0
A0A1Q1PVD8,0
A0A1Q1PVX7,1
A0A1Q1PW35,1
A0A1Q1PWA1,0
A0A1S5PRQ6,1
A0A1S5PRU1,1
A0A1S5PRY3,1
A0A1S5R1I4,0
A0A1S5R3Y7,0
A0A1S5RCP6,1
A0A1S5SEZ8,1
A0A1S6KVS9,1
A0A1S6KVT1,1
A0A1S6KVT3,1
A0A1S6L213,0
A0A1S6UAE6,0
A0A1S6UAK3,0
A0A1S6UAR4,0
A0A1U9HDD5,0
A0A1U9WR20,0
A0A1V0DX14,0
A0A1V0DYV9,0
A0A1V0DYY0,0
A0A1V0DZ47,0
A0A1V0DZX6,1
A0A1V0E5H1,1
A0A1V0E5M9,0
A0A1V0E696,0
A0A1V0E6F3,0
A0A1V0E6L2,0
A0A1V0E7M0,0
A0A1V0E7T4,0
A0A1V0E7Z1,0
A0A1V0E882,0
A0A1V0E8H4,0
A0A1V0E8P9,0
A0A1V0E8Y8,0
A0A1V0E985,0
A0A1V0E9N7,0
A0A1V0EAP2,0
A0A1V0EBM1,0
A0A1V0ECL9,0
A0A1V0EDM1,0
A0A1V0EEJ8,0
A0A1V1FC55,0
A0A1V1FC88,0
A0A1V1FCB8,0
A0A1V1FCG3,0
A0A1V1FCV6,0
A0A1V1FD38,0
A0A1V1FDN1,0
A0A1V1FDN7,0
A0A1V1FDR7,0
A0A1V1FDS6,0
A0A1W5LJ76,0
A0A1W5N0K5,0
A0A1W5P0R5,0
A0A1W5P516,0
A0A1W5S489,0
A0A1W5S4D1,0
A0A1W6DWP7,0
A0A1W6DXT0,0
A0A1W6DXV0,1
A0A1W6DXV4,0
A0A1W6DY66,0
A0A1W6JJ84,1
A0A1W6JJQ3,1
A0A1W6JKB3,1
A0A1W6JKP8,1
A0A1W6JL93,1
A0A1W6JLT2,1
A0A1W6JME4,1
A0A1W6JMV9,1
A0A1W6JNB9,1
A0A1W6JNU8,0
A0A1W6JP31,0
A0A1W6JPL0,1
A0A1W6JPX6,1
A0A1W6JQ07,1
A0A1W6JQA9,1
A0A1W6JRU9,0
A0A1W6JRZ5,0
A0A1W6JSH2,1
A0A1W6JST5,0
A0A1X7QGI3,0
A0A1X8VC88,0
A0A1X9H017,1
A0A1X9H084,1
A0A1X9HVP6,1
A0A1X9I837,0
A0A1X9I8Z0,0
A0A1X9I9J6,1
A0A1X9I9L1,1
A0A1X9I9Q1,1
A0A1X9IA26,1
A0A1X9IA42,1
A0A1X9IAE7,1
A0A1X9IGU9,1
A0A1X9SFE0,0
A0A1X9SFV8,1
A0A1X9SFW1,1
A0A1X9SI30,1
A0A1X9SIG0,1
A0A1X9SIG3,1
A0A1X9SIG4,1
A0A1X9SIZ7,1
A0A1X9SJ26,1
A0A1X9SJ35,1
A0A1X9SJ39,1
A0A1Y0SVL4,0
A0A1Y0SZ10,0
A0A1Y0T042,0
A0A1Y0T0A2,0
A0A1Y0T2N3,0
A0A1Z1LWA5,0
A0A1Z1LWQ8,1
A0A1Z1LX37,0
A0A1Z1LXK8,0
A0A1Z1LYD6,0
A0A1Z1LZ77,0
A0A1Z1X954,0
A0A217EQL1,1
A0A218KDQ9,1
A0A218KDU5,1
A0A218M2Y4,0
A0A218M481,0
A0A218M4G6,0
A0A218M9J9,1
A0A218MAF8,0
A0A219UR75,1
A0A219UR76,1
A0A219VHS2,1
A0A219Y9H1,0
A0A219Y9P0,0
A0A219YAQ4,0
A0A219YAT7,0
A0A219YC27,0
A0A219YDC2,0
A0A219YEK1,0
A0A219YHC1,0
A0A219YHF7,0
A0A220BXB3,1
A0A220BXB4,1
A0A220BXC0,1
A0A220BXZ6,1
A0A220BY14,1
A0A220BYJ8,1
A0A220BYQ2,1
A0A220BYW5,1
A0A220BZ25,1
A0A220GC82,1
A0A220NQH4,0
A0A220NQR0,1
A0A220NR19,1
A0A220NRQ4,0
A0A220NTH3,0
A0A221J7E2,1
A0A221J7S4,1
A0A221SAN6,0
A0A221SAV7,1
A0A222YU16,1
A0A222YWE9,1
A0A222YWL8,0
A0A222YWR8,1
A0A222YXA1,0
A0A222YYN6,1
A0A222YZS8,1
A0A222Z0I7,1
A0A222Z137,1
A0A222Z1A5,1
A0A222Z1C3,1
A0A222Z1U2,1
A0A222Z1V8,1
A0A222Z2K4,1
A0A222Z3C7,1
A0A222Z3U4,1
A0A222Z3V2,1
A0A222Z409,1
A0A222Z4U3,1
A0A222Z4V1,1
A0A222Z506,1
A0A222Z7T6,1
A0A222Z8E8,1
A0A222Z931,1
A0A222Z9B5,1
A0A222ZA23,1
A0A222ZK10,1
A0A222ZKI8,1
A0A222ZKR9,1
A0A222ZNS5,1
A0A222ZQH8,1
A0A222ZQP4,1
A0A222ZSB4,1
A0A222ZTS5,1
A0A223FZV2,1
A0A223G0T4,1
A0A223G0T5,1
A0A223G0T8,1
A0A223LED7,1
A0A223LFR1,1
A0A223LHI0,0
A0A223LI89,0
A0A223VZI6,0
A0A223VZT7,0
A0A223VZZ4,0
A0A223W0P2,0
A0A240EWB5,0
A0A240F2V6,0
A0A240F3A7,0
A0A240F3I2,0
A0A240F455,0
A0A240F4T3,0
A0A248A8D1,0
A0A248H480,0
A0A248H5A9,0
A0A248SKP5,0
A0A248SL14,0
A0A249XL88,0
A0A249XLI1,0
A0A249XNC2,1
A0A249XNT7,1
A0A249XQ43,1
A0A249XSM6,1
A0A249XTG3,1
A0A249XU75,1
A0A249XV18,1
A0A249XV28,1
A0A249XVQ8,0
A0A249XWU2,0
A0A249XXW5,1
A0A249XYC8,0
A0A249XZ54,0
A0A249Y1A9,1
A0A249Y1B3,1
A0A249Y1B5,1
A0A249Y1E0,1
A0A249Y213,1
A0A249Y2X0,0
A0A249Y3C9,0
A0A249Y3Q7,0
A0A250KAA8,0
A0A286MN77,0
A0A286MQC5,1
A0A286N2T7,1
A0A286N352,1
A0A286N3G3,1
A0A286N3S5,1
A0A286N437,1
A0A286QMI9,1
A0A286QMZ1,1
A0A286QN50,1
A0A286QN91,1
A0A286QNK4,1
A0A286QNS8,1
A0A286QP40,1
A0A286QPD3,1
A0A286QPL1,1
A0A286QPN7,1
A0A286QPP2,1
A0A286QPV0,1
A0A286QQ65,1
A0A286QQ86,1
A0A286QQD1,1
A0A286QQE6,1
A0A286QQJ3,1
A0A286QQN3,1
A0A286QQQ7,1
A0A286QQU6,1
A0A286QQY2,1
A0A286QQZ3,1
A0A286QR27,1
A0A286QRF1,1
A0A286QRF3,1
A0A286QRI3,1
A0A286QRX8,1
A0A286QRZ7,1
A0A286QSG7,1
A0A286QTA7,1
A0A286QTC7,1
A0A288TXT7,1
A0A288TYH5,1
A0A289YVF0,0
A0A289YYI5,0
A0A289ZSR3,0
A0A291AWX4,0
A0A291AXZ2,0
A0A291AY93,0
A0A291AZ23,0
A0A291AZA0,0
A0A291I9Q4,1
A0A291LAJ1,0
A0A291LBA4,0
A0A291LBB8,0
A0A291LBI2,0
A0A291LDK1,0
A0A291LF95,0
A0A292GCA1,0
A0A2C9CYE4,0
A0A2C9CZ39,0
A0A2C9D032,0
A0A2C9D0Z9,0
A0A2D0PD10,0
A0A2D0PD51,0
A0A2D0PDF3,0
A0A2D0PDG0,0
A0A2D0PDX3,0
A0A2D0PE23,0
A0A2D0PE82,0
A0A2D0PEB4,0
A0A2D0PEF2,0
A0A2D0PEM6,0
A0A2D0VK11,0
A0A2D0WXW0,1
A0A2D0YEX2,0
A0A2D0YTL9,0
A0A2D0YUK8,0
A0A2D0YVC2,0
A0A2D0YXI3,0
A0A2D0Z1R1,0
A0A2D0Z2J5,0
A0A2D0ZM66,1
A0A2D1G5S0,1
A0A2D1G674,1
A0A2D1G6K3,1
A0A2D1G7D6,1
A0A2D1G7M3,1
A0A2D1G8W0,1
A0A2D1G9F2,1
A0A2D1GCP8,1
A0A2D1GEA4,1
A0A2D1GEP3,1
A0A2D1GEU7,1
A0A2D1GG46,1
A0A2D1GI60,1
A0A2D1GLK8,0
A0A2D1GMC3,0
A0A2D1GNP8,0
A0A2D1GP14,0
A0A2D1GPL9,1
A0A2D1GQ88,0
A0A2D1GQZ5,0
A0A2D2W2T4,0
A0A2D2W3F6,0
A0A2D2W521,0
A0A2D2W5Y0,0
A0A2D2W652,0
A0A2H1UJ51,0
A0A2H1UJC9,0
A0A2H1UJH9,0
A0A2H1X957,0
A0A2H1X9D3,0
A0A2H4N082,0
A0A2H4N7A6,0
A0A2H4P6H8,0
A0A2H4P6U2,0
A0A2H4P6Z6,0
A0A2H4P702,0
A0A2H4P8D5,1
A0A2H4P8I4,1
A0A2H4P971,1
A0A2H4P994,1
A0A2H4PA19,1
A0A2H4PA81,1
A0A2H4PBB0,1
A0A2H4PG66,1
A0A2H4PGP4,0
A0A2H4PHI6,0
A0A2H4PI41,1
A0A2H4PI45,1
A0A2H4PIU8,1
A0A2H4PIX3,1
A0A2H4PP40,0
A0A2H4PQY1,1
A0A2H4PQY6,1
A0A2H4PR48,1
A0A2H4PR53,1
A0A2H4YDI3,1
A0A2H4YDL7,0
A0A2H4YDM4,0
A0A2H4YEC0,0
A0A2H4YEM6,0
A0A2H4YEY5,0
A0A2H4YFS9,0
A0A2H4YGC4,0
A0A2H4YHA1,1
A0A2H5BI13,0
A0A2H5BIW1,0
A0A2H5BJW2,0
A0A2H5BKQ4,0
A0A2H5BLS1,1
A0A2H5BLX9,1
A0A2H5BLY3,1
A0A2H5BM69,1
A0A2H5BM72,1
A0A2H5BMA7,1
A0A2H5BMC1,1
A0A2H5BMH5,1
A0A2H5BMM5,1
A0A2H5BMT3,1
A0A2H5BMT4,1
A0A2H5BND8,0
A0A2H5BPL3,0
A0A2H5BPM7,0
A0A2I2MPD9,1
A0A2I4Q2D1,0
A0A2I5AR86,0
A0A2I6PCX0,1
A0A2I6PD04,0
A0A2I6PDD9,1
A0A2I6PDK2,1
A0A2I6PDS2,1
A0A2I6PE03,1
A0A2I6PE73,1
A0A2I6PEB6,1
A0A2I6PEL0,1
A0A2I6PER7,1
A0A2I6PEY5,1
A0A2I6PF36,1
A0A2I6PFH0,0
A0A2I6PGD2,0
A0A2I6PGV4,0
A0A2I6PHB0,0
A0A2I6PHG7,0
A0A2I6PHT8,0
A0A2I6PI52,0
A0A2I6QQQ0,1
A0A2I6QQX2,1
A0A2I6QR39,1
A0A2I6UFY2,0
A0A2I6UI13,1
A0A2I6UI20,1
A0A2I7QHI6,1
A0A2I7QM84,0
A0A2I7QMK7,0
A0A2I7R0M3,0
A0A2I7RAS2,0
A0A2I7RBA8,0
A0A2I7S0E9,0
A0A2I7S949,0
A0A2I7SAT8,0
A0A2I7SBJ5,0
A0A2I7SBQ6,0
A0A2K8HPM5,0
A0A2K8HRY5,0
A0A2K9V2M7,0
A0A2K9V497,1
A0A2K9V4B8,1
A0A2K9V4D7,1
A0A2K9V4J1,1
A0A2K9V4Z1,0
A0A2K9V595,1
A0A2K9V5R3,0
A0A2K9V6E5,1
A0A2K9V6G0,1
A0A2K9VAB1,0
A0A2K9VAZ1,0
A0A2K9VBC9,0
A0A2K9VBQ5,1
A0A2K9VCB0,1
A0A2K9VDH0,1
A0A2K9VEI1,1
A0A2K9VEW6,1
A0A2K9VFG9,0
A0A2K9VGB6,0
A0A2K9VGW1,0
A0A2K9VH55,1
A0A2K9VHB6,0
A0A2K9VJX3,0
A0A2K9VKG1,0
A0A2K9VL00,0
A0A2K9VLQ3,0
A0A2K9VN69,0
A0A2L0HJK9,1
A0A2L1ISS1,1
A0A2L1IVE5,1
A0A2L1IVP0,1
A0A2L1IWI7,1
A0A2L1IX75,1
A0A2L1IZT2,1
A0A2L1J068,1
A0A2P0P9V0,0
A0A2P0QGU6,0
A0A2P0VH52,1
A0A2P0VH58,1
A0A2P0VH64,1
A0A2P0VHJ5,1
A0A2P0VHL4,1
A0A2P0VHP0,1
A0A2P0VIM1,1
A0A2P0VIN8,1
A0A2P0VIP9,1
A0A2P0VIR6,1
A0A2P0VJ65,1
A0A2P0VJ79,1
A0A2P0VJB7,1
A0A2P0VJI3,1
A0A2P0VJL1,1
A0A2P0VJZ2,1
A0A2P0VK23,1
A0A2P0VK87,1
A0A2P0VPH2,0
A0A2P0W9Z5,0
A0A2P0ZKY9,1
A0A2P0ZLG0,1
A0A2P0ZLK9,0
A0A2P0ZZA9,0
A0A2P1A3U9,1
A0A2P1CB17,1
A0A2P1CCA9,0
A0A2P1CCI6,1
A0A2P1CG73,1
A0A2P1CIC9,1
A0A2P1CL61,0
A0A2P1JQK3,1
A0A2P1JRN0,1
A0A2P1JU72,0
A0A2P1JVV0,1
A0A2P1MX13,0
A0A2P1MXY5,1
A0A2P1MY05,1
A0A2P1N2Q9,1
A0A2P1N598,1
A0A2P1N5D1,1
A0A2R2V0U9,0
A0A2R2ZGA5,0
A0A2R3U9A0,0
A0A2R3UA14,0
A0A2R3ZX48,0
A0A2R3ZXQ4,1
A0A2R3ZXR0,1
A0A2R3ZYA5,0
A0A2R4A0Z4,1
A0A2R4A2Z6,1
A0A2R4ARG5,1
A0A2R4AS38,1
A0A2R4P8T4,1
A0A2R4P8T9,1
A0A2R4P8U3,1
A0A2R4P9A7,0
A0A2R4SB09,1
A0A2R4SB16,1
A0A2R4SBF8,1
A0A2S1GLC2,0
A0A2S1GLF3,0
A0A2S1GLP3,0
A0A2S1GN37,0
A0A2S1GNH7,0
A0A2S1GNM2,0
A0A2S1GP43,0
A0A2S1GPK3,0
A0A2S1GQ64,0
A0A2S1GR07,0
A0A2S1GRN8,0
A0A2S1GS68,0
A0A2S1GSH0,1
A0A2S1GSM5,0
A0A2S1GSP5,0
A0A2S1GT04,0
A0A2S1GTG7,0
A0A2S1PDE2,0
A0A2S1PDT2,0
A0A2S1PEJ3,0
A0A2S1PF47,1
A0A2S1PFF7,1
A0A2S1PFR2,0
A0A2S1PG60,0
A0A2S1PGV2,0
A0A2U7N8B3,0
A0A2U7NEW8,0
A0A2U7NM05,0
A0A2U7P3E9,0
A0A2U7VJR7,1
A0A2U7VJT6,1
A0A2U7VJU8,1
A0A2U7VJY9,1
A0A2U8QP48,0
A0A2U8QPP3,0
A0A2U8UHH7,1
A0A2U8UN03,1
A0A2U8UN56,1
A0A2U8UND0,1
A0A2U8UP99,1
A0A2U8USH0,0
A0A2U8USK7,0
A0A2U8USQ7,0
A0A2U8USV6,0
A0A2U8UVD2,1
A0A2U8UWK5,0
A0A2U8UY37,0
A0A2U9DT70,0
A0A2U9PDZ9,1
A0A2U9PFK9,1
A0A2Z2E9W3,1
A0A2Z2EK93,0
A0A2Z2FAX9,0
A0A2Z2GN79,0
A0A2Z2U7P5,0
A0A2Z2U7R2,0
A0A2Z2U806,1
A0A2Z3DKX2,0
A0A2Z3DNK4,0
A0A2Z3E946,1
A0A2Z4Q059,0
A0A2Z4Q0Q2,1
A0A2Z4Q0W1,1
A0A2Z4Q2F4,0
A0A2Z4Q2L1,0
A0A2Z4Q409,1
A0A2Z4Q9B7,1
A0A2Z4QAJ1,0
A0A2Z4QB97,1
A0A2Z4QBH6,1
A0A2Z4QC02,1
A0A2Z4QC25,1
A0A2Z4QD39,0
A0A2Z4QEP5,0
A0A2Z4QFS1,0
A0A2Z4QFZ1,0
A0A2Z4QG61,0
A0A2Z4QH75,0
A0A2Z4QIG4,1
A0A2Z4QIP6,1
A0A2Z4QJF6,0
A0A2Z5H0A9,0
A0A2Z5H363,1
A0A2Z5H3C1,0
A0A2Z5H3E0,0
A0A2Z5H5B3,1
A0A2Z5HAR7,0
A0A2Z5HAS4,0
A0A2Z5HB46,0
A0A2Z5HBM1,0
A0A2Z5HFZ3,1
A0A2Z5HIT2,0
A0A2Z5HIX0,0
A0A2Z5HJI1,0
A0A2Z5HLC9,0
A0A2Z5HMS1,0
A0A2Z5HR12,0
A0A2Z5HS34,1
A0A2Z5HS91,0
A0A2Z5HSF7,0
A0A2Z5WK06,0
A0A2Z5YQH8,1
A0A2Z5YQN8,1
A0A2Z5YQQ0,1
A0A2Z5YQS5,1
A0A2Z5ZC53,0
A0A2Z6BEK3,1
A0A2Z6C8A6,0
A0A2Z6FZC0,1
A0A2Z6FZD8,1
A0A2Z6FZV5,1
A0A2Z6FZW0,1
A0A343S156,0
A0A343X839,1
A0A344UC13,0
A0A345AP46,1
A0A345APQ2,1
A0A345AQ56,1
A0A345AQB9,1
A0A345AQQ0,1
A0A345AQW7,1
A0A345AR21,1
A0A345ARD2,0
A0A345AW73,0
A0A345AX76,0
A0A345AX77,0
A0A345AXD2,0
A0A345AXM7,1
A0A345AXN1,1
A0A345AYB7,0
A0A345AYM7,1
A0A345AYN0,1
A0A345AZC9,0
A0A345BLS0,0
A0A345BLY4,0
A0A345BRV0,0
A0A345GT85,1
A0A345GTZ9,0
A0A345KN54,1
A0A345KPE4,1
A0A345KTX4,1
A0A345KUA8,1
A0A345L125,1
A0A345L1N0,1
A0A345L2B1,1
A0A345L307,1
A0A345L4W7,1
A0A345L5C8,1
A0A345L6R1,0
A0A345M7U7,1
A0A345M8I8,1
A0A345M9T4,1
A0A345MBF2,1
A0A345MCF9,1
A0A345MDX3,1
A0A345MGA5,1
A0A345MH93,1
A0A345MIN4,1
A0A346FC73,1
A0A346FCK5,1
A0A346FD02,1
A0A346FDC2,0
A0A346FDR7,1
A0A346FEA3,0
A0A346FJ37,0
A0A346N8V2,1
A0A346TP23,1
A0A346TP25,1
A0A384SIY5,0
A0A384SJ27,0
A0A384SJA9,0
A0A384SJG6,0
A0A384SLF0,0
A0A384SM14,0
A0A384SMG0,0
A0A384TC32,0
A0A384TD66,0
A0A384UGS2,0
A0A384WIZ2,0
A0A384X9N9,1
A0A384ZRT2,0
A0A384ZVX9,0
A0A385A0T5,0
A0A385D0D3,1
A0A385DPJ9,1
A0A385DQR2,1
A0A385DRU1,1
A0A385DTY0,1
A0A385DW79,1
A0A385DXF2,1
A0A385E661,1
A0A385E6T5,1
A0A385E7Z7,1
A0A385E810,1
A0A385E8P3,0
A0A385E8P4,0
A0A385E8Q7,0
A0A385E909,0
A0A385E944,1
A0A385E987,0
A0A385E9L4,1
A0A385E9Y2,0
A0A385EAE8,1
A0A385EAJ7,1
A0A385EAQ9,0
A0A385EC06,0
A0A385ECX0,0
A0A385ED91,0
A0A385EFA9,0
A0A385EFL0,0
A0A385EGU1,0
A0A385EIE7,0
A0A385IFH5,0
A0A385IFT3,0
A0A385IG98,0
A0A385IGX4,0
A0A385IH79,0
A0A385II87,0
A0A385IIM3,0
A0A385IJK0,1
A0A385IJW4,1
A0A385IJY1,1
A0A385IKR1,1
A0A385IPC9,0
A0A385IPD9,0
A0A385IPS3,0
A0A385IQ03,0
A0A385IQG5,1
A0A385IR23,1
A0A385IRA9,1
A0A385IRZ5,0
A0A385IS43,1
A0A385ISS6,0
A0A385IT74,0
A0A385ITH6,0
A0A385UCA8,1
A0A385UEI0,1
A0A385UEL0,1
A0A385UF44,1
A0A385UH89,1
A0A385UIK3,1
A0A385UIQ0,1
A0A385UK38,1
A0A386K3Y7,0
A0A386K578,0
A0A386K688,0
A0A386K6C0,0
A0A386K852,1
A0A386K8V9,0
A0A386K9V7,1
A0A386KA14,1
A0A386KBK9,0
A0A386KD00,1
A0A386KD49,1
A0A386KDV5,1
A0A386KFG0,1
A0A386KGH9,1
A0A386KIA4,1
A0A386KIK8,1
A0A386KIZ8,1
A0A386KJE0,0
A0A386KKZ5,1
A0A386KM75,1
A0A386KMP0,0
A0A386KQX1,1
A0A386KT03,1
A0A3B1EES3,1
A0A3B8DJ97,0
A0A3B8DJT2,1
A0A3B8DK19,0
A0A3B8DLK9,1
A0A3B8DLQ5,0
A0A3B8DLT7,1
A0A3B8DM91,1
A0A3B8DWW4,0
A0A3B8DXN4,1
A0A3B8DY94,0
A0A3B8DYD5,0
A0A3G1GLH3,0
A0A3G1IXC0,1
A0A3G1IXC9,1
A0A3G1IXD6,1
A0A3G1L2J0,0
A0A3G1L343,0
A0A3G1LDK5,1
A0A3G1LDN2,1
A0A3G1LDN9,1
A0A3G1LE31,1
A0A3G1LVP6,1
A0A3G1LVQ0,1
A0A3G1LVQ1,1
A0A3G1RPN6,0
A0A3G1SV28,1
A0A3G1SV40,1
A0A3G1SV59,1
A0A3G1SV68,1
A0A3G2K900,0
A0A3G2K9H6,0
A0A3G2KBE6,0
A0A3G2KBT6,0
A0A3G2KCL3,1
A0A3G2KCL9,1
A0A3G2KCN7,1
A0A3G2KCX3,1
A0A3G2KDK6,1
A0A3G2KG98,1
A0A3G2KGQ8,1
A0A3G2KI51,1
A0A3G2KJ53,1
A0A3G2YS97,0
A0A3G2YSI0,1
A0A3G3BW35,1
A0A3G3BX75,1
A0A3G3BXG3,0
A0A3G3BXK1,0
A0A3G3BXY5,0
A0A3G3BY13,0
A0A3G3BYK0,0
A0A3G3BZ42,1
A0A3G3BZN3,0
A0A3G3LVZ6,1
A0A3G3LWE3,1
A0A3G3LWV9,1
A0A3G3LYG7,1
A0A3G3LYM8,1
A0A3G3M0C2,1
A0A3G3M3A5,0
A0A3G3M630,0
A0A3G3M6S6,0
A0A3G3M7T7,1
A0A3G3M824,1
A0A3G3M8A6,1
A0A3G3M8B1,1
A0A3G3M8J9,1
A0A3G3M8N6,1
A0A3G3M924,1
A0A3G3M9H1,1
A0A3G3M9V6,1
A0A3G3MAB9,1
A0A3G3MAI0,1
A0A3G3MAV5,1
A0A3G3MB20,1
A0A3G3MCC9,0
A0A3G3MCW3,0
A0A3G6JGR4,1
A0A3G6JN49,1
A0A3G6V880,1
A0A3G8F0W2,0
A0A3G8F2N9,0
A0A3G8F2U7,0
A0A3G8F338,0
A0A3G8F3A1,0
A0A3G8F441,1
A0A3G8F448,1
A0A3G8F4S9,0
A0A3G8F5Q1,0
A0A3G8F6C2,1
A0A3G8F6K1,1
A0A3G8F6M9,1
A0A3G8F733,1
A0A3G8F7H7,1
A0A3G8F7J6,1
A0A3G8F7Q1,1
A0A3G8F7S6,1
A0A3G8F7U3,1
A0A3G8F828,1
A0A3G8F848,1
A0A3G8F8E3,1
A0A3G8F8T0,1
A0A3G8F8T3,1
A0A3G8F967,1
A0A3G8F980,1
A0A3G8F986,1
A0A3G8F9I0,1
A0A3G8F9J0,1
A0A3G8F9V5,1
A0A3G8F9Y4,1
A0A3G8FAE8,1
A0A3G8FAS0,1
A0A3G8FB07,1
A0A3G8FB10,1
A0A3G8FBM6,1
A0A3G8FC24,1
A0A3G8FC76,1
A0A3G8FCA6,1
A0A3G8FCB2,1
A0A3G8FCH2,1
A0A3G8FCV5,1
A0A3G8FCW3,1
A0A3G8FCZ4,1
A0A3G8FD82,1
A0A3G8FDC1,1
A0A3G8FDE5,1
A0A3G8FDQ9,1
A0A3G8FDV6,1
A0A3G8FEM8,1
A0A3G8FEY5,1
A0A3G8FFC3,1
A0A3G8FKR6,1
A0A3G8FM60,1
A0A3G8FMM2,1
A0A3G8FNG8,1
A0A3G8FP92,1
A0A3G8FP95,1
A0A3G8FQU0,1
A0A3G8FTI1,1
A0A3G8FV20,1
A0A3G8FVK3,1
A0A3G9GNP7,0
A0A3Q8BR77,0
A0A3Q8D190,1
A0A3Q8HXL2,1
A0A3Q8HZI8,0
A0A3Q9R4R1,1
A0A3Q9R566,1
A0A3Q9R582,1
A0A3Q9R5A8,1
A0A3Q9R6F3,0
A0A3Q9R7E8,0
A0A3Q9R7R1,1
A0A3Q9RA86,0
A0A3Q9RAB1,0
A0A3Q9RAQ9,0
A0A3Q9WSR9,0
A0A3Q9WWZ6,0
A0A3S5H0E3,1
A0A3S5H0I9,1
A0A3S5H0L0,1
A0A3S5H0N0,1
A0A3S5H0Q2,1
A0A3S5H151,1
A0A3S5H178,1
A0A3S5H1A9,1
A0A3S5H1N5,1
A0A3S5H1R1,1
A0A3S5H1T6,1
A0A3S5H213,1
A0A3S5H238,1
A0A3S5H2C0,1
A0A3S5X4I3,1
A0A3S5X5H2,1
A0A3S5X5Z8,1
A0A3S6PUU8,0
A0A3S6QAA1,1
A0A3S6QAA7,1
A0A3S7GW95,0
A0A3S7HDZ0,0
A0A3S7HEK4,0
A0A3S7HEX2,0
A0A3S7HFE0,0
A0A3S7HG07,0
A0A3S7HHW5,0
A0A3S7HIU2,0
A0A3S7I6B4,0
A0A3S7I6J4,0
A0A3S7I6P9,0
A0A3S7L8G6,0
A0A3S7R1X5,0
A0A3S7SGJ9,1
A0A3S7SGL7,1
A0A3S7UP23,1
A0A3S7W7H4,0
A0A3S7W7X2,1
A0A3S7W8X7,1
A0A3S7W908,1
A0A3S7W953,1
A0A3S7W9A1,1
A0A3S7WAN7,1
A0A3S7WBR2,1
A0A3S9QHW9,0
A0A3S9U7Q1,0
A0A3S9U7R5,0
A0A3S9U816,0
A0A3S9U836,1
A0A3S9U911,1
A0A3S9UAF9,1
A0A3S9UCC2,1
A0A3S9UN01,1
A0A3S9UQK4,1
A0A3S9UR45,1
A0A3S9URC0,1
A0A3S9W0Z1,0
A0A3T0IDB9,1
A0A3T0IDK1,1
A0A3T0IFJ1,0
A0A3T0IGJ8,0
A0A3T0IIC8,1
A0A3T0ZC06,0
A0A410T3X5,1
A0A410T494,1
A0A410T4Q9,0
A0A410T5V1,0
A0A410T5W5,0
A0A410T6F8,0
A0A410T6Q3,0
A0A410T7P4,0
A0A410T8M4,0
A0A410T9E4,1
A0A410T9E5,1
A0A410T9F1,1
A0A410TA15,1
A0A410TA39,1
A0A410TA78,1
A0A410TAQ0,1
A0A410TAQ5,1
A0A410TAS8,1
A0A410TBM3,1
A0A410TBY1,1
A0A410TD13,1
A0A410TDK3,1
A0A410TE28,1
A0A411AVE1,0
A0A411AWY6,1
A0A411AYB3,1
A0A411AZ85,1
A0A411AZX6,1
A0A411B0L0,1
A0A411B1H2,1
A0A411B1T1,1
A0A411B2D6,1
A0A411B2T7,1
A0A411B3G9,1
A0A411B4A7,1
A0A411B4M8,1
A0A411B4X1,1
A0A411B617,1
A0A411B6K2,0
A0A411B6M4,1
A0A411B7J8,1
A0A411B7M2,1
A0A411B8D5,0
A0A411B9G4,0
A0A411B9Y6,0
A0A411BAN8,0
A0A411BBY6,0
A0A411BCL6,0
A0A411BD27,0
A0A411BF81,0
A0A411BFN1,0
A0A411BFN9,0
A0A411BGF5,0
A0A411BHF4,0
A0A411BHY3,0
A0A411BKU4,1
A0A411BKX9,1
A0A411BL17,1
A0A411BLR1,1
A0A411BLR3,1
A0A411BLY5,1
A0A411BM43,1
A0A411BNW3,1
A0A411BQT3,1
A0A411BRF6,1
A0A411BSN1,1
A0A411BT12,1
A0A411BU40,1
A0A411BVB1,1
A0A411BVW3,1
A0A411BWH5,1
A0A411BXM2,1
A0A411BYY2,1
A0A411C037,1
A0A411C171,1
A0A411C1M8,1
A0A411C2K0,1
A0A411C382,1
A0A411C3U5,1
A0A411C4F3,1
A0A411C587,1
A0A411C627,1
A0A411C6R5,1
A0A411C798,1
A0A411C7Y6,1
A0A411C8N7,1
A0A411C9I3,1
A0A411CAA3,1
A0A411CBG9,1
A0A411CC93,1
A0A411CCE5,1
A0A411CDA0,1
A0A411CE07,1
A0A411CEM2,1
A0A411CF28,1
A0A411CFR0,1
A0A411CHD1,1
A0A411CHN6,1
A0A411CJ81,1
A0A411CJL5,1
A0A411CKY1,1
A0A411CLL8,1
A0A411CM08,1
A0A411CMX1,1
A0A411CNJ3,1
A0A411CNN3,1
A0A411CQ74,1
A0A411CRD1,1
A0A411CS24,1
A0A411CSF1,1
A0A411CSL6,1
A0A411CSW8,1
A0A411CU68,1
A0A411CVU4,0
A0A411CWB5,0
A0A411CXN0,1
A0A411CY29,1
A0A449C1K3,1
A0A449C1K6,1
A0A449C1L9,1
A0A449C2E3,1
A0A449C2G6,1
A0A449C2H2,1
A0A449C2R9,1
A0A449C2S0,1
A0A449C308,1
A0A449C414,0
A0A449C4N6,1
A0A449C4Y8,1
A0A449C511,1
A0A449C5B5,0
A0A449C682,0
A0A451EDA5,0
A0A451EGB4,1
A0A451EGG3,1
A0A451EGI8,1
A0A451EGT8,1
A0A451EHH1,1
A0A451EHL2,1
A0A451EHQ3,1
A0A455LM02,1
A0A455LN15,0
A0A455NV23,0
A0A455U255,0
A0A455VCG6,1
A0A455VIY8,1
A0A455VJF9,1
A0A455VL91,1
A0A455W6M6,0
A0A455XAK9,0
A0A455XAQ4,0
A0A455XAZ3,0
A0A455XBJ0,0
A0A455XGD1,0
A0A481S2Z0,0
A0A481UNK4,0
A0A481UNQ9,0
A0A481UPJ8,0
A0A481UQJ8,0
A0A481URK0,0
A0A481URU8,0
A0A481US00,0
A0A481US50,0
A0A481USB0,0
A0A481USK9,0
A0A481UT31,0
A0A481VT74,1
A0A481VVG0,1
A0A481VW78,1
A0A481W2K5,0
A0A481W338,0
A0A481W507,0
A0A481W5S3,0
A0A481W6P3,0
A0A481W7L7,1
A0A482G654,0
A0A482G752,0
A0A482G9W7,0
A0A482GA95,0
A0A482GBA5,0
A0A482GCP3,0
A0A482GDE3,0
A0A482GEW2,0
A0A482GF43,0
A0A482GFF2,0
A0A482GFR9,0
A0A482GG25,0
A0A482GGJ2,0
A0A482GGZ3,0
A0A482GHA5,0
A0A482GHV8,0
A0A482GIL2,0
A0A482GK21,0
A0A482GM56,0
A0A482GPG5,0
A0A482GQP9,0
A0A482GS47,0
A0A482ID38,0
A0A482IDC1,0
A0A482IEG0,0
A0A482IFE9,0
A0A482IFZ9,0
A0A482IGZ8,0
A0A482ILN5,0
A0A482IM20,0
A0A482IM91,0
A0A482J272,0
A0A482J3F9,0
A0A482J675,0
A0A482J6Z5,0
A0A482J833,0
A0A482J9Q5,1
A0A482JA23,1
A0A482JA80,0
A0A482JB65,1
A0A482JBJ4,1
A0A482JBT7,1
A0A482JCY0,1
A0A482JCY6,1
A0A482JD27,1
A0A482JDH0,1
A0A482JFN1,1
A0A482JH07,1
A0A482JHH4,0
A0A482JHK3,1
A0A482JK66,0
A0A482JKQ7,0
A0A482JP47,0
A0A482MDJ2,1
A0A482MDV3,0
A0A482MDW5,1
A0A482MG06,0
A0A482MG20,0
A0A482MGF6,0
A0A482MH12,0
A0A482MLJ3,0
A0A482MLU8,0
A0A482MM65,0
A0A482MQD8,0
A0A482MR19,0
A0A482MS83,0
A0A482MSB7,0
A0A482MSQ2,0
A0A482MSV4,0
A0A482MTD9,0
A0A482MV07,0
A0A482MV24,0
A0A482MVE0,0
A0A482MVV8,0
A0A482MWH4,0
A0A482MX64,0
A0A482MYK2,0
A0A482MZQ9,0
A0A482N043,0
A0A482N2J4,0
A0A482N2L5,0
A0A482N2X4,0
A0A482N3U4,0
A0A482N4B2,0
A0A482N4U1,0
A0A482N5X7,0
A0A482N6F2,0
A0A494RFD5,0
A0A494RI40,0
A0A494WI86,0
A0A499Q8K5,0
A0A499QMQ9,0
A0A499SHQ5,1
A0A499SIL1,1
A0A499SIR9,1
A0A499SN95,1
A0A4D5ZAL0,1
A0A4D5ZB64,1
A0A4D5ZD89,0
A0A4D5ZEK3,1
A0A4D5ZZ46,1
A0A4D5ZZM7,1
A0A4D5ZZX3,1
A0A4D6A489,1
A0A4D6A5D9,1
A0A4D6A5S9,1
A0A4D6A5W9,1
A0A4D6A6X4,1
A0A4D6A8M6,1
A0A4D6A8Z5,1
A0A4D6A937,1
A0A4D6A9F5,1
A0A4D6A9F7,1
A0A4D6AAH3,1
A0A4D6AAJ4,1
A0A4D6AAL4,1
A0A4D6AAW9,1
A0A4D6AB97,1
A0A4D6ACG3,1
A0A4D6ACL0,1
A0A4D6ACM0,1
A0A4D6AFX5,1
A0A4D6AG33,1
A0A4D6AG74,1
A0A4D6AHG3,1
A0A4D6AIG5,1
A0A4D6AJN7,1
A0A4D6AKQ6,1
A0A4D6AKS7,1
A0A4D6ALK2,1
A0A4D6AMV1,1
A0A4D6AMW2,1
A0A4D6APT1,1
A0A4D6AR47,1
A0A4D6ARS3,1
A0A4D6AS49,1
A0A4D6ASD0,1
A0A4D6ATM8,1
A0A4D6AVC9,1
A0A4D6AVY7,1
A0A4D6AX83,1
A0A4D6AZV8,1
A0A4D6B0L5,1
A0A4D6B169,1
A0A4D6B1D9,1
A0A4D6B1Z4,1
A0A4D6B228,1
A0A4D6B310,1
A0A4D6B7F9,1
A0A4D6B828,1
A0A4D6B8Z4,1
A0A4D6BAQ1,1
A0A4D6BEZ5,1
A0A4D6BFG5,1
A0A4D6BG11,0
A0A4D6BGC4,0
A0A4D6BH08,1
A0A4D6BH93,1
A0A4D6BI14,1
A0A4D6DRI5,0
A0A4D6DS01,0
A0A4D6DSG9,1
A0A4D6DTM4,1
A0A4D6DTY4,1
A0A4D6DU26,1
A0A4D6DUM5,1
A0A4D6DUN9,1
A0A4D6DVH5,1
A0A4D6DVM2,1
A0A4D6DVN9,1
A0A4D6DVU2,1
A0A4D6DVY5,1
A0A4D6DWP7,1
A0A4D6DX39,0
A0A4D6DX73,0
A0A4D6DY08,0
A0A4D6DY12,0
A0A4D6DYD3,0
A0A4D6DYS7,0
A0A4D6E0R2,0
A0A4D6E115,1
A0A4D6E265,1
A0A4D6T3P5,0
A0A4D6T4X7,1
A0A4D6T614,1
A0A4D6T6L1,1
A0A4D6T7X7,0
A0A4D6T9K8,1
A0A4D6TBG7,1
A0A4D6TBZ4,0
A0A4E0W6N0,0
A0A4E0W8C1,0
A0A4E0W8N8,0
A0A4E0WD35,0
A0A4E0WE82,0
A0A4E0WG03,0
A0A4E0WGF4,0
A0A4E0WGQ3,0
A0A4E0WKA9,0
A0A4E0WKM4,0
A0A4E0WPL5,0
A0A4P2TEB5,0
A0A4P6DBL4,0
A0A4P6DIY4,0
A0A4P6R4F6,1
A0A4P8MTP2,0
A0A4P8MVY2,0
A0A4V0ZHN4,0
A0A4V1E2M6,0
A0A4Y1NKK9,0
A0A4Y1NSY6,0
A0A4Y5FE72,1
A0A4Y5FFS2,1
A0A4Y5FFW6,1
A0A4Y5FG95,1
A0A4Y5FGJ4,1
A0A4Y5FGK4,1
A0A4Y5NVS2,0
A0A4Y5NWH1,0
A0A4Y5NWJ6,0
A0A4Y5NXC5,0
A0A4Y5NXN9,0
A0A4Y5NY56,0
A0A4Y5NYU5,1
A0A4Y5NZC6,1
A0A4Y5NZR8,1
A0A4Y5P136,0
A0A4Y5TN79,0
A0A4Y5TNT7,0
A0A4Y5TP91,0
A0A4Y5TPC7,0
A0A4Y5TPS1,0
A0A4Y5TQ83,1
A0A4Y5TQA9,1
A0A4Y5TT16,0
A0A4Y5TVL0,0
A0A4Y5TW66,0
A0A4Y5TY50,1
A0A4Y5TZI0,1
A0A4Y6E6W7,0
A0A4Y6E8W9,1
A0A4Y6E9W8,0
A0A4Y6EB69,1
A0A4Y6EB92,0
A0A4Y6EBP0,1
A0A4Y6ECF4,1
A0A4Y6ECT2,1
A0A4Y6EDU2,1
A0A4Y6EFQ2,1
A0A4Y6EFW9,0
A0A4Y6EGC4,1
A0A4Y6EHD7,1
A0A4Y6EIU2,1
A0A4Y6EKH7,1
A0A4Y6ELI4,1
A0A4Y6ELM0,1
A0A4Y6EN47,1
A0A4Y6EN53,1
A0A4Y6END3,1
A0A4Y6END6,1
A0A4Y6EPL7,1
A0A4Y6EQB3,1
A0A4Y6ES76,1
A0A509EM39,0
A0A510LH58,0
A0A513PWB7,0
A0A513QBV1,0
A0A513SN40,0
A0A513SNC4,0
A0A513SNL1,0
A0A513SP26,0
A0A513SPI2,0
A0A513SPP1,0
A0A513ZXB5,1
A0A513ZXG7,1
A0A513ZXY9,1
A0A513ZY40,0
A0A513ZYZ0,0
A0A513ZZ45,0
A0A513ZZ80,0
A0A513ZZD0,0
A0A513ZZL0,0
A0A514A154,0
A0A514A2S1,0
A0A514A2X3,1
A0A514A4U6,1
A0A514A568,1
A0A514A5H7,1
A0A514A5P2,1
A0A514A5X5,1
A0A514A670,1
A0A514A6H4,1
A0A514A6S6,0
A0A514A724,0
A0A514A7X3,1
A0A514A7X8,1
A0A514A8K9,0
A0A514A941,1
A0A514A971,1
A0A514AA15,1
A0A514AA48,1
A0A514AB17,0
A0A514CT26,0
A0A514CTR3,0
A0A514CVN2,0
A0A514CW25,0
A0A514CWT1,1
A0A514DDT6,1
A0A514DEL8,1
A0A514DG00,1
A0A514DGD7,1
A0A514DH08,1
A0A514DIB6,1
A0A514DIK8,1
A0A514DJZ4,1
A0A514DKQ1,0
A0A514TUN3,0
A0A514TWY2,1
A0A514TYX8,1
A0A514TZ56,1
A0A514TZV4,1
A0A514U113,1
A0A514U222,1
A0A514U3M0,1
A0A514U4D3,1
A0A514U5Q0,0
A0A514U6D0,0
A0A514U6D1,1
A0A514U7K2,1
A0A514U7L6,1
A0A515MIE1,1
A0A515MJJ5,1
A0A515MKC0,1
A0A515MKY7,1
A0A516KMP2,1
A0A516KMP4,1
A0A516KND4,1
A0A516KND5,1
A0A516KNX9,1
A0A516KP63,1
A0A516KPV3,1
A0A516KS20,1
A0A5A4U3J4,0
A0A5A4U5M6,0
A0A5A4U6Z0,0
A0A5B7LFH9,0
A0A5B8R3A4,1
A0A5B8R3K9,1
A0A5B8R3T3,1
A0A5B8R4Y7,1
A0A5B8RMC7,0
A0A5B8RN35,0
A0A5B8RP29,1
A0A5B8RR41,1
A0A5B8RRR2,0
A0A5B8RSF6,1
A0A5B8WFD4,1
A0A5B8WFV3,1
A0A5B8WHW0,1
A0A5B8WI58,1
A0A5B9MS53,1
A0A5B9MS56,1
A0A5B9MTS8,0
A0A5B9MUI6,0
A0A5B9MWH8,0
A0A5B9MWK2,0
A0A5B9MWX9,0
A0A5B9MZ19,0
A0A5B9MZ25,0
A0A5B9MZW2,0
A0A5B9N1M9,0
A0A5B9N1N1,0
A0A5B9N3W2,0
A0A5B9N4E3,0
A0A5B9N4T7,0
A0A5B9N691,0
A0A5B9N745,0
A0A5B9N790,0
A0A5B9N7F4,0
A0A5B9N7K5,0
A0A5B9N8E1,0
A0A5B9N965,0
A0A5B9NBX9,0
A0A5B9NCA6,0
A0A5B9NCL5,0
A0A5B9NCV6,0
A0A5B9NCX0,0
A0A5B9ND99,0
A0A5B9NDW7,0
A0A5B9NFG3,0
A0A5B9NFK1,0
A0A5B9NGP6,0
A0A5B9NGR4,0
A0A5B9NHB2,0
A0A5B9NIP3,0
A0A5B9NJ36,0
A0A5B9NJ46,0
A0A5B9NK70,0
A0A5B9NLR5,0
A0A5B9NP05,0
A0A5B9NPC3,0
A0A5B9NPC4,0
A0A5B9NPK1,0
A0A5B9NQB8,1
A0A5B9NS20,1
A0A5B9NS81,0
A0A5C0CB31,0
A0A5C0CCM9,0
A0A5C0CDX9,0
A0A5C1DA64,1
A0A5C1K5L7,0
A0A5C1K5Y6,1
A0A5C1K6B9,1
A0A5C1K7B4,1
A0A5C1K8T7,0
A0A5C1K9C9,0
A0A5C1K9K5,0
A0A5C1KA80,0
A0A5C1KAR0,1
A0A5C1KB65,0
A0A5C1KBI6,1
A0A5C2H123,1
A0A5C2H643,1
A0A5C2IBT4,1
A0A5C2IE07,0
A0A5C2IHG1,1
A0A5H2Q7N7,0
A0A5H2QUB9,1
A0A5H2TMC0,1
A0A5J6CUF4,0
A0A5J6D5R3,1
A0A5J6D624,1
A0A5J6D6E2,1
A0A5J6D6N0,1
A0A5J6D8D8,1
A0A5J6DA22,0
A0A5J6DAN6,1
A0A5J6T7M9,0
A0A5J6T7P9,0
A0A5J6TAB6,0
A0A5J6TB94,1
A0A5J6TC57,1
A0A5J6TDR9,1
A0A5J6TDY2,1
A0A5J6TEL6,1
A0A5J6TJC2,1
A0A5J6TKG2,1
A0A5J6TL81,1
A0A5J6TPQ4,1
A0A5J6TRL1,1
A0A5J6TTU3,1
A0A5J6TTW5,1
A0A5J6TUD0,1
A0A5J6TVB1,1
A0A5J6TVI1,1
A0A5J6TWK2,1
A0A5J6TWZ9,0
A0A5J6TXT3,1
A0A5K7NM17,0
A0A5K7QTN2,1
A0A5K7QTW5,1
A0A5P1KKR6,0
A0A5P1KVB9,0
A0A5P1KVJ2,0
A0A5P1KVU7,0
A0A5P1LT29,0
A0A5P1LWG2,0
A0A5P1M041,0
A0A5P1M0V1,0
A0A5P1M1P5,0
A0A5P1M245,0
A0A5P1M297,0
A0A5P1M2D8,0
A0A5P1M2K0,0
A0A5P1M307,0
A0A5P1M3H9,0
A0A5P1M3I9,0
A0A5P1M3X9,0
A0A5P1M4B1,0
A0A5P1M4F3,0
A0A5P1M4G7,0
A0A5P1M4M2,0
A0A5P1M4M6,0
A0A5P1M4P1,0
A0A5P1M4R7,0
A0A5P1M4W8,0
A0A5P1M510,0
A0A5P1M532,0
A0A5P1M564,0
A0A5P1M5L8,0
A0A5P1M5N5,0
A0A5P1M675,0
A0A5P1M6L2,0
A0A5P1M8T8,0
A0A5P1M9G5,0
A0A5P1M9L0,0
A0A5P1M9Z4,0
A0A5P1MA07,0
A0A5P1MA45,0
A0A5P8D3V4,0
A0A5P8D420,0
A0A5P8D4R8,1
A0A5P8D520,1
A0A5P8D5E0,0
A0A5P8D5N3,0
A0A5P8D5T0,1
A0A5P8D5Y2,1
A0A5P8D6I4,1
A0A5P8D752,1
A0A5P8D7S3,1
A0A5P8D9G2,1
A0A5P8DAM0,1
A0A5P8DAV7,1
A0A5P8DCT5,1
A0A5P8DCU3,1
A0A5P8DD11,1
A0A5P8DDT3,1
A0A5P8DEF3,1
A0A5P8DF38,1
A0A5P8DFG5,1
A0A5P8DG38,1
A0A5P8DGM6,1
A0A5P8DI63,1
A0A5P8FT00,0
A0A5P8NKE7,0
A0A5P8PGJ6,0
A0A5P8PHD4,0
A0A5P8PIY6,0
A0A5P8PKC6,0
A0A5P8PKP2,0
A0A5P8PM99,0
A0A5P8PPT5,0
A0A5P8PQ17,0
A0A5P8PQK3,0
A0A5P8PRX6,0
A0A5Q2EZT0,0
A0A5Q2F053,0
A0A5Q2F0W1,0
A0A5Q2F109,0
A0A5Q2F1M3,0
A0A5Q2F253,0
A0A5Q2F297,0
A0A5Q2F2R2,0
A0A5Q2F364,0
A0A5Q2F4T5,0
A0A5Q2F6Y8,0
A0A5Q2F819,1
A0A5Q2F975,0
A0A5Q2F9Y4,0
A0A5Q2UAX9,0
A0A5Q2W534,0
A0A5Q2W6C0,0
A0A5Q2W8Z4,0
A0A5Q2W9U2,1
A0A5Q2WCI2,0
A0A5Q2WD19,1
A0A5Q2WDB1,0
A0A5Q2WG41,1
A0A5Q2WGW3,1
A0A5Q2WHK4,1
A0A5Q2WJF7,1
A0A5Q2WL06,1
A0A5Q2WLE1,1
A0A5Q2WP66,1
A0A5Q2WQA8,1
A0A5Q2WS78,1
A0A5Q5ANW9,0
A0A5Q5APS3,0
A0A5S8Y0I9,0
A0A5S9MM99,1
A0A649V0K5,0
A0A649V163,1
A0A649V1E7,1
A0A649V1I7,1
A0A649V1N1,1
A0A649V1Y0,1
A0A649V2G2,1
A0A649V2R6,1
A0A649V378,0
A0A649V3B6,0
A0A649V3P9,0
A0A649V4I1,0
A0A649V4K6,1
A0A649V4P5,0
A0A649V578,0
A0A649V5C2,0
A0A649V615,1
A0A649VC61,1
A0A649VFA2,1
A0A649VHA3,1
A0A649VHN4,1
A0A649VJW9,1
A0A649VML8,1
A0A649VN64,1
A0A649VQX3,1
A0A649VV00,1
A0A649VXI9,1
A0A649VYS0,1
A0A649WKI5,0
A0A650DG43,0
A0A650ESE5,1
A0A650EV97,0
A0A650EVM8,0
A0A650EVQ5,1
A0A650EVX5,0
A0A650EWX4,0
A0A650EXC8,0
A0A650EYE2,0
A0A650EYJ6,0
A0A653FQM0,0
A0A653FQU5,0
A0A653FQW0,0
A0A653FR71,0
A0A653FRF5,0
A0A653FRG9,0
A0A653FRQ6,0
A0A653FS30,0
A0A653FS99,0
A0A653FSH6,0
A0A653FTN6,0
A0A653FTT7,0
A0A653FTX7,0
A0A653FU45,0
A0A653FU65,0
A0A653FU80,0
A0A653FUC6,0
A0A653FUE8,0
A0A653FV59,0
A0A653FVS2,0
A0A653FVU9,0
A0A653FVW4,0
A0A653FVW8,0
A0A653FW65,0
A0A653FYY5,0
A0A653FZM4,0
A0A653FZX0,0
A0A653G0W9,0
A0A653G147,0
A0A653G7D4,0
A0A678PBH4,0
A0A679EYF4,0
A0A679EZX7,0
A0A679K1B6,0
A0A679K3Q4,0
A0A679KAL3,0
A0A679KEH8,0
A0A6B7ES36,0
A0A6B7EWC2,0
A0A6B7EY82,0
A0A6B7EYD4,0
A0A6B7FQY1,1
A0A6B7HJL8,1
A0A6B7M0Y7,0
A0A6B7MBD9,0
A0A6B7ME32,0
A0A6B7ZFN7,0
A0A6B9J0A6,0
A0A6B9J0G1,0
A0A6B9J1E4,0
A0A6B9J1R6,0
A0A6B9J4P4,0
A0A6B9J4U4,0
A0A6B9J573,0
A0A6B9J5X3,0
A0A6B9J756,1
A0A6B9J7I6,0
A0A6B9J8A7,0
A0A6B9JBW5,1
A0A6B9JD03,1
A0A6B9KG70,0
A0A6B9L6Q8,1
A0A6B9L7K3,1
A0A6B9LHH1,0
A0A6B9LKR6,1
A0A6B9LKT6,0
A0A6B9LN12,1
A0A6B9LNG2,0
A0A6B9LNP8,0
A0A6B9LNU3,0
A0A6B9LPS1,0
A0A6B9LQ80,0
A0A6B9LS78,0
A0A6B9LTM5,0
A0A6B9LWL6,0
A0A6B9LXN7,0
A0A6B9M0G3,0
A0A6B9M1B5,1
A0A6B9M403,0
A0A6B9RIV4,0
A0A6B9RJT2,0
A0A6B9SQR1,0
A0A6B9SRW5,0
A0A6B9SS45,0
A0A6B9STE2,0
A0A6B9STI0,1
A0A6B9SUK1,0
A0A6B9SVJ2,0
A0A6B9SZA0,0
A0A6B9WFG6,0
A0A6B9WFK2,0
A0A6B9WHP6,0
A0A6B9WIJ5,0
A0A6B9WIR2,0
A0A6B9WIS1,0
A0A6B9WK43,0
A0A6B9WKV5,0
A0A6B9WLT2,0
A0A6B9WN77,0
A0A6B9WNP8,0
A0A6B9WNQ5,0
A0A6B9WNZ6,0
A0A6B9WPM6,0
A0A6B9WPQ4,0
A0A6B9WS51,0
A0A6B9WSB6,0
A0A6B9WTC2,0
A0A6B9WTK7,0
A0A6B9WUT2,0
A0A6B9WV92,0
A0A6B9WVW3,0
A0A6B9WWB4,0
A0A6B9WWK3,0
A0A6B9WWR5,0
A0A6B9WX19,0
A0A6B9WXC3,0
A0A6B9WXH1,0
A0A6B9WXQ2,0
A0A6B9WY61,0
A0A6B9WZP8,0
A0A6B9X0A6,0
A0A6B9X0I8,0
A0A6B9X0U4,0
A0A6B9X1J9,0
A0A6B9X2F1,0
A0A6B9X365,0
A0A6B9X3G2,0
A0A6B9X3J2,0
A0A6B9X4E5,0
A0A6B9X5A9,0
A0A6B9X5V0,0
A0A6B9X6F1,0
A0A6B9X734,0
A0A6B9X783,0
A0A6B9X7G5,0
A0A6B9X7V1,0
A0A6B9X844,0
A0A6B9X862,0
A0A6B9X9K0,0
A0A6B9XBL8,0
A0A6B9XBP4,0
A0A6B9XC79,0
A0A6B9XD49,0
A0A6B9XEG0,0
A0A6B9XFY8,0
A0A6B9XGK5,0
A0A6B9XGZ6,0
A0A6B9XHB9,0
A0A6B9Y0Q2,0
A0A6C0R0D8,0
A0A6C0R0E7,0
A0A6C0R0Y1,1
A0A6C0R2I1,0
A0A6C0RRZ9,1
A0A6C0RTY3,1
A0A6C0RUB1,1
A0A6C0T989,0
A0A6C6XWC0,0
A0A6C6XY99,0
A0A6C6XYL8,0
A0A6C6XYV1,0
A0A6C6XZ70,0
A0A6C6Y1E4,0
A0A6F8Z5Z6,1
A0A6F8ZK16,0
A0A6G5V645,0
A0A6G5XW18,0
A0A6G5XW65,0
A0A6G5XWH9,0
A0A6G5XWI3,0
A0A6G5XX85,0
A0A6G5XZ88,0
A0A6G5Y172,0
A0A6G5Y1P1,0
A0A6G5Y2E1,0
A0A6G5Y5P6,0
A0A6G5Y5Z0,0
A0A6G5Y8N1,0
A0A6G5YA70,0
A0A6G5YC71,0
A0A6G5YHA2,0
A0A6G5YHE0,0
A0A6G5YHS0,0
A0A6G5YJL0,0
A0A6G5YKU6,0
A0A6G5YNE4,0
A0A6G6XFC0,1
A0A6G6XFF6,1
A0A6G6XFM6,1
A0A6G6XFN1,1
A0A6G6XFV5,1
A0A6G6XGD1,1
A0A6G6XGD3,1
A0A6G6XGD8,1
A0A6G6XGU4,1
A0A6G6XI42,1
A0A6G6XIE6,0
A0A6G6XJU7,1
A0A6G6XL03,1
A0A6G6XQ75,1
A0A6G6XQM1,0
A0A6G6XRL0,1
A0A6G6XTF0,0
A0A6G6XTT2,1
A0A6G6XTW9,0
A0A6G6XV99,0
A0A6G6XWI0,0
A0A6G6XWX7,0
A0A6G6XYJ5,0
A0A6G6XZ12,0
A0A6G8QXW4,0
A0A6G8R072,1
A0A6G8R243,1
A0A6G8R2C3,1
A0A6G8R327,1
A0A6G8R5V0,0
A0A6G8R6K7,0
A0A6G8R6P5,0
A0A6G8R6Q2,0
A0A6G8R737,0
A0A6G8R758,0
A0A6G8R813,0
A0A6G8R8X2,0
A0A6G8R9B1,0
A0A6G8R9Y2,0
A0A6G8RBC1,0
A0A6G8RLG5,0
A0A6G8RLZ3,0
A0A6G8RMW8,0
A0A6G8RNT7,0
A0A6G8RP87,0
A0A6G8RPU7,0
A0A6G8RQE4,0
A0A6G9L8Q7,0
A0A6G9L9G6,0
A0A6G9L9V6,0
A0A6G9L9X0,0
A0A6G9LB67,1
A0A6G9LCC6,1
A0A6G9LCH9,1
A0A6G9LDY9,1
A0A6G9LE46,1
A0A6G9LFW9,0
A0A6G9LG17,0
A0A6G9LG32,0
A0A6G9LGD7,0
A0A6G9LGY8,0
A0A6G9LHW3,0
A0A6G9LIE1,0
A0A6G9LIF7,0
A0A6G9LIQ9,0
A0A6G9LIS4,0
A0A6G9LIX1,0
A0A6G9LJW6,0
A0A6G9LKH9,1
A0A6G9LLB9,0
A0A6G9LLK4,0
A0A6G9LLY9,0
A0A6G9LMR7,0
A0A6G9LND4,0
A0A6G9LNN5,0
A0A6G9LNX2,0
A0A6G9LP13,0
A0A6G9LP62,0
A0A6G9LQ06,0
A0A6G9LQ65,0
A0A6G9LQN5,0
A0A6G9LR42,0
A0A6G9LR66,0
A0A6G9LS06,0
A0A6G9LS36,0
A0A6G9LT30,0
A0A6G9LTF9,0
A0A6H0D9N1,0
A0A6H0X2F8,0
A0A6H0X340,0
A0A6H0X3A3,0
A0A6H0X3H7,0
A0A6H0X4W5,0
A0A6H0X502,0
A0A6H0X5A5,1
A0A6H0X5D2,1
A0A6H0X5I6,1
A0A6H0X8X7,0
A0A6H0XAV9,0
A0A6H1Z6I7,0
A0A6H2A7P3,0
A0A6H2A7R8,1
A0A6H2A896,1
A0A6H2A8B0,1
A0A6H2A8U7,1
A0A6H2A9R3,0
A0A6H2AA20,0
A0A6H2AAE3,0
A0A6I8WFD1,0
A0A6J3ZUU1,0
A0A6J3ZZE0,0
A0A6J4EFI7,0
A0A6J4EFV9,0
A0A6M2YBM4,1
A0A6M2YDJ6,1
A0A6M2YDK3,1
A0A6M2Z141,1
A0A6M2Z1C0,1
A0A6M2Z221,1
A0A6M2Z6P7,1
A0A6M2Z6Y2,0
A0A6M2ZHL8,0
A0A6M2ZI40,0
A0A6M3BDS2,1
A0A6M3BDT5,1
A0A6M3BE00,1
A0A6M3BE20,1
A0A6M3BE97,1
A0A6M3BEN3,1
A0A6M3BEU7,1
A0A6M3BEV6,1
A0A6M3G8W2,0
A0A6M3H4F5,0
A0A6M3SXT0,1
A0A6M3T7B6,1
A0A6M3T8U0,0
A0A6M3TA91,0
A0A6M3TBE9,1
A0A6M3TCW4,0
A0A6M3TD10,0
A0A6M3TD72,0
A0A6M3TD80,0
A0A6M3TDE3,0
A0A6M3TE97,0
A0A6M3WH73,0
A0A6M3YJ38,0
A0A6M3YL80,1
A0A6M3YMW7,0
A0A6M3YNM8,0
A0A6M3YRM6,0
A0A6M4B765,0
A0A6M4EST1,0
A0A6M5CAI3,0
A0A6M5CAZ2,0
A0A6M5CBY8,1
A0A6M5CD26,0
A0A6M5CDN4,0
A0A6M8EZM5,1
A0A6M9EI92,0
A0A6M9QBG8,0
A0A6M9YZ80,1
A0A6M9YZ91,1
A0A6M9Z0F2,0
A0A6M9Z525,0
A0A6M9Z7E5,1
A0A6N0A5Z8,1
A0A6N1VXK4,1
A0A6N1VXP2,1
A0A6N1VZW8,1
A0A6N1W3P9,1
A0A6N3IKD0,1
A0A6N3IKD1,1
A0A6N3IKD2,1
A0A6N3IKD3,1
A0A6N3IKW7,1
A0A6N3IKW8,1
A0A6N3IKW9,1
A0A6N3IKX0,1
A0A6S4IQ54,1
A0A6S6MFP3,1
A0A6S6MMH7,1
A0A6V7BBX8,1
A0A6V7BC01,1
A0A6V7BC99,1
A0A6V7BCC9,1
A0A6V7BCT9,1
A0A6V7BFX2,1
A0A6V7C5R7,1
A0A7D0GHA3,1
A0A7D0GHC7,1
A0A7D0GHK6,1
A0A7D0GHP2,1
A0A7D0GI95,1
A0A7D0GII9,1
A0A7D0GJG7,1
A0A7D0GJI3,1
A0A7D0GRU9,0
A0A7D0KH94,1
A0A7D0KJ80,1
A0A7D0KJK8,1
A0A7D0KJQ8,1
A0A7D0KKD9,1
A0A7D0KTE1,1
A0A7D0KV58,1
A0A7D0KVP9,1
A0A7D0NI66,0
A0A7D0PL58,0
A0A7D0PL99,0
A0A7D0TNR0,0
A0A7D0TP11,0
A0A7D0TP96,0
A0A7D0TQ84,0
A0A7D2HHW0,0
A0A7D3QK43,1
A0A7D3QMT6,1
A0A7D3UCZ7,0
A0A7D3UHA5,0
A0A7D3UHM4,1
A0A7D3UHN6,1
A0A7D3ULP0,1
A0A7D3UXW0,1
A0A7D3V285,0
A0A7D3V398,0
A0A7D4V0Y7,0
A0A7D5BTY1,0
A0A7D5BXU0,0
A0A7D5FIR6,0
A0A7D5FJN1,0
A0A7D5FRW5,0
A0A7D5G0B3,0
A0A7D5G3U6,1
A0A7D5IN90,0
A0A7D5JGK3,0
A0A7D5JJ55,0
A0A7D5JKG1,1
A0A7D5JKS3,1
A0A7D5JMV9,0
A0A7D5JN86,0
A0A7D5JRL2,1
A0A7D5K311,0
A0A7D5K3L8,0
A0A7D5Q892,0
A0A7D5U5B5,0
A0A7D5U662,0
A0A7D7EX13,0
A0A7D7F8L6,0
A0A7D7FN11,0
A0A7D7IBH9,0
A0A7D7IM85,0
A0A7D7IQZ2,0
A0A7D7J5V7,0
A0A7D7J689,0
A0A7G0XX79,0
A0A7G1L2H0,1
A0A7G3KD81,0
A0A7G3M724,0
A0A7G3MA46,0
A0A7G3MIT3,1
A0A7G3MJ73,1
A0A7G3P3B4,0
A0A7G3V9C5,1
A0A7G3VA93,1
A0A7G3WWH7,1
A0A7G3WWR4,0
A0A7G4AW01,1
A0A7G5AWZ8,0
A0A7G5AYA8,0
A0A7G5B7T3,0
A0A7G5B837,0
A0A7G5B8B7,0
A0A7G5B8G9,0
A0A7G5B8T6,0
A0A7G5B901,0
A0A7G5B9A2,0
A0A7G5B9F8,0
A0A7G5B9L1,0
A0A7G5B9T3,0
A0A7G5B9X2,0
A0A7G5BA38,0
A0A7G5BA67,0
A0A7G5BAE3,0
A0A7G5BAP8,0
A0A7G5BB78,0
A0A7G5BBM3,0
A0A7G5BBR8,0
A0A7G5BCQ3,0
A0A7G5BCR4,0
A0A7G5CGJ0,1
A0A7G5CH64,1
A0A7G5CHM6,1
A0A7G5CI49,1
A0A7G5CIM4,1
A0A7G7NBF8,0
A0A7G7NBJ5,0
A0A7G7WVA5,1
A0A7G7WVT6,1
A0A7G7WVT7,1
A0A7G7WVT8,1
A0A7G7WW08,0
A0A7G7WW10,0
A0A7G7WWM8,0
A0A7G7WWR4,0
A0A7G7WX73,0
A0A7G7WX76,0
A0A7G7WXW9,0
A0A7G8AKY4,0
A0A7G8ALR4,0
A0A7G8ALW3,0
A0A7G8LDW6,1
A0A7G8LG03,1
A0A7G8LG74,1
A0A7G8LHG8,1
A0A7G8LJ43,0
A0A7G8LJA6,0
A0A7G8LJQ5,0
A0A7G8LJV5,0
A0A7G8LKI4,1
A0A7G8LKQ8,1
A0A7G8LL82,1
A0A7G8LLF0,1
A0A7G8LM82,1
A0A7G8LNE5,1
A0A7G8LP31,1
A0A7G8LPR4,1
A0A7G8LQR7,1
A0A7G8ZYS2,0
A0A7G8ZZ29,1
A0A7G8ZZ30,1
A0A7G8ZZJ9,1
A0A7G9A1J2,1
A0A7G9A2A1,1
A0A7G9A3K2,1
A0A7G9A3K3,1
A0A7G9A538,1
A0A7G9A539,1
A0A7G9A5N6,1
A0A7G9A5N7,1
A0A7G9URG5,1
A0A7G9US00,1
A0A7G9USI8,1
A0A7G9UTB5,0
A0A7G9UTG5,0
A0A7G9UTH7,0
A0A7G9UTS0,0
A0A7G9UUE4,0
A0A7G9UWA1,1
A0A7G9UXL9,1
A0A7G9UY49,1
A0A7G9UY50,1
A0A7G9UYN7,1
A0A7G9UZB5,1
A0A7G9V082,1
A0A7G9V415,0
A0A7G9V437,1
A0A7G9V4Q9,1
A0A7G9VY62,0
A0A7G9W1G7,1
A0A7H0X9J3,1
A0A7H0XAI4,0
A0A7H0XB63,0
A0A7H0XC69,0
A0A7H0XD02,0
A0A7H0XF12,0
A0A7H0XF25,0
A0A7H0XFG1,0
A0A7I8HQY3,0
A0A7I8LNE5,0
A0A7I8LP47,0
A0A7I8LP93,0
A0A7I8N043,0
A0A7I8N399,0
A0A7I8N3X1,0
A0A7I8N470,0
A0A7I8V2Q6,0
A0A7I8V3R2,0
A0A7L4XU81,0
A0A7L4YDR6,0
A0A7L4YEQ2,0
A0A7L4YF54,0
A0A7L4YG19,0
A0A7L4YGX8,0
A0A7L7SGT4,0
A0A7L7SJE2,1
A0A7L7SLG4,0
A0A7L7SMF2,0
A0A7L7SMT9,0
A0A7L7SMY1,0
A0A7L7SP41,1
A0A7L7SQQ3,1
A0A7L7SRG8,1
A0A7L7SSS4,1
A0A7L7STW0,1
A0A7L7SUR6,0
A0A7L7SVK4,1
A0A7L7SXA3,0
A0A7L7SZN6,1
A0A7L8G412,0
A0A7L8G4F6,0
A0A7L8G5M9,0
A0A7L8G7U6,0
A0A7L8ZD52,1
A0A7L8ZDT5,1
A0A7L8ZEV6,1
A0A7L8ZHX4,0
A0A7L8ZJW3,0
A0A7L8ZK29,1
A0A7L8ZKG3,0
A0A7L8ZL60,0
A0A7L8ZL82,0
A0A7L8ZLT9,0
A0A7L8ZMF4,0
A0A7L8ZNJ2,0
A0A7L8ZNV2,0
A0A7L8ZP07,0
A0A7L8ZPT6,0
A0A7L8ZQD8,0
A0A7M1CJT0,1
A0A7M1CK53,1
A0A7M1CL48,1
A0A7M1CLP9,1
A0A7M1CNA2,1
A0A7M1CPB6,1
A0A7M1CPZ0,1
A0A7M1CQK3,1
A0A7M1CQP5,1
A0A7M1CRF0,1
A0A7M1CRI0,1
A0A7M1CRR5,1
A0A7M1CSG7,1
A0A7M1ID80,0
A0A7M1IDM9,0
A0A7M1IDS2,0
A0A7M1RPM5,1
A0A7M1RQV4,1
A0A7M3T3L2,0
A0A7M3T4D9,0
A0A7R7D0C1,0
A0A7R7D126,0
A0A7R7D1Z6,0
A0A7R7D210,0
A0A7R7D2B0,0
A0A7R7EFC8,0
A0A7R7EQE0,1
A0A7R7EQI7,1
A0A7R7ER43,1
A0A7R7ERA6,1
A0A7R7ERB2,1
A0A7R7HKH4,0
A0A7R7HKS5,0
A0A7R7IFP5,1
A0A7R7V669,1
A0A7R8MJJ0,0
A0A7R8MK33,0
A0A7R8MLQ8,0
A0A7R8MNK1,0
A0A7R8MPW4,0
A0A7R8MQB4,0
A0A7R8MRU4,0
A0A7R8MRU5,0
A0A7R8R6A9,0
A0A7R8R7P6,0
A0A7R8R7Z4,0
A0A7R8R974,0
A0A7R8R9H7,0
A0A7R8RCU8,0
A0A7R8RCY4,0
A0A7R8S336,0
A0A7S5AZN8,0
A0A7S5PLZ8,0
A0A7S5QX48,0
A0A7S5QY13,0
A0A7S5QYM9,0
A0A7S5R048,0
A0A7S5R0C9,0
A0A7S5R0I9,0
A0A7S5R0P9,0
A0A7S5R2J6,0
A0A7S5R374,0
A0A7S5R5D9,0
A0A7S5R676,0
A0A7S5R6U5,0
A0A7S5R719,0
A0A7S5R7T7,0
A0A7S5R9W7,0
A0A7S5RCH1,0
A0A7S5RDG8,0
A0A7S5RDX0,0
A0A7S5REQ6,0
A0A7S5RFV6,0
A0A7S5RFZ4,0
A0A7S5RGQ1,0
A0A7S5RHG8,0
A0A7S5RKT4,0
A0A7S5RPN0,0
A0A7S5SMR1,1
A0A7S5URM2,0
A0A7S5US75,0
A0A7S5UTS1,0
A0A7S5UTY2,0
A0A7S5UVN0,0
A0A7S5UVR5,0
A0A7S5UWM2,0
A0A7S5UWW5,0
A0A7S5UX07,0
A0A7S5UX47,0
A0A7S5UXQ6,0
A0A7S5UZ59,0
A0A7S5UZU0,0
A0A7S5V0V4,0
A0A7S5V137,0
A0A7S5V1J6,0
A0A7S5V230,0
A0A7S5VJ32,1
A0A7S5VJK0,0
A0A7S5WS10,1
A0A7S5Y957,0
A0A7S5YA58,0
A0A7S5YAF0,0
A0A7S5YDX8,0
A0A7S6GHD4,1
A0A7S6HSU4,0
A0A7S6HTR7,0
A0A7S6KD90,1
A0A7S6L0L7,0
A0A7S6R5Y7,0
A0A7S6R603,0
A0A7S6R764,0
A0A7S6R7F5,0
A0A7S6R7L2,0
A0A7S6R7S6,0
A0A7S6R7X3,0
A0A7S6R818,0
A0A7S6R8H5,0
A0A7S6R8J5,0
A0A7S6R8P6,0
A0A7S6R8U2,0
A0A7S6R8Z1,0
A0A7S6R9F0,0
A0A7S6R9S7,0
A0A7S6RAL1,0
A0A7S6RAM1,0
A0A7S6RAQ3,0
A0A7S6TX22,1
A0A7S6U170,0
A0A7S6U203,0
A0A7S6U248,0
A0A7S6U281,0
A0A7S6U2V5,1
A0A7S6U3R9,0
A0A7S6U3U9,0
A0A7S6U486,0
A0A7S6U4M6,0
A0A7S6U4Z5,0
A0A7S9SMV4,0
A0A7S9SPD2,0
A0A7S9SPQ8,0
A0A7S9SQE0,0
A0A7S9STV5,0
A0A7S9SUM6,1
A0A7S9SV23,1
A0A7S9SV69,1
A0A7S9SVE5,1
A0A7S9SVH6,0
A0A7S9SVQ5,0
A0A7S9SWE6,1
A0A7S9XFQ0,0
A0A7S9XGK0,0
A0A7T0LWD7,0
A0A7T0LZY6,1
A0A7T0M045,1
A0A7T0M0T0,1
A0A7T0M2H8,1
A0A7T0Q346,1
A0A7T1KS76,1
A0A7T1NDK1,1
A0A7T1NW92,1
A0A7T1TW03,0
A0A7T3JE81,1
A0A7T3KAP7,1
A0A7T3KBX5,1
A0A7T3KCU4,0
A0A7T3KDF9,0
A0A7T3KDH0,0
A0A7T3KDU2,0
A0A7T3KEE3,0
A0A7T3KEM9,0
A0A7T3KFM0,0
A0A7T3KFX9,0
A0A7T3KGY1,0
A0A7T3KH73,0
A0A7T3KJ48,0
A0A7T3N2H9,0
A0A7T3N3K2,0
A0A7T3N3X1,0
A0A7T3N425,0
A0A7T3N4C4,1
A0A7T3N505,0
A0A7T3N528,0
A0A7T3N549,0
A0A7T3N6F5,0
A0A7T3N7E2,0
A0A7T3N8H5,0
A0A7T3N8R3,0
A0A7T3N9E5,0
A0A7T3N9H4,0
A0A7T3NA26,0
A0A7T3NA53,0
A0A7T3NBB6,0
A0A7T3NC84,0
A0A7T3TJB8,0
A0A7T3TJK3,0
A0A7T3TJZ1,0
A0A7T3TL85,0
A0A7T3TLC9,0
A0A7T3TLT4,0
A0A7T3U6V9,0
A0A7T5QUJ8,0
A0A7T5QYF6,0
A0A7T5UDV9,0
A0A7T6ZMB5,0
A0A7T7CKW3,0
A0A7T7G075,0
A0A7T7GSI1,0
A0A7T7GSL3,1
A0A7T7GT23,0
A0A7T7GT67,1
A0A7T7GUH2,0
A0A7T7JUB6,0
A0A7T7K779,0
A0A7T7K8A2,0
A0A7T7K9C1,0
A0A7T7Z7N9,1
A0A7T7Z844,1
A0A7T7Z864,0
A0A7T7Z8D6,0
A0A7T7ZAH2,1
A0A7T7ZB14,1
A0A7T7ZB41,1
A0A7T7ZBL4,1
A0A7T8C0Y8,1
A0A7T8C290,1
A0A7T8C3S3,1
A0A7T8C4W0,1
A0A7T8C516,1
A0A7T8C599,1
A0A7T8EM95,0
A0A7T8EMW1,0
A0A7T8EP20,1
A0A7T8EQY8,0
A0A7T8ES61,0
A0A7T8ESC3,0
A0A7T8ESK0,0
A0A7T8ESQ7,1
A0A7T8ESS2,1
A0A7T8ETA5,1
A0A7T8EU04,1
A0A7T8F0G8,0
A0A7T8F0U7,0
A0A7T8F0Y3,0
A0A7T8IUR7,0
A0A7T8IV03,0
A0A7T8IWA5,0
A0A7U0G8H8,0
A0A7U0GA93,0
A0A7U0GC29,1
A0A7U0J4B6,0
A0A7U0J4V8,1
A0A7U0J4Z6,0
A0A7U0J573,0
A0A7U0J5E0,1
A0A7U0J5V8,1
A0A7U0J6K3,0
A0A7U0J8C1,0
A0A7U3RDF0,0
A0A7U3RDI6,0
A0A7U3RN58,1
A0A7U3SPZ4,0
A0A7U3T8N0,1
A0A7U3T8N2,1
A0A7U3TBP7,0
A0A7U3TBR5,0
A0A7U3TFA7,1
A0A7U3TFR1,1
A0A7U3TWC1,1
A0A7U3VGJ8,0
A0A811ANM0,0
A0A813M5L5,0
A0A830ZVQ7,1
A0A830ZVV1,1
A0A856LZF9,1
A0A856LZV6,1
A0A858E9U3,1
A0A858EAZ2,1
A0A858EBB9,1
A0A858EEE9,1
A0A858HZC8,0
A0A858I1Y4,0
A0A858I5Z5,0
A0A858I9F1,0
A0A858MT06,0
A0A858MTM3,0
A0A858NQA6,0
A0A858NRH8,0
A0A859W341,0
A0A866D145,0
A0A866D1E2,0
A0A866D1W0,0
A0A866D1W8,0
A0A866D2U9,0
A0A866D2Z0,0
A0A868BQJ2,0
A0A868BRZ7,1
A0A868C0K7,0
A0A873WB19,0
A0A873WBP8,0
A0A873WCU9,1
A0A873WEH4,0
A0A873WEP0,0
A0A873WF29,0
A0A873WGP8,0
A0A873WH83,0
A0A873WII6,0
A0A873WIL4,0
A0A873WIR8,0
A0A873WPB5,0
A0A873WS52,0
A0A873WWG5,0
A0A874M9T8,0
A0A874UR05,0
A0A879R305,0
A0A889IM74,1
A0A889IMG8,1
A0A889IN01,1
A0A889INF0,1
A0A889INP8,0
A0A889IPP7,0
A0A889IQ44,0
A0A889IQU4,1
A0A889IQY8,1
A0A889IRA0,1
A0A890UML4,1
A0A890UPH6,1
A0A890URG2,1
A0A890UUE5,1
A0A890UXX3,1
A0A890V0C0,1
A0A890V3G8,1
A0A894JTR5,0
A0A894K052,1
A0A898KAB9,0
A0A898KCG3,0
A0A898KCL9,1
A0A899GGF7,0
A0A899IMJ3,0
A0A899IN12,0
A0A899INK8,1
A0A899IQ63,1
A0A899IRF9,0
A0A899IS61,0
A0A899ITZ1,1
A0A899J0Q0,1
A0A8A1VBA0,1
A0A8A1VCL1,1
A0A8A5LKP5,1
A0A8A5LLP2,1
A0A8A5LQU0,1
A0A8A6C6D8,0
A0A8A6C6H0,0
A0A8A6CA35,0
A0A8A6CAB6,0
A0A8A6NI62,0
A0A8B6MGQ2,1
A0A8D6UB63,1
A0A8D6UBP3,1
A0A8D6UEJ9,1
A0A8D6XUK6,1
A0A8D6XVK0,1
A0A8E3XDT1,1
A0A8E3XDU3,1
A0A8E3XE61,1
A0A8E4J8X5,1
A0A8E4J9Q6,1
A0A8E4JA39,1
A0A8E4JCI0,0
A0A8E4NHZ8,1
A0A8E4QK62,1
A0A8E4STU3,0
A0A8E4UY41,0
A0A8E4UYZ2,0
A0A8E4UZB3,0
A0A8E4V059,0
A0A8E4VSJ2,1
A0A8E4XZV1,0
A0A8E4Y041,0
A0A8E4ZF71,0
A0A8E4ZIX1,0
A0A8E4ZJR3,0
A0A8E5E8Q4,0
A0A8E5EBG7,0
A0A8E5FQX4,0
A0A8E5K6Y7,0
A0A8E5K7W2,1
A0A8E5K8C0,1
A0A8E5K8J2,1
A0A8E5K8J3,1
A0A8E5K8L7,1
A0A8E5K951,1
A0A8E5K9B6,1
A0A8E5K9C1,1
A0A8E5K9Z0,1
A0A8E5KA01,1
A0A8E5KAD7,1
A0A8E5KAR9,1
A0A8E5KBK3,1
A0A8E5KBL2,1
A0A8E5KBL5,1
A0A8E5KBN0,1
A0A8E5KC28,1
A0A8E5KCG0,1
A0A8E5KCG4,1
A0A8E5KCH7,1
A0A8E5KCI7,1
A0A8E5KCW0,1
A0A8E5KD81,1
A0A8E5KD83,1
A0A8E5KD87,1
A0A8E5KDC5,1
A0A8E5KHP4,0
A0A8E5NPW8,0
A0A8E5NQG5,1
A0A8E5NQP9,1
A0A8E5NQT7,0
A0A8E5NR77,1
A0A8E5NRB1,1
A0A8E5NRB4,1
A0A8E5NRH9,1
A0A8E5NRS0,1
A0A8E5NRV8,1
A0A8E5NRW1,1
A0A8E5NS28,1
A0A8E5NS32,1
A0A8E5NSC6,1
A0A8E5NSG9,1
A0A8E5NSN4,1
A0A8E5NSS6,1
A0A8E5NSW7,1
A0A8E5NT71,1
A0A8E5NT73,1
A0A8E5NTB8,1
A0A8E5NTN8,1
A0A8E6GSH1,1
A0A8E6L093,0
A0A8E6PLI4,0
A0A8E7C0A6,0
A0A8E7EZA7,0
A0A8E7FLE2,0
A0A8E7FN21,0
A0A8E7FPE3,1
A0A8E7FZ95,0
A0A8E7FZW9,0
A0A8E7G0A1,0
A0A8E7G1M2,0
A0A8E7G234,0
A0A8E7KXQ8,0
A0A8E7KY49,1
A0A8E7KYC0,0
A0A8E7KYU3,1
A0A8E7KZ29,0
A0A8E7L2H9,1
A0A8E7L2Z5,0
A0A8E7L3U7,0
A0A8F1NIV5,0
A0A8F2D945,1
A0A8F2E795,1
A0A8F2E7L8,1
A0A8F2E7R0,1
A0A8F2F4J6,0
A0A8F2F4P3,0
A0A8F2IWN4,1
A0A8F2XWP4,0
A0A8F3C7G7,0
A0A8F3C800,0
A0A8F3C932,0
A0A8F3C987,0
A0A8F3E2X1,1
A0A8F3E3G4,1
A0A8F3E6B5,1
A0A8F3E8M0,1
A0A8F3EAQ5,1
A0A8F3ELV8,0
A0A8F3HL87,0
A0A8F3II59,1
A0A8F3IM68,1
A0A8F3IND3,1
A0A8G1L8H2,0
A0A8K1BM39,1
A0A8K1F1F9,0
A0A8K1YSN8,0
A0A8K1YYX1,0
A0A8K1YYY7,0
A0A8S0G485,1
A0A8S0G514,1
A0A8S0G665,1
A0A8S0G792,1
A0A8S0NMQ5,1
A0A8S4SKY0,0
A0A8T8BEZ4,0
A0A8T8BFK1,0
A0A8T8IUB0,0
A0A8T8IUK9,0
A0A8T8IV15,0
A0A8T8IVE5,0
A0A8T8IVN3,0
A0A8T8IVP2,0
A0A8T8IVQ5,0
A0A8T8IVR5,0
A0A8T8IWV0,0
A0A8T8IZ31,1
A0A8T8JBQ5,1
A0A8T8JCT7,1
A0A8T8JF89,1
A0A8T8JFD8,1
A0A8T8JJ17,1
A0A8T8L5S5,1
A0A8T8L6N3,0
A0A8T8L8A8,0
A0A8X8M467,0
A0A8X8M572,0
A0A8X8M5A8,0
A0A8X8M5D0,0
A0A8X8M5H8,0
A0A8X8M5I8,0
A0A8X8M695,0
A0A8X8M6R7,0
A0A8X8M6R9,0
A0A8X8M8R6,0
A0A8X8M8V6,0
A0A8X8M986,0
A0A8X8MBI9,0
A0A8X8MC98,0
A0A8X8MDB2,0
A0A8X8MDW8,0
A0A8X8MEL6,0
A0A8X8MEQ1,0
A0A8X8MFU8,0
A0A8X8RIB8,0
A0A8X8RIQ1,0
A0A8X8RIV4,0
A0A8X8RJ43,0
A0A8X8RJP1,0
A0A8X8RK82,0
A0A8X8RKT8,0
A0A8X8RLI9,0
A0A8X8RLX7,0
A0A8X8RMC2,0
A0A8X8RMR1,0
A0EWN1,1
A0EWU7,1
A0EX03,1
A0MKU3,0
A0ZS52,1
A0ZXG4,0
A1KXB4,1
A1Z006,0
A2I809,0
A3QSB3,1
A4JX14,0
A5A3R0,0
A5GYF9,1
A5LH41,0
A5PJ06,0
A6MAB7,1
A6N3F2,0
A7DYB8,1
A7IYB6,1
A7KUS1,1
A7TWD3,1
A7TWK1,1
A7TWR0,1
A7XF92,0
A7XXD0,0
A7XXS4,0
A7YGX4,1
A8AST1,1
A8AST2,1
A8ATH6,1
A8E281,1
A8E282,1
A8WA08,1
A8YQJ9,1
A9J7C3,0
A9Q1W5,0
B0FII4,0
B1GS47,0
B2ZNS5,1
B3FJ91,0
B3FJD7,0
B3FYL5,0
B3VCL4,0
B3VCR4,0
B3VD18,0
B3VD73,0
B4XMZ1,0
B4XY80,0
B5AX77,0
B5BTX3,0
B5LJP7,1
B5LKP0,1
B5LLA9,1
B5LM67,1
B5M9T7,0
B5MA28,0
B5SP42,1
B5U3G9,1
B5U3Q4,1
B5U3Z3,1
B5U560,1
B5U5G2,1
B5WZQ3,1
B6DZB3,0
B6ETG2,0
B6RT57,1
B6V2P9,1
B6Z9H9,0
B7T0K1,1
B7VFI3,0
B8QU57,0
B8R657,1
C0LP50,0
C0LZY8,1
C0MQG3,0
C1KFN1,1
C3V1L1,0
C3V2D8,0
C4MYV6,0
C4MZP0,0
C5H7D1,0
C5I674,1
C5IHR2,0
C6ZCZ3,0
C7BVJ6,0
C7F460,0
C8CH30,1
C8XUI0,0
C9DAU9,1
C9DBN5,1
C9DG53,0
C9EHB0,0
C9WB79,1
D1L2W9,0
D2EBT8,0
D2IZU8,1
D2J014,1
D2JLF7,1
D2K080,1
D2KRB7,1
D2KRB9,1
D3G7J1,1
D3G7J4,1
D3W6B8,0
D4Z9V1,0
D5JFK5,0
D6R400,1
D7RMF4,0
D7RWE0,1
D7RWK0,1
D9I688,0
D9ICQ1,0
D9J0P7,1
D9ZNE6,1
E0YJ17,1
E1A1I5,0
E1A287,0
E1XT85,0
E1XUB9,0
E2GM22,0
E3SEW7,0
E3SI28,0
E3SJR4,0
E3SK58,0
E3SKT1,0
E3SLR0,0
E3SMK0,0
E3SP98,0
E3SQQ6,0
E4WL36,0
E5AG88,0
E5AGK1,0
E5DIG5,0
E5DQC3,0
E5DRU4,0
E5E3G2,0
E5E4E0,0
E5EPU4,0
E5FIJ9,0
E5G070,1
E5L7F3,0
E5RV25,0
E7EKW1,0
E7EL11,0
E9KIH3,0
E9LUJ4,1
E9LUR1,1
F0V704,0
F1ADS1,0
F1B2Q4,1
F1C573,0
F1C5F2,0
F1D1N1,0
F1D2A7,0
F1D2Y4,0
F1D3K8,0
F1D3U2,0
F1D4W4,0
F1D5J4,0
F1D671,0
F2VWZ8,0
F2VXG7,0
F4N9U7,0
F4YA49,0
F6M811,1
F8HGU0,1
F8SJ56,0
F8UBU6,0
F8WPZ6,1
F8WPZ7,1
G0LWJ9,0
G0X5S3,0
G0XM92,1
G0XM93,1
G0XM94,1
G0YKD6,0
G0YQ25,0
G0YQ82,0
G1BKM6,1
G1BM41,1
G1BNB6,1
G1BRK5,1
G1BT30,1
G1D592,1
G1D636,1
G1FH74,0
G1FIM6,1
G1JW88,1
G1JX31,1
G1JX41,1
G1JXM6,1
G2ZIC0,1
G2ZIC1,1
G2ZIC2,1
G3ENB5,0
G3M4Z1,1
G3MBP9,1
G3MDZ6,1
G3MV56,0
G4KK22,0
G4KNQ9,1
G4KNV1,1
G5DEY2,0
G5DMI1,0
G7YZ66,1
G8C7J8,0
G8C7R2,0
G8DCS3,0
G8EJY7,1
G8GDI7,0
G8GJ35,0
G8I6P9,1
G8IAA6,1
G8IAN6,1
G8ICL2,1
G8ID93,1
G8IDX6,1
G9B1D0,1
G9B1D1,1
G9FHI5,1
G9FHZ7,1
G9I9K9,0
G9IIE0,0
G9J205,1
G9J206,1
G9J3H9,1
G9JXH6,0
G9M944,1
G9M965,1
H2DE57,0
H6BHY0,0
H6UK38,0
H6WFX6,0
H6WRW2,0
H6WZM4,0
H6X3I6,0
H6X3N5,0
H8ZLU7,0
H8ZM03,0
H8ZMZ3,0
H9A126,1
H9C1A7,0
I0J2T5,0
I1TQ57,0
I1VXB7,0
I1W5X5,1
I2E8W3,1
I2GUF1,0
I3PV24,1
I3PV50,1
I3PV79,1
I3ULM7,0
I3ULM8,0
I3UM43,0
I3UM46,0
I3WV04,1
I6NLI9,0
I6P8K1,1
I6P9R4,1
I6PCG8,1
I6PCI2,1
I6PD81,0
I6Q9C0,0
I6Q9Q5,0
I6QAD5,0
I6QAF4,0
I6S1R8,0
I6S6J1,0
I6W8B8,1
I6W8S6,1
I6W9R1,1
I6WJ35,1
I6WJJ0,1
I6WK16,1
I6WKX4,1
I6WLE3,1
I6WLR1,0
I6X4X4,1
I6X5W4,1
I6X6F5,1
I6X7Y8,0
I6XF29,1
I6XFJ9,1
I6XIA7,1
I6XIR9,1
I6XJ81,1
I6XJN0,1
I6XKL0,1
I6ZRF8,0
I6ZXX9,0
I7A9A7,1
I7B238,0
I7B703,0
I7CCS1,1
I7CDF2,0
I7CMY5,1
I7DA29,1
I7DJZ5,1
I7FNU3,0
I7IIA2,0
I7J3S3,0
I7K3R8,0
I7KRJ5,0
I7LH79,0
J3SMN7,0
J7I148,0
J7KBT9,1
J7KE44,0
J7KEV5,0
J7KJ56,1
J7M2Q2,0
J9PKF7,1
J9PLM4,1
J9PQK4,1
J9PQW6,1
J9PRF0,1
J9PS02,1
J9PUJ9,1
J9PUY3,1
J9PV65,1
J9PWL7,1
J9Q7R4,0
J9QED2,1
J9SN03,0
J9SV57,0
K4F6U4,0
K4F7R7,0
K4FB41,0
K4FEB2,0
K4FJB4,0
K4FK00,0
K4HZN0,0
K4I193,0
K4I332,0
K4I4A9,0
K4I4C2,1
K4I5B9,0
K4I659,0
K4JMZ6,0
K4JNJ2,0
K4JSA9,0
K4JSV8,0
K4JUX4,0
K4JVV0,0
K4K3S7,0
K4K4H6,0
K4NWI2,0
K4NX43,0
K4P0C2,0
K4PAQ4,0
K4PB40,0
K4RI04,0
K7NNU5,0
K7P6F5,0
K7P6J4,0
K7P7C3,0
K7P7I8,0
K7P7M8,0
K7P7T2,0
K7P800,0
K7P854,0
K7P876,0
K7PGR2,0
K7PGV2,0
K7PHC6,0
K7PJV6,0
K7PJX1,0
K7PJY5,0
K7PL06,0
K7PLS6,0
K7PLW1,0
K7PM21,0
K7PML1,0
K7QMG0,1
K7QMK7,1
K7QNG6,1
K7R687,1
K7RVF4,1
K7YB77,0
K7ZJS6,0
K8DWG8,0
K9K8A9,0
K9L8Y7,0
L0ASG0,0
L0HQP3,0
L0LA71,1
L0LBX0,1
L0P2R2,1
L7TJR1,0
L7TP95,0
L7TQG0,0
L7TQR1,0
L7TQZ1,0
M1EB84,0
M1FLL3,0
M1PW10,0
M1Q5D8,0
M1T2Q1,0
M1TB03,1
M1TV98,0
M1U2T8,0
M1UG82,0
M4H0P2,1
M4H0W6,1
M4H4K2,0
M4HNS4,1
M4HQ49,1
M4I0B1,1
M4I0I0,1
M4I0L3,1
M4I0P6,1
M4NJY2,0
M4PKZ4,0
M4PLH8,0
M4PM11,0
M4PZ14,0
M4QF68,0
M4QQ18,0
M4QQ33,0
M4QQL7,0
M4SKY3,0
M4SML5,0
M4SMV0,0
M4SN34,0
M4SSN9,0
M4T2K7,0
M4ZR40,1
M9MUG9,1
M9NUJ9,1
M9NZD8,0
M9PKB0,0
M9PKY9,0
M9QQM6,1
M9QWX9,0
M9UXV4,0
O03937,1
O34073,1
O36168,1
O64282,1
O64293,1
O64333,0
O80055,1
O80181,1
P03726,0
P03729,0
P07538,1
P07582,0
Q06EH6,0
Q0E5W7,0
Q0GBT3,0
Q19CN7,0
Q2NP98,0
Q2WC39,0
Q2Z0P8,0
Q30LB6,1
Q30LB7,1
Q333E3,0
Q37894,1
Q38004,1
Q38005,1
Q3HQU3,0
Q3T4T3,0
Q3T4W4,0
Q3T4Z5,0
Q3T526,0
Q45Q11,0
Q4L1H3,0
Q4Z9D7,1
Q4Z9D9,1
Q4Z9E1,1
Q4ZA04,1
Q4ZA05,1
Q4ZA08,1
Q4ZA83,1
Q4ZAF7,1
Q4ZAN1,1
Q4ZAU6,1
Q4ZB20,1
Q4ZB97,1
Q4ZBH3,1
Q4ZBP7,1
Q4ZBX1,1
Q4ZCL0,1
Q4ZD05,1
Q4ZD65,1
Q4ZE52,1
Q56BJ4,0
Q56EE1,0
Q56EM5,0
Q59DL7,1
Q5DN20,0
Q5G8W2,0
Q5QBY1,0
Q5ULI0,1
Q687F0,0
Q6H9T4,0
Q6J1R1,0
Q6J1X5,1
Q6JIL4,0
Q6KGV0,0
Q6R868,1
Q6SE70,1
Q6SEC2,1
Q6U979,0
Q6U9G4,0
Q6UAW4,0
Q6UGD2,0
Q6UIY6,0
Q6UKA7,0
Q6VY42,1
Q6WY18,0
Q6WY70,0
Q6WYC4,0
Q6WYH3,0
Q6XQC1,0
Q76YN5,0
Q775D3,0
Q7Y2C9,0
Q7Y4Y4,0
Q858J9,0
Q859E2,0
Q859J2,1
Q859L3,1
Q8H9R6,0
Q8HAL7,0
Q8LTH9,1
Q8LTK2,1
Q8LTQ0,1
Q8SBN9,1
Q8SCY1,0
Q8SDP3,1
Q8W5T9,0
Q8W6J4,0
Q8W6T2,0
Q94MP7,0
Q9AYV6,1
Q9AZ57,1
Q9AZL4,1
Q9AZS0,1
Q9AZX5,1
Q9B0D2,1
Q9EYE4,0
Q9FZU5,0
Q9FZY4,1
Q9G0G2,0
Q9MBI9,1
Q9MBP2,1
Q9MCS0,0
Q9MCU3,0
Q9T100,0
Q9T1E7,1
Q9XJA8,1
Q9ZXE4,1
R4IFM7,1
R4IG47,0
R4JGF5,1
R4JJ03,1
R4TBR1,1
R4TCC9,1
R4TJC4,0
R4TL15,1
R4TRA4,1
R4TRL8,1
R4WAN6,1
R9QSQ8,1
R9TL38,0
R9TMZ4,0
R9TNJ0,0
R9ZYL6,0
S4T012,0
S4T8R2,1
S4T8T6,1
S4T917,1
S4T994,1
S4TPC9,0
S4TPF6,0
S4TSX7,0
S4TUZ7,0
S4U6W0,1
S4UC87,1
S5M424,1
S5M6U0,0
S5M7U6,0
S5MAX6,0
S5MM68,1
S5MMQ8,1
S5MRA1,0
S5VTH6,0
S5VY01,0
S5WAA0,0
S5WAJ7,0
S5WBP1,1
S5Y0M4,1
S5Y744,1
S5Y7X5,1
S5YBF3,1
S6ANI5,1
S6ATL9,1
S6CLP5,0
T1PTR8,0
T2FI36,1
T2FIG0,1
U3PDK8,0
U3PIV2,1
U3PJ20,1
U5ICG5,0
U5P463,0
U5PRP6,1
U5PSN1,1
U5PVY1,1
U5PWZ2,1
U5PXM7,1
U5PY14,1
U5PYQ7,0
U5PZ04,0
U5PZS4,0
U5Q0P5,1
U5U762,1
U6C7Z7,0
U6E9D5,1
V5Q7W5,0
V5Q9M1,0
V5R527,0
V5R8R0,1
V5UPR9,1
V5URP2,1
V5URV5,1
V5USD7,0
V5USK5,1
V5UT96,0
V5UU51,0
V5XUS2,1
V5XVE3,1
V5XVX8,1
V5XWJ8,1
V5XX99,1
V5XXW6,1
V5YT03,0
V9M0G6,0
V9QKQ8,0
V9QKY4,1
V9VF10,1
W0LIX1,1
W0LM02,0
W0TUC3,1
W0TVX4,1
W0TWD7,1
W5R8I2,1
W5R8Q8,1
W5R999,1
W5R9Q7,1
W5RAQ6,1
W5RV88,1
W5SCT7,0
W6ARR1,0
W6ARS2,0
W6ASX0,0
W6E9L0,1
W6E9P7,0
W8D078,0
W8ECA4,1
W8JPI5,0
W8RDP6,1
X2CRN9,0
X2JMS5,1
X2JN77,1
X2KQI5,1
X4YDL4,0
X5JAJ3,1
